Exchange,Symbol,Company Name,Token,Series/Group
BSE,07ABB,07ABB,543076,BSE_EQ
BSE,07ADD,07ADD,543078,BSE_EQ
BSE,07ADR,07ADR,543080,BSE_EQ
BSE,07AGG,07AGG,543071,BSE_EQ
BSE,07AQD,07AQD,543081,BSE_EQ
BSE,07AQR,07AQR,543082,BSE_EQ
BSE,07BPB,07BPB,543072,BSE_EQ
BSE,07DPD,07DPD,543073,BSE_EQ
BSE,07DPR,07DPR,543074,BSE_EQ
BSE,07GPG,07GPG,543079,BSE_EQ
BSE,07QPD,07QPD,543075,BSE_EQ
BSE,07QPR,07QPR,543077,BSE_EQ
BSE,08ABB,08ABB,543151,BSE_EQ
BSE,08ADD,08ADD,543170,BSE_EQ
BSE,08ADR,08ADR,543145,BSE_EQ
BSE,08AGG,08AGG,543153,BSE_EQ
BSE,08AMD,08AMD,543147,BSE_EQ
BSE,08AMR,08AMR,543148,BSE_EQ
BSE,08AQD,08AQD,543155,BSE_EQ
BSE,08AQR,08AQR,543168,BSE_EQ
BSE,08BPB,08BPB,543149,BSE_EQ
BSE,08DPD,08DPD,543156,BSE_EQ
BSE,08DPR,08DPR,543169,BSE_EQ
BSE,08GPG,08GPG,543150,BSE_EQ
BSE,08MPD,08MPD,543144,BSE_EQ
BSE,08MPR,08MPR,543146,BSE_EQ
BSE,08QPD,08QPD,543152,BSE_EQ
BSE,08QPR,08QPR,543154,BSE_EQ
BSE,09AGG,09AGG,543087,BSE_EQ
BSE,09AMD,09AMD,543088,BSE_EQ
BSE,09AMR,09AMR,543089,BSE_EQ
BSE,09AQD,09AQD,543090,BSE_EQ
BSE,09AQR,09AQR,543091,BSE_EQ
BSE,09GPG,09GPG,543092,BSE_EQ
BSE,09MPD,09MPD,543083,BSE_EQ
BSE,09MPR,09MPR,543084,BSE_EQ
BSE,09QPD,09QPD,543085,BSE_EQ
BSE,09QPR,09QPR,543086,BSE_EQ
BSE,10ADD,10ADD,543163,BSE_EQ
BSE,10ADR,10ADR,543164,BSE_EQ
BSE,10AGG,10AGG,543161,BSE_EQ
BSE,10ARD,10ARD,543165,BSE_EQ
BSE,10ARR,10ARR,543166,BSE_EQ
BSE,10DPD,10DPD,543158,BSE_EQ
BSE,10DPR,10DPR,543159,BSE_EQ
BSE,10DRD,10DRD,543160,BSE_EQ
BSE,10DRR,10DRR,543162,BSE_EQ
BSE,10GPG,10GPG,543167,BSE_EQ
BSE,10IGG,10IGG,543157,BSE_EQ
BSE,11ADD,11ADD,543179,BSE_EQ
BSE,11ADR,11ADR,543180,BSE_EQ
BSE,11AGG,11AGG,543181,BSE_EQ
BSE,11AMD,11AMD,543182,BSE_EQ
BSE,11AMR,11AMR,543183,BSE_EQ
BSE,11AQD,11AQD,543184,BSE_EQ
BSE,11AQR,11AQR,543185,BSE_EQ
BSE,11DPD,11DPD,543186,BSE_EQ
BSE,11DPR,11DPR,543173,BSE_EQ
BSE,11GPG,11GPG,543174,BSE_EQ
BSE,11MPD,11MPD,543175,BSE_EQ
BSE,11MPR,11MPR,543176,BSE_EQ
BSE,11QPD,11QPD,543177,BSE_EQ
BSE,11QPR,11QPR,543178,BSE_EQ
BSE,1STCUS,1STCUS,511122,BSE_EQ
BSE,20MICRONS,20MICRONS,533022,BSE_EQ
BSE,21STCENMGM,21STCENMGM,526921,BSE_EQ
BSE,360ONE,360ONE,542772,BSE_EQ
BSE,3BBLACKBIO,3BBLACKBIO,532067,BSE_EQ
BSE,3BFILMS,3BFILMS,544412,BSE_EQ
BSE,3CIT,3CIT,544190,BSE_EQ
BSE,3IINFOLTD,3IINFOLTD,532628,BSE_EQ
BSE,3MINDIA,3MINDIA,523395,BSE_EQ
BSE,3PLAND,3PLAND,516092,BSE_EQ
BSE,4THGEN,4THGEN,532403,BSE_EQ
BSE,5PAISA,5PAISA,540776,BSE_EQ
BSE,63MOONS,63MOONS,526881,BSE_EQ
BSE,7NR,7NR,540615,BSE_EQ
BSE,7SEASL,7SEASL,540874,BSE_EQ
BSE,7TEC,7TEC,532404,BSE_EQ
BSE,A1L,A1L,542012,BSE_EQ
BSE,A2ZINFRA,A2ZINFRA,533292,BSE_EQ
BSE,AAATECH,AAATECH,543671,BSE_EQ
BSE,AADHARHFC,AADHARHFC,544176,BSE_EQ
BSE,AADIIND,AADIIND,530027,BSE_EQ
BSE,AAIL,AAIL,530621,BSE_EQ
BSE,AANCHALISP,AANCHALISP,538812,BSE_EQ
BSE,AAPLUSTRAD,AAPLUSTRAD,543319,BSE_EQ
BSE,AARCON,AARCON,532024,BSE_EQ
BSE,AAREYDRUGS,AAREYDRUGS,524412,BSE_EQ
BSE,AARNAV,AARNAV,539562,BSE_EQ
BSE,AARTECH,AARTECH,542580,BSE_EQ
BSE,AARTIDRUGS,AARTIDRUGS,524348,BSE_EQ
BSE,AARTIIND,AARTIIND,524208,BSE_EQ
BSE,AARTIPHARM,AARTIPHARM,543748,BSE_EQ
BSE,AARTISURF,AARTISURF,543210,BSE_EQ
BSE,AASHKA,AASHKA,543346,BSE_EQ
BSE,AASTAFIN,AASTAFIN,511764,BSE_EQ
BSE,AASTHA,AASTHA,544808,BSE_EQ
BSE,AAVAS,AAVAS,541988,BSE_EQ
BSE,AAYUSH,AAYUSH,539528,BSE_EQ
BSE,AAYUSHBULL,AAYUSHBULL,540718,BSE_EQ
BSE,ABAN,ABAN,523204,BSE_EQ
BSE,ABANSENT,ABANSENT,512165,BSE_EQ
BSE,ABATEAS,ABATEAS,531658,BSE_EQ
BSE,ABB,ABB,500002,BSE_EQ
BSE,ABBOTINDIA,ABBOTINDIA,500488,BSE_EQ
BSE,ABCAPITAL,ABCAPITAL,540691,BSE_EQ
BSE,ABCINDQ,ABCINDQ,520123,BSE_EQ
BSE,ABCOTS,ABCOTS,544522,BSE_EQ
BSE,ABDL,ABDL,544203,BSE_EQ
BSE,ABFRL,ABFRL,535755,BSE_EQ
BSE,ABGSEC,ABGSEC,544211,BSE_EQ
BSE,ABHICAP,ABHICAP,532057,BSE_EQ
BSE,ABHIFIN,ABHIFIN,538935,BSE_EQ
BSE,ABHIINFRA,ABHIINFRA,539544,BSE_EQ
BSE,ABINFRA,ABINFRA,544281,BSE_EQ
BSE,ABIRAFN,ABIRAFN,511756,BSE_EQ
BSE,ABLBL,ABLBL,544403,BSE_EQ
BSE,ABMKNO,ABMKNO,531161,BSE_EQ
BSE,ABREL,ABREL,500040,BSE_EQ
BSE,ABRFL,ABRFL,544422,BSE_EQ
BSE,ABRIL,ABRIL,544500,BSE_EQ
BSE,ABSL10BANK,ABSL10BANK,544719,BSE_EQ
BSE,ABSLAMC,ABSLAMC,543374,BSE_EQ
BSE,ABSLBANETF,ABSLBANETF,542863,BSE_EQ
BSE,ABSLLIQUID,ABSLLIQUID,543813,BSE_EQ
BSE,ABSLMSCIN,ABSLMSCIN,544706,BSE_EQ
BSE,ABSLNN50ET,ABSLNN50ET,542230,BSE_EQ
BSE,ABSLPSE,ABSLPSE,544218,BSE_EQ
BSE,ABVL,ABVL,530881,BSE_EQ
BSE,ACC,ACC,500410,BSE_EQ
BSE,ACCEDERE,ACCEDERE,531533,BSE_EQ
BSE,ACCEL,ACCEL,517494,BSE_EQ
BSE,ACCELERATE,ACCELERATE,543938,BSE_EQ
BSE,ACCELYA,ACCELYA,532268,BSE_EQ
BSE,ACCORDTS,ACCORDTS,544710,BSE_EQ
BSE,ACCURACY,ACCURACY,544598,BSE_EQ
BSE,ACE,ACE,532762,BSE_EQ
BSE,ACEALPHA,ACEALPHA,544431,BSE_EQ
BSE,ACEEDU,ACEEDU,530093,BSE_EQ
BSE,ACEMEN,ACEMEN,539661,BSE_EQ
BSE,ACESOFT,ACESOFT,531525,BSE_EQ
BSE,ACFL,ACFL,541133,BSE_EQ
BSE,ACFSL,ACFSL,536737,BSE_EQ
BSE,ACGL,ACGL,505036,BSE_EQ
BSE,ACHYUT,ACHYUT,543499,BSE_EQ
BSE,ACI,ACI,543657,BSE_EQ
BSE,ACIIN,ACIIN,517356,BSE_EQ
BSE,ACKNIT,ACKNIT,530043,BSE_EQ
BSE,ACL,ACL,532141,BSE_EQ
BSE,ACLD,ACLD,544213,BSE_EQ
BSE,ACME,ACME,539391,BSE_EQ
BSE,ACMESOLAR,ACMESOLAR,544283,BSE_EQ
BSE,ACML,ACML,540146,BSE_EQ
BSE,ACROW,ACROW,513149,BSE_EQ
BSE,ACSTECH,ACSTECH,530745,BSE_EQ
BSE,ACTIVE,ACTIVE,541144,BSE_EQ
BSE,ACUTAAS,ACUTAAS,543349,BSE_EQ
BSE,ADANIENSOL,ADANIENSOL,539254,BSE_EQ
BSE,ADANIENT,ADANIENT,512599,BSE_EQ
BSE,ADANIGREEN,ADANIGREEN,541450,BSE_EQ
BSE,ADANIPORTS,ADANIPORTS,532921,BSE_EQ
BSE,ADANIPOWER,ADANIPOWER,533096,BSE_EQ
BSE,ADARSHPL,ADARSHPL,526711,BSE_EQ
BSE,ADCINDIA,ADCINDIA,523411,BSE_EQ
BSE,ADCON,ADCON,539506,BSE_EQ
BSE,ADCOUNTY,ADCOUNTY,544435,BSE_EQ
BSE,ADDIND,ADDIND,507852,BSE_EQ
BSE,ADESHWAR,ADESHWAR,543309,BSE_EQ
BSE,ADFFOODS,ADFFOODS,519183,BSE_EQ
BSE,ADHBHUTIN,ADHBHUTIN,539189,BSE_EQ
BSE,ADHHATA,ADHHATA,531286,BSE_EQ
BSE,ADINATH,ADINATH,514113,BSE_EQ
BSE,ADISHAKTI,ADISHAKTI,543377,BSE_EQ
BSE,ADITYA,ADITYA,513513,BSE_EQ
BSE,ADITYASP,ADITYASP,521141,BSE_EQ
BSE,ADL,ADL,543231,BSE_EQ
BSE,ADLINE,ADLINE,524604,BSE_EQ
BSE,ADMACH,ADMACH,544669,BSE_EQ
BSE,ADMANUM,ADMANUM,511359,BSE_EQ
BSE,ADON,ADON,544809,BSE_EQ
BSE,ADOR,ADOR,517041,BSE_EQ
BSE,ADROITINFO,ADROITINFO,532172,BSE_EQ
BSE,ADSDIAG,ADSDIAG,523031,BSE_EQ
BSE,ADSL,ADSL,532875,BSE_EQ
BSE,ADTECH,ADTECH,544185,BSE_EQ
BSE,ADVAIT,ADVAIT,543230,BSE_EQ
BSE,ADVANCE,ADVANCE,544562,BSE_EQ
BSE,ADVANIHOTR,ADVANIHOTR,523269,BSE_EQ
BSE,ADVENTHTL,ADVENTHTL,544446,BSE_EQ
BSE,ADVENZYMES,ADVENZYMES,540025,BSE_EQ
BSE,ADVIKCA,ADVIKCA,539773,BSE_EQ
BSE,ADVLIFE,ADVLIFE,521048,BSE_EQ
BSE,ADVMULT,ADVMULT,526331,BSE_EQ
BSE,ADVPETR-B,ADVPETR-B,506947,BSE_EQ
BSE,AEGISLOG,AEGISLOG,500003,BSE_EQ
BSE,AEGISVOPAK,AEGISVOPAK,544407,BSE_EQ
BSE,AEIM,AEIM,526443,BSE_EQ
BSE,AEL,AEL,539196,BSE_EQ
BSE,AEONXDIGI,AEONXDIGI,524594,BSE_EQ
BSE,AEPL,AEPL,542670,BSE_EQ
BSE,AEQUS,AEQUS,544634,BSE_EQ
BSE,AEROENTER,AEROENTER,511076,BSE_EQ
BSE,AEROFLEX,AEROFLEX,543972,BSE_EQ
BSE,AERONEU,AERONEU,543743,BSE_EQ
BSE,AERPACE,AERPACE,534733,BSE_EQ
BSE,AETHER,AETHER,543534,BSE_EQ
BSE,AFCOM,AFCOM,544224,BSE_EQ
BSE,AFCONS,AFCONS,544280,BSE_EQ
BSE,AFEL,AFEL,538351,BSE_EQ
BSE,AFFLE,AFFLE,542752,BSE_EQ
BSE,AFFORDABLE,AFFORDABLE,541402,BSE_EQ
BSE,AFIL,AFIL,544200,BSE_EQ
BSE,AFLTD,AFLTD,544767,BSE_EQ
BSE,AFSL,AFSL,543712,BSE_EQ
BSE,AGARIND,AGARIND,531921,BSE_EQ
BSE,AGARWAL,AGARWAL,530765,BSE_EQ
BSE,AGARWALEYE,AGARWALEYE,544350,BSE_EQ
BSE,AGI,AGI,500187,BSE_EQ
BSE,AGIIL,AGIIL,539042,BSE_EQ
BSE,AGIOPAPER,AGIOPAPER,516020,BSE_EQ
BSE,AGL,AGL,544602,BSE_EQ
BSE,AGOL,AGOL,542579,BSE_EQ
BSE,AGRIBIO,AGRIBIO,539546,BSE_EQ
BSE,AGRITECH,AGRITECH,537292,BSE_EQ
BSE,AGVENTURES,AGVENTURES,506579,BSE_EQ
BSE,AHASOLAR,AHASOLAR,543941,BSE_EQ
BSE,AHCL,AHCL,544497,BSE_EQ
BSE,AHLEAST,AHLEAST,533227,BSE_EQ
BSE,AHLUCONT,AHLUCONT,532811,BSE_EQ
BSE,AHLWEST,AHLWEST,533221,BSE_EQ
BSE,AHMDSTE,AHMDSTE,522273,BSE_EQ
BSE,AIAENG,AIAENG,532683,BSE_EQ
BSE,AICHAMP,AICHAMP,532806,BSE_EQ
BSE,AIHL,AIHL,542524,BSE_EQ
BSE,AIIL,AIIL,539177,BSE_EQ
BSE,AIKPIPES,AIKPIPES,544072,BSE_EQ
BSE,AIMCOPEST,AIMCOPEST,524288,BSE_EQ
BSE,AIML,AIML,534064,BSE_EQ
BSE,AIRAN,AIRAN,543811,BSE_EQ
BSE,AIRFLOA,AIRFLOA,544516,BSE_EQ
BSE,AJANTPHARM,AJANTPHARM,532331,BSE_EQ
BSE,AJANTSOY,AJANTSOY,519216,BSE_EQ
BSE,AJAXENGG,AJAXENGG,544356,BSE_EQ
BSE,AJCJEWEL,AJCJEWEL,544425,BSE_EQ
BSE,AJCON,AJCON,511692,BSE_EQ
BSE,AJMERA,AJMERA,513349,BSE_EQ
BSE,AJWAFUN,AJWAFUN,526628,BSE_EQ
BSE,AKCAPIT,AKCAPIT,530499,BSE_EQ
BSE,AKI,AKI,542020,BSE_EQ
BSE,AKSHAR,AKSHAR,541303,BSE_EQ
BSE,AKSHARCHEM,AKSHARCHEM,524598,BSE_EQ
BSE,AKSHOPTFBR,AKSHOPTFBR,532351,BSE_EQ
BSE,AKUMS,AKUMS,544222,BSE_EQ
BSE,ALANKIT,ALANKIT,531082,BSE_EQ
BSE,ALANSCOTT,ALANSCOTT,539115,BSE_EQ
BSE,ALBERTDAVD,ALBERTDAVD,524075,BSE_EQ
BSE,ALEMBICLTD,ALEMBICLTD,506235,BSE_EQ
BSE,ALEXANDER,ALEXANDER,511463,BSE_EQ
BSE,ALFAICA,ALFAICA,530973,BSE_EQ
BSE,ALFATRAN,ALFATRAN,517546,BSE_EQ
BSE,ALFAVIO,ALFAVIO,531156,BSE_EQ
BSE,ALFL,ALFL,538952,BSE_EQ
BSE,ALFREDHE,ALFREDHE,505216,BSE_EQ
BSE,ALGOQUANT,ALGOQUANT,505725,BSE_EQ
BSE,ALICON,ALICON,531147,BSE_EQ
BSE,ALIVUS,ALIVUS,543322,BSE_EQ
BSE,ALKALI,ALKALI,533029,BSE_EQ
BSE,ALKEM,ALKEM,539523,BSE_EQ
BSE,ALKOSIGN,ALKOSIGN,543453,BSE_EQ
BSE,ALKYLAMINE,ALKYLAMINE,506767,BSE_EQ
BSE,ALLCARGO,ALLCARGO,532749,BSE_EQ
BSE,ALLDIGI,ALLDIGI,532633,BSE_EQ
BSE,ALLTIME,ALLTIME,544479,BSE_EQ
BSE,ALMONDZ,ALMONDZ,531400,BSE_EQ
BSE,ALNATRD,ALNATRD,506120,BSE_EQ
BSE,ALOKINDS,ALOKINDS,521070,BSE_EQ
BSE,ALPA,ALPA,532878,BSE_EQ
BSE,ALPHA,ALPHA,590154,BSE_EQ
BSE,ALPHAETF,ALPHAETF,544007,BSE_EQ
BSE,ALPHAGEO,ALPHAGEO,526397,BSE_EQ
BSE,ALPHAIND,ALPHAIND,543937,BSE_EQ
BSE,ALPHALOGIC,ALPHALOGIC,542770,BSE_EQ
BSE,ALPINEHOU,ALPINEHOU,526519,BSE_EQ
BSE,ALPL30IETF,ALPL30IETF,543219,BSE_EQ
BSE,ALSL,ALSL,535916,BSE_EQ
BSE,ALTIUSINVIT,ALTIUSINVIT,543225,BSE_EQ
BSE,ALUFLUOR,ALUFLUOR,524634,BSE_EQ
BSE,AMAGI,AMAGI,544679,BSE_EQ
BSE,AMAL,AMAL,506597,BSE_EQ
BSE,AMALGAM,AMALGAM,501622,BSE_EQ
BSE,AMANAYA,AMANAYA,543804,BSE_EQ
BSE,AMANTA,AMANTA,544502,BSE_EQ
BSE,AMARJOTHI,AMARJOTHI,521097,BSE_EQ
BSE,AMARNATH,AMARNATH,538863,BSE_EQ
BSE,AMARSEC,AMARSEC,538465,BSE_EQ
BSE,AMBALALSA,AMBALALSA,500009,BSE_EQ
BSE,AMBARPIL,AMBARPIL,519471,BSE_EQ
BSE,AMBER,AMBER,540902,BSE_EQ
BSE,AMBICAAGAR,AMBICAAGAR,532335,BSE_EQ
BSE,AMBIKCO,AMBIKCO,531978,BSE_EQ
BSE,AMBIT,AMBIT,526439,BSE_EQ
BSE,AMBOAGRI,AMBOAGRI,543678,BSE_EQ
BSE,AMBUJACEM,AMBUJACEM,500425,BSE_EQ
BSE,AMCOIND,AMCOIND,530133,BSE_EQ
BSE,AMDIND,AMDIND,532828,BSE_EQ
BSE,AMEENJI,AMEENJI,544555,BSE_EQ
BSE,AMERISE,AMERISE,531681,BSE_EQ
BSE,AMFORG,AMFORG,513117,BSE_EQ
BSE,AMIC,AMIC,544037,BSE_EQ
BSE,AMINTAN,AMINTAN,541771,BSE_EQ
BSE,AMIRCHAND,AMIRCHAND,544743,BSE_EQ
BSE,AMITSEC,AMITSEC,531557,BSE_EQ
BSE,AMJLAND,AMJLAND,500343,BSE_EQ
BSE,AMKAY,AMKAY,544169,BSE_EQ
BSE,AMNPLST,AMNPLST,506248,BSE_EQ
BSE,AMPL,AMPL,539598,BSE_EQ
BSE,AMPVOLTS,AMPVOLTS,535719,BSE_EQ
BSE,AMRAAGRI,AMRAAGRI,531991,BSE_EQ
BSE,AMRAFIN,AMRAFIN,539265,BSE_EQ
BSE,AMRAPLIN,AMRAPLIN,526241,BSE_EQ
BSE,AMRUTANJAN,AMRUTANJAN,590006,BSE_EQ
BSE,AMS,AMS,540066,BSE_EQ
BSE,AMTL,AMTL,534612,BSE_EQ
BSE,AMWILL,AMWILL,544353,BSE_EQ
BSE,ANANDPROJ,ANANDPROJ,501630,BSE_EQ
BSE,ANANDRATHI,ANANDRATHI,543415,BSE_EQ
BSE,ANANTAM,ANANTAM,544579,BSE_EQ
BSE,ANANTRAJ,ANANTRAJ,515055,BSE_EQ
BSE,ANDHRAPAP,ANDHRAPAP,502330,BSE_EQ
BSE,ANDHRAPET,ANDHRAPET,500012,BSE_EQ
BSE,ANDHRSUGAR,ANDHRSUGAR,590062,BSE_EQ
BSE,ANDREWYU,ANDREWYU,526173,BSE_EQ
BSE,ANG,ANG,540694,BSE_EQ
BSE,ANGEL,ANGEL,541006,BSE_EQ
BSE,ANGELONE,ANGELONE,543235,BSE_EQ
BSE,ANIKINDS,ANIKINDS,519383,BSE_EQ
BSE,ANIRIT,ANIRIT,530705,BSE_EQ
BSE,ANJANI,ANJANI,531223,BSE_EQ
BSE,ANJANIFIN,ANJANIFIN,531878,BSE_EQ
BSE,ANJANIFOODS,ANJANIFOODS,511153,BSE_EQ
BSE,ANKIN,ANKIN,531673,BSE_EQ
BSE,ANKITMETAL,ANKITMETAL,532870,BSE_EQ
BSE,ANL,ANL,544694,BSE_EQ
BSE,ANMOL,ANMOL,542437,BSE_EQ
BSE,ANNAINFRA,ANNAINFRA,530799,BSE_EQ
BSE,ANSALAPI,ANSALAPI,500013,BSE_EQ
BSE,ANSALBU,ANSALBU,523007,BSE_EQ
BSE,ANSALHSG,ANSALHSG,507828,BSE_EQ
BSE,ANSINDUS,ANSINDUS,531406,BSE_EQ
BSE,ANTARIKSH,ANTARIKSH,501270,BSE_EQ
BSE,ANTELOPUS,ANTELOPUS,530075,BSE_EQ
BSE,ANTHEM,ANTHEM,544449,BSE_EQ
BSE,ANUBHAV,ANUBHAV,544800,BSE_EQ
BSE,ANUHPHR,ANUHPHR,506260,BSE_EQ
BSE,ANUP,ANUP,542460,BSE_EQ
BSE,ANUPAM,ANUPAM,530109,BSE_EQ
BSE,ANURAS,ANURAS,543275,BSE_EQ
BSE,ANUROOP,ANUROOP,542865,BSE_EQ
BSE,ANVRDHI,ANVRDHI,538539,BSE_EQ
BSE,ANZEN,ANZEN,543655,BSE_EQ
BSE,APARINDS,APARINDS,532259,BSE_EQ
BSE,APCL,APCL,518091,BSE_EQ
BSE,APCOTEXIND,APCOTEXIND,523694,BSE_EQ
BSE,APEX,APEX,540692,BSE_EQ
BSE,APIS,APIS,506166,BSE_EQ
BSE,APL,APL,544445,BSE_EQ
BSE,APLAB,APLAB,517096,BSE_EQ
BSE,APLAPOLLO,APLAPOLLO,533758,BSE_EQ
BSE,APLLTD,APLLTD,533573,BSE_EQ
BSE,APMIN,APMIN,523537,BSE_EQ
BSE,APOLLO,APOLLO,540879,BSE_EQ
BSE,APOLLOFI,APOLLOFI,512437,BSE_EQ
BSE,APOLLOHOSP,APOLLOHOSP,508869,BSE_EQ
BSE,APOLLOIN,APOLLOIN,503639,BSE_EQ
BSE,APOLLOPIPE,APOLLOPIPE,531761,BSE_EQ
BSE,APOLLOTYRE,APOLLOTYRE,500877,BSE_EQ
BSE,APOORVA,APOORVA,539545,BSE_EQ
BSE,APPL,APPL,544529,BSE_EQ
BSE,APTECHT,APTECHT,532475,BSE_EQ
BSE,APTPACK,APTPACK,506979,BSE_EQ
BSE,APTUS,APTUS,543335,BSE_EQ
BSE,AQYLON,AQYLON,530943,BSE_EQ
BSE,ARAVALIS,ARAVALIS,512344,BSE_EQ
BSE,ARCFIN,ARCFIN,540135,BSE_EQ
BSE,ARCHIDPLY,ARCHIDPLY,532994,BSE_EQ
BSE,ARCHIES,ARCHIES,532212,BSE_EQ
BSE,ARCHITORG,ARCHITORG,524640,BSE_EQ
BSE,ARCL,ARCL,543993,BSE_EQ
BSE,ARDIALL,ARDIALL,504370,BSE_EQ
BSE,ARE&M,ARE&M,500008,BSE_EQ
BSE,ARENTERP,ARENTERP,526662,BSE_EQ
BSE,AREXMIS,AREXMIS,526851,BSE_EQ
BSE,ARFIN,ARFIN,539151,BSE_EQ
BSE,ARIES,ARIES,532935,BSE_EQ
BSE,ARIGATO,ARIGATO,530267,BSE_EQ
BSE,ARIHANT,ARIHANT,531381,BSE_EQ
BSE,ARIHANTCAP,ARIHANTCAP,511605,BSE_EQ
BSE,ARIHANTSUP,ARIHANTSUP,506194,BSE_EQ
BSE,ARIS,ARIS,544419,BSE_EQ
BSE,ARISE,ARISE,531017,BSE_EQ
BSE,ARITAS,ARITAS,544683,BSE_EQ
BSE,ARKADE,ARKADE,544261,BSE_EQ
BSE,ARL,ARL,542721,BSE_EQ
BSE,ARMAN,ARMAN,538556,BSE_EQ
BSE,ARMANFIN,ARMANFIN,531179,BSE_EQ
BSE,ARNOLD,ARNOLD,537069,BSE_EQ
BSE,AROGRANITE,AROGRANITE,513729,BSE_EQ
BSE,ARROWGREEN,ARROWGREEN,516064,BSE_EQ
BSE,ARROWHEAD,ARROWHEAD,544025,BSE_EQ
BSE,ARSHIYA,ARSHIYA,506074,BSE_EQ
BSE,ARSIFHDAD,ARSIFHDAD,544749,BSE_EQ
BSE,ARSIFHDG,ARSIFHDG,544691,BSE_EQ
BSE,ARSIFHRG,ARSIFHRG,544689,BSE_EQ
BSE,ARSIFHRHD,ARSIFHRHD,544692,BSE_EQ
BSE,ARSIFHRMD,ARSIFHRMD,544690,BSE_EQ
BSE,ARSSBL,ARSSBL,544530,BSE_EQ
BSE,ARTEFACT,ARTEFACT,531297,BSE_EQ
BSE,ARTEMISADR,ARTEMISADR,543286,BSE_EQ
BSE,ARTEMISMED,ARTEMISMED,542919,BSE_EQ
BSE,ARTSON,ARTSON,522134,BSE_EQ
BSE,ARUNAHTEL,ARUNAHTEL,500016,BSE_EQ
BSE,ARVAYA,ARVAYA,524723,BSE_EQ
BSE,ARVIND,ARVIND,500101,BSE_EQ
BSE,ARVINDFASN,ARVINDFASN,542484,BSE_EQ
BSE,ARVSMART,ARVSMART,539301,BSE_EQ
BSE,ARYACAPM,ARYACAPM,538716,BSE_EQ
BSE,ARYAMAN,ARYAMAN,530245,BSE_EQ
BSE,ARYAN,ARYAN,542176,BSE_EQ
BSE,ARYAVAN,ARYAVAN,539455,BSE_EQ
BSE,ASAHIINDIA,ASAHIINDIA,515030,BSE_EQ
BSE,ASAHISONG,ASAHISONG,532853,BSE_EQ
BSE,ASAL,ASAL,520119,BSE_EQ
BSE,ASALCBR,ASALCBR,507526,BSE_EQ
BSE,ASARFI,ASARFI,543943,BSE_EQ
BSE,ASCENSIVE,ASCENSIVE,543443,BSE_EQ
BSE,ASGARD,ASGARD,512025,BSE_EQ
BSE,ASHAI,ASHAI,519174,BSE_EQ
BSE,ASHAPURMIN,ASHAPURMIN,527001,BSE_EQ
BSE,ASHCAP,ASHCAP,512247,BSE_EQ
BSE,ASHIANA,ASHIANA,523716,BSE_EQ
BSE,ASHIKA,ASHIKA,543766,BSE_EQ
BSE,ASHIMASYN,ASHIMASYN,514286,BSE_EQ
BSE,ASHISHPO,ASHISHPO,530429,BSE_EQ
BSE,ASHNI,ASHNI,541702,BSE_EQ
BSE,ASHNOOR,ASHNOOR,507872,BSE_EQ
BSE,ASHOKA,ASHOKA,533271,BSE_EQ
BSE,ASHOKAMET,ASHOKAMET,540923,BSE_EQ
BSE,ASHOKLEY,ASHOKLEY,500477,BSE_EQ
BSE,ASHRAM,ASHRAM,526187,BSE_EQ
BSE,ASHSI,ASHSI,526847,BSE_EQ
BSE,ASHUTPM,ASHUTPM,531568,BSE_EQ
BSE,ASIACAP,ASIACAP,538777,BSE_EQ
BSE,ASIAN,ASIAN,543927,BSE_EQ
BSE,ASIANENE,ASIANENE,530355,BSE_EQ
BSE,ASIANHOTNR,ASIANHOTNR,500023,BSE_EQ
BSE,ASIANPAINT,ASIANPAINT,500820,BSE_EQ
BSE,ASIANTILES,ASIANTILES,532888,BSE_EQ
BSE,ASIANTNE,ASIANTNE,519532,BSE_EQ
BSE,ASIAPAK,ASIAPAK,530899,BSE_EQ
BSE,ASIIL,ASIIL,502015,BSE_EQ
BSE,ASINPET,ASINPET,524434,BSE_EQ
BSE,ASITCFIN,ASITCFIN,530723,BSE_EQ
BSE,ASKAUTOLTD,ASKAUTOLTD,544022,BSE_EQ
BSE,ASMS,ASMS,532694,BSE_EQ
BSE,ASMTEC,ASMTEC,526433,BSE_EQ
BSE,ASPIRA,ASPIRA,540788,BSE_EQ
BSE,ASRL,ASRL,541865,BSE_EQ
BSE,ASSAMENT,ASSAMENT,542911,BSE_EQ
BSE,ASSOCER,ASSOCER,531168,BSE_EQ
BSE,ASSOCIATED,ASSOCIATED,544183,BSE_EQ
BSE,ASTALLTD,ASTALLTD,512600,BSE_EQ
BSE,ASTAR,ASTAR,531847,BSE_EQ
BSE,ASTEC,ASTEC,533138,BSE_EQ
BSE,ASTERDM,ASTERDM,540975,BSE_EQ
BSE,ASTONEALAB,ASTONEALAB,544409,BSE_EQ
BSE,ASTRAL,ASTRAL,532830,BSE_EQ
BSE,ASTRAMICRO,ASTRAMICRO,532493,BSE_EQ
BSE,ASTRAZEN,ASTRAZEN,506820,BSE_EQ
BSE,ASTRON,ASTRON,540824,BSE_EQ
BSE,ASTRONMULT,ASTRONMULT,544628,BSE_EQ
BSE,ASUTENT,ASUTENT,512433,BSE_EQ
BSE,ATALREAL,ATALREAL,543911,BSE_EQ
BSE,ATAM,ATAM,543236,BSE_EQ
BSE,ATENPAPERS,ATENPAPERS,544417,BSE_EQ
BSE,ATGL,ATGL,542066,BSE_EQ
BSE,ATHARVA,ATHARVA,544812,BSE_EQ
BSE,ATHARVENT,ATHARVENT,530187,BSE_EQ
BSE,ATHCON,ATHCON,539099,BSE_EQ
BSE,ATHENAGLO,ATHENAGLO,517429,BSE_EQ
BSE,ATHERENERG,ATHERENERG,544397,BSE_EQ
BSE,ATIL,ATIL,544671,BSE_EQ
BSE,ATISHAY,ATISHAY,538713,BSE_EQ
BSE,ATL,ATL,543954,BSE_EQ
BSE,ATLANTAA,ATLANTAA,532759,BSE_EQ
BSE,ATLANTAELE,ATLANTAELE,544527,BSE_EQ
BSE,ATLASCYCLE,ATLASCYCLE,505029,BSE_EQ
BSE,ATUL,ATUL,500027,BSE_EQ
BSE,ATULAUTO,ATULAUTO,531795,BSE_EQ
BSE,ATVOENT,ATVOENT,532090,BSE_EQ
BSE,ATVPR,ATVPR,500028,BSE_EQ
BSE,AUBANK,AUBANK,540611,BSE_EQ
BSE,AUREATE,AUREATE,544772,BSE_EQ
BSE,AURIONPRO,AURIONPRO,532668,BSE_EQ
BSE,AUROLAB,AUROLAB,530233,BSE_EQ
BSE,AUROPHARMA,AUROPHARMA,524804,BSE_EQ
BSE,AURUM,AURUM,539289,BSE_EQ
BSE,AURUS,AURUS,534532,BSE_EQ
BSE,AUSOMENT,AUSOMENT,509009,BSE_EQ
BSE,AUSTENG,AUSTENG,522005,BSE_EQ
BSE,AUSTERE,AUSTERE,544505,BSE_EQ
BSE,AUTOAXLES,AUTOAXLES,505010,BSE_EQ
BSE,AUTOIETF,AUTOIETF,543450,BSE_EQ
BSE,AUTOIND,AUTOIND,532797,BSE_EQ
BSE,AUTOINT,AUTOINT,512277,BSE_EQ
BSE,AUTOPINS,AUTOPINS,531994,BSE_EQ
BSE,AUTOPRD,AUTOPRD,505032,BSE_EQ
BSE,AVADHSUGAR,AVADHSUGAR,540649,BSE_EQ
BSE,AVAILFC,AVAILFC,531310,BSE_EQ
BSE,AVALON,AVALON,543896,BSE_EQ
BSE,AVANCE,AVANCE,512149,BSE_EQ
BSE,AVANTEL,AVANTEL,532406,BSE_EQ
BSE,AVANTIFEED,AVANTIFEED,512573,BSE_EQ
BSE,AVAX,AVAX,544337,BSE_EQ
BSE,AVEER,AVEER,543737,BSE_EQ
BSE,AVG,AVG,543910,BSE_EQ
BSE,AVIVA,AVIVA,512109,BSE_EQ
BSE,AVL,AVL,540205,BSE_EQ
BSE,AVONMERC,AVONMERC,512265,BSE_EQ
BSE,AVONMORE,AVONMORE,511589,BSE_EQ
BSE,AVROIND,AVROIND,543512,BSE_EQ
BSE,AVTNPL,AVTNPL,519105,BSE_EQ
BSE,AWFIS,AWFIS,544181,BSE_EQ
BSE,AWHCL,AWHCL,543254,BSE_EQ
BSE,AWL,AWL,543458,BSE_EQ
BSE,AXELPOLY,AXELPOLY,513642,BSE_EQ
BSE,AXISBANK,AXISBANK,532215,BSE_EQ
BSE,AXISCADES,AXISCADES,532395,BSE_EQ
BSE,AXISWSDG,AXISWSDG,543832,BSE_EQ
BSE,AXISWSDQ,AXISWSDQ,543833,BSE_EQ
BSE,AXISWSGP,AXISWSGP,543834,BSE_EQ
BSE,AXISWSHD,AXISWSHD,543836,BSE_EQ
BSE,AXISWSQD,AXISWSQD,543835,BSE_EQ
BSE,AXITA,AXITA,542285,BSE_EQ
BSE,AXTEL,AXTEL,523850,BSE_EQ
BSE,AYE,AYE,544699,BSE_EQ
BSE,AYMSYNTEX,AYMSYNTEX,508933,BSE_EQ
BSE,AZAD,AZAD,544061,BSE_EQ
BSE,AZADIND,AZADIND,504731,BSE_EQ
BSE,AZTEC,AZTEC,544177,BSE_EQ
BSE,B2BSOFT,B2BSOFT,531268,BSE_EQ
BSE,BABA,BABA,532380,BSE_EQ
BSE,BACPHAR,BACPHAR,524516,BSE_EQ
BSE,BAFNAPH,BAFNAPH,532989,BSE_EQ
BSE,BAGFILMS,BAGFILMS,532507,BSE_EQ
BSE,BAGMANE,BAGMANE,544758,BSE_EQ
BSE,BAIDFIN,BAIDFIN,511724,BSE_EQ
BSE,BAIKAKAJI,BAIKAKAJI,544670,BSE_EQ
BSE,BAJAJ-AUTO,BAJAJ-AUTO,532977,BSE_EQ
BSE,BAJAJCON,BAJAJCON,533229,BSE_EQ
BSE,BAJAJELEC,BAJAJELEC,500031,BSE_EQ
BSE,BAJAJFINSV,BAJAJFINSV,532978,BSE_EQ
BSE,BAJAJHCARE,BAJAJHCARE,539872,BSE_EQ
BSE,BAJAJHFL,BAJAJHFL,544252,BSE_EQ
BSE,BAJAJHIND,BAJAJHIND,500032,BSE_EQ
BSE,BAJAJHLDNG,BAJAJHLDNG,500490,BSE_EQ
BSE,BAJAJINDEF,BAJAJINDEF,544364,BSE_EQ
BSE,BAJAJST,BAJAJST,507944,BSE_EQ
BSE,BAJEL,BAJEL,544042,BSE_EQ
BSE,BAJFINANCE,BAJFINANCE,500034,BSE_EQ
BSE,BAJGLOB,BAJGLOB,512261,BSE_EQ
BSE,BALAJEE,BALAJEE,544249,BSE_EQ
BSE,BALAJITELE,BALAJITELE,532382,BSE_EQ
BSE,BALAMINES,BALAMINES,530999,BSE_EQ
BSE,BALGOPAL,BALGOPAL,539834,BSE_EQ
BSE,BALKRISHNA,BALKRISHNA,539251,BSE_EQ
BSE,BALKRISIND,BALKRISIND,502355,BSE_EQ
BSE,BALMLAWRIE,BALMLAWRIE,523319,BSE_EQ
BSE,BALPHARMA,BALPHARMA,524824,BSE_EQ
BSE,BALRAMCHIN,BALRAMCHIN,500038,BSE_EQ
BSE,BALTE,BALTE,520127,BSE_EQ
BSE,BALUFORGE,BALUFORGE,531112,BSE_EQ
BSE,BAMBINO,BAMBINO,519295,BSE_EQ
BSE,BAMPSL,BAMPSL,531591,BSE_EQ
BSE,BANARBEADS,BANARBEADS,526849,BSE_EQ
BSE,BANARISUG,BANARISUG,500041,BSE_EQ
BSE,BANASFN,BANASFN,509053,BSE_EQ
BSE,BANCOINDIA,BANCOINDIA,500039,BSE_EQ
BSE,BANDARAM,BANDARAM,524602,BSE_EQ
BSE,BANDHANBNK,BANDHANBNK,541153,BSE_EQ
BSE,BANG,BANG,532946,BSE_EQ
BSE,BANK10ADD,BANK10ADD,544725,BSE_EQ
BSE,BANKADD,BANKADD,543738,BSE_EQ
BSE,BANKBARODA,BANKBARODA,532134,BSE_EQ
BSE,BANKBEES,BANKBEES,590106,BSE_EQ
BSE,BANKBETA,BANKBETA,543226,BSE_EQ
BSE,BANKBETF,BANKBETF,544093,BSE_EQ
BSE,BANKETF,BANKETF,543944,BSE_EQ
BSE,BANKIETF,BANKIETF,542730,BSE_EQ
BSE,BANKINDIA,BANKINDIA,532149,BSE_EQ
BSE,BANKNIFTY1,BANKNIFTY1,590136,BSE_EQ
BSE,BANKPSU,BANKPSU,544266,BSE_EQ
BSE,BANSALWIRE,BANSALWIRE,544209,BSE_EQ
BSE,BANSTEA,BANSTEA,519353,BSE_EQ
BSE,BANSWRAS,BANSWRAS,503722,BSE_EQ
BSE,BAPACK,BAPACK,523186,BSE_EQ
BSE,BARODARY,BARODARY,500270,BSE_EQ
BSE,BAROEXT,BAROEXT,513502,BSE_EQ
BSE,BASANTGL,BASANTGL,524687,BSE_EQ
BSE,BASF,BASF,500042,BSE_EQ
BSE,BASML,BASML,532674,BSE_EQ
BSE,BATAINDIA,BATAINDIA,500043,BSE_EQ
BSE,BATLIBOI,BATLIBOI,522004,BSE_EQ
BSE,BAYERCROP,BAYERCROP,506285,BSE_EQ
BSE,BAZELINTER,BAZELINTER,539946,BSE_EQ
BSE,BBETF0432,BBETF0432,543418,BSE_EQ
BSE,BBL,BBL,503960,BSE_EQ
BSE,BBNPNBETF,BBNPNBETF,544196,BSE_EQ
BSE,BBNPPGOLD,BBNPPGOLD,544043,BSE_EQ
BSE,BBOX,BBOX,500463,BSE_EQ
BSE,BBTC,BBTC,501425,BSE_EQ
BSE,BBTCL,BBTCL,543668,BSE_EQ
BSE,BCCFUBA,BCCFUBA,517246,BSE_EQ
BSE,BCCL,BCCL,543497,BSE_EQ
BSE,BCG,BCG,532368,BSE_EQ
BSE,BCLIND,BCLIND,524332,BSE_EQ
BSE,BCONCEPTS,BCONCEPTS,543442,BSE_EQ
BSE,BCP,BCP,537766,BSE_EQ
BSE,BCPL,BCPL,542057,BSE_EQ
BSE,BDH,BDH,524828,BSE_EQ
BSE,BDI,BDI,544468,BSE_EQ
BSE,BDL,BDL,541143,BSE_EQ
BSE,BECTORFOOD,BECTORFOOD,543253,BSE_EQ
BSE,BEDMUTHA,BEDMUTHA,533270,BSE_EQ
BSE,BEEKAY,BEEKAY,539018,BSE_EQ
BSE,BEEYU,BEEYU,532645,BSE_EQ
BSE,BEEZAASAN,BEEZAASAN,544369,BSE_EQ
BSE,BEFOUNDMOL,BEFOUNDMOL,511585,BSE_EQ
BSE,BEL,BEL,500049,BSE_EQ
BSE,BELDING,BELDING,513307,BSE_EQ
BSE,BELLACASA,BELLACASA,539399,BSE_EQ
BSE,BELRISE,BELRISE,544405,BSE_EQ
BSE,BEMHY,BEMHY,522650,BSE_EQ
BSE,BEML,BEML,500048,BSE_EQ
BSE,BENARA,BENARA,541178,BSE_EQ
BSE,BENARAS,BENARAS,509438,BSE_EQ
BSE,BENCHMARK,BENCHMARK,544052,BSE_EQ
BSE,BENGALASM,BENGALASM,533095,BSE_EQ
BSE,BENGALS,BENGALS,512404,BSE_EQ
BSE,BENGALT,BENGALT,532230,BSE_EQ
BSE,BENTCOM,BENTCOM,512195,BSE_EQ
BSE,BEPL,BEPL,500052,BSE_EQ
BSE,BERGEPAINT,BERGEPAINT,509480,BSE_EQ
BSE,BERLDRG,BERLDRG,524606,BSE_EQ
BSE,BERVINL,BERVINL,531340,BSE_EQ
BSE,BERYLSE,BERYLSE,531582,BSE_EQ
BSE,BESTAGRO,BESTAGRO,539660,BSE_EQ
BSE,BESTEAST,BESTEAST,508664,BSE_EQ
BSE,BETXIND,BETXIND,512477,BSE_EQ
BSE,BFINVEST,BFINVEST,533303,BSE_EQ
BSE,BFLAFL,BFLAFL,539662,BSE_EQ
BSE,BFSI,BFSI,543323,BSE_EQ
BSE,BFUTILITIE,BFUTILITIE,532430,BSE_EQ
BSE,BGDL,BGDL,521238,BSE_EQ
BSE,BGIL,BGIL,511664,BSE_EQ
BSE,BGRENERGY,BGRENERGY,532930,BSE_EQ
BSE,BGWTATO,BGWTATO,504646,BSE_EQ
BSE,BHAGCHEM,BHAGCHEM,531719,BSE_EQ
BSE,BHAGERIA,BHAGERIA,530803,BSE_EQ
BSE,BHAGGAS,BHAGGAS,500051,BSE_EQ
BSE,BHAGWOX,BHAGWOX,509449,BSE_EQ
BSE,BHAGYANGR,BHAGYANGR,512296,BSE_EQ
BSE,BHANDARI,BHANDARI,512608,BSE_EQ
BSE,BHANDERI,BHANDERI,538576,BSE_EQ
BSE,BHARAT,BHARAT,511501,BSE_EQ
BSE,BHARATAGRI,BHARATAGRI,531862,BSE_EQ
BSE,BHARATCOAL,BHARATCOAL,544678,BSE_EQ
BSE,BHARATFORG,BHARATFORG,500493,BSE_EQ
BSE,BHARATGEAR,BHARATGEAR,505688,BSE_EQ
BSE,BHARATRAS,BHARATRAS,590021,BSE_EQ
BSE,BHARATROHAN,BHARATROHAN,544535,BSE_EQ
BSE,BHARATSE,BHARATSE,523229,BSE_EQ
BSE,BHARATWIRE,BHARATWIRE,539799,BSE_EQ
BSE,BHARTIARTL,BHARTIARTL,532454,BSE_EQ
BSE,BHARTIHEXA,BHARTIHEXA,544162,BSE_EQ
BSE,BHASKAGR,BHASKAGR,524534,BSE_EQ
BSE,BHATIA,BHATIA,540956,BSE_EQ
BSE,BHAVIK,BHAVIK,544551,BSE_EQ
BSE,BHEL,BHEL,500103,BSE_EQ
BSE,BHILSPIN,BHILSPIN,514272,BSE_EQ
BSE,BHUDEVI,BHUDEVI,526488,BSE_EQ
BSE,BI,BI,526853,BSE_EQ
BSE,BIBCL,BIBCL,524663,BSE_EQ
BSE,BIGBLOC,BIGBLOC,540061,BSE_EQ
BSE,BIHSPONG,BIHSPONG,500058,BSE_EQ
BSE,BIKAJI,BIKAJI,543653,BSE_EQ
BSE,BIL,BIL,526666,BSE_EQ
BSE,BILLWIN,BILLWIN,543209,BSE_EQ
BSE,BILVYAPAR,BILVYAPAR,500059,BSE_EQ
BSE,BIMETAL,BIMETAL,505681,BSE_EQ
BSE,BINDALEXPO,BINDALEXPO,540148,BSE_EQ
BSE,BIOCON,BIOCON,532523,BSE_EQ
BSE,BIOFILCHEM,BIOFILCHEM,524396,BSE_EQ
BSE,BIOGEN,BIOGEN,531752,BSE_EQ
BSE,BIRET,BIRET,543261,BSE_EQ
BSE,BIRLACABLE,BIRLACABLE,500060,BSE_EQ
BSE,BIRLACORPN,BIRLACORPN,500335,BSE_EQ
BSE,BIRLACOT,BIRLACOT,533006,BSE_EQ
BSE,BIRLAMONEY,BIRLAMONEY,532974,BSE_EQ
BSE,BIRLANU,BIRLANU,509675,BSE_EQ
BSE,BIRLAPREC,BIRLAPREC,522105,BSE_EQ
BSE,BITS,BITS,526709,BSE_EQ
BSE,BIZOTIC,BIZOTIC,543926,BSE_EQ
BSE,BKV,BKV,519500,BSE_EQ
BSE,BLACKBUCK,BLACKBUCK,544288,BSE_EQ
BSE,BLACKROSE,BLACKROSE,514183,BSE_EQ
BSE,BLAL,BLAL,543898,BSE_EQ
BSE,BLBLIMITED,BLBLIMITED,532290,BSE_EQ
BSE,BLIL,BLIL,532485,BSE_EQ
BSE,BLISSGVS,BLISSGVS,506197,BSE_EQ
BSE,BLKASHYAP,BLKASHYAP,532719,BSE_EQ
BSE,BLOIN,BLOIN,513422,BSE_EQ
BSE,BLOOM,BLOOM,526225,BSE_EQ
BSE,BLS,BLS,540073,BSE_EQ
BSE,BLSE,BLSE,544107,BSE_EQ
BSE,BLT,BLT,544474,BSE_EQ
BSE,BLUECHIP,BLUECHIP,531936,BSE_EQ
BSE,BLUECHIPT,BLUECHIPT,506981,BSE_EQ
BSE,BLUECLOUDS,BLUECLOUDS,539607,BSE_EQ
BSE,BLUECOAST,BLUECOAST,531495,BSE_EQ
BSE,BLUEDART,BLUEDART,526612,BSE_EQ
BSE,BLUEJET,BLUEJET,544009,BSE_EQ
BSE,BLUESTARCO,BLUESTARCO,500067,BSE_EQ
BSE,BLUESTONE,BLUESTONE,544484,BSE_EQ
BSE,BLUSPRING,BLUSPRING,544414,BSE_EQ
BSE,BMAL,BMAL,535279,BSE_EQ
BSE,BMBMUMG,BMBMUMG,531420,BSE_EQ
BSE,BMW,BMW,542669,BSE_EQ
BSE,BMWVENTLTD,BMWVENTLTD,544543,BSE_EQ
BSE,BNAGROCHEM,BNAGROCHEM,526125,BSE_EQ
BSE,BNALTD,BNALTD,508136,BSE_EQ
BSE,BNRSEC,BNRSEC,523019,BSE_EQ
BSE,BNRUDY,BNRUDY,530809,BSE_EQ
BSE,BODALCHEM,BODALCHEM,524370,BSE_EQ
BSE,BODHTREE,BODHTREE,539122,BSE_EQ
BSE,BOMBCYC,BOMBCYC,501430,BSE_EQ
BSE,BOMBWIR,BOMBWIR,504648,BSE_EQ
BSE,BOMDYEING,BOMDYEING,500020,BSE_EQ
BSE,BOMOXY-B1,BOMOXY-B1,509470,BSE_EQ
BSE,BOMTALKIES,BOMTALKIES,511246,BSE_EQ
BSE,BONDADA,BONDADA,543971,BSE_EQ
BSE,BONLON,BONLON,543211,BSE_EQ
BSE,BORANA,BORANA,544404,BSE_EQ
BSE,BOROLTD,BOROLTD,543212,BSE_EQ
BSE,BORORENEW,BORORENEW,502219,BSE_EQ
BSE,BOROSCI,BOROSCI,544184,BSE_EQ
BSE,BOSCH-HCIL,BOSCH-HCIL,523398,BSE_EQ
BSE,BOSCHLTD,BOSCHLTD,500530,BSE_EQ
BSE,BOSTON,BOSTON,531458,BSE_EQ
BSE,BPAGRI,BPAGRI,514440,BSE_EQ
BSE,BPCL,BPCL,500547,BSE_EQ
BSE,BPL,BPL,500074,BSE_EQ
BSE,BPLPHARMA,BPLPHARMA,541096,BSE_EQ
BSE,BRADYM,BRADYM,505690,BSE_EQ
BSE,BRAHMINFRA,BRAHMINFRA,535693,BSE_EQ
BSE,BRAWN,BRAWN,530207,BSE_EQ
BSE,BRGIL,BRGIL,544335,BSE_EQ
BSE,BRIDGESE,BRIDGESE,530249,BSE_EQ
BSE,BRIGADE,BRIGADE,532929,BSE_EQ
BSE,BRIGHOTEL,BRIGHOTEL,544457,BSE_EQ
BSE,BRIGHT,BRIGHT,543831,BSE_EQ
BSE,BRIGHTBR,BRIGHTBR,526731,BSE_EQ
BSE,BRIJLEAS,BRIJLEAS,532113,BSE_EQ
BSE,BRIPORT,BRIPORT,539434,BSE_EQ
BSE,BRISK,BRISK,544101,BSE_EQ
BSE,BRITANNIA,BRITANNIA,500825,BSE_EQ
BSE,BRNL,BRNL,540700,BSE_EQ
BSE,BROACH,BROACH,544231,BSE_EQ
BSE,BROOKS,BROOKS,533543,BSE_EQ
BSE,BRPL,BRPL,538546,BSE_EQ
BSE,BRRL,BRRL,543543,BSE_EQ
BSE,BSE500IETF,BSE500IETF,541313,BSE_EQ
BSE,BSELALGO,BSELALGO,532123,BSE_EQ
BSE,BSHSL,BSHSL,544757,BSE_EQ
BSE,BSL,BSL,514045,BSE_EQ
BSE,BSLGOLDETF,BSLGOLDETF,533408,BSE_EQ
BSE,BSLNIFTY,BSLNIFTY,543474,BSE_EQ
BSE,BSLSENETFG,BSLSENETFG,540008,BSE_EQ
BSE,BSOFT,BSOFT,532400,BSE_EQ
BSE,BTML,BTML,543767,BSE_EQ
BSE,BTTL,BTTL,533108,BSE_EQ
BSE,BUILDPRO,BUILDPRO,544517,BSE_EQ
BSE,BUTTERFLY,BUTTERFLY,517421,BSE_EQ
BSE,BVCL,BVCL,532916,BSE_EQ
BSE,BYKE,BYKE,531373,BSE_EQ
BSE,CALCOM,CALCOM,517236,BSE_EQ
BSE,CALLISTA,CALLISTA,539335,BSE_EQ
BSE,CALSOFT,CALSOFT,532386,BSE_EQ
BSE,CAMEXLTD,CAMEXLTD,524440,BSE_EQ
BSE,CAMLINFINE,CAMLINFINE,532834,BSE_EQ
BSE,CAMPUS,CAMPUS,543523,BSE_EQ
BSE,CAMS,CAMS,543232,BSE_EQ
BSE,CANBK,CANBK,532483,BSE_EQ
BSE,CANDOUR,CANDOUR,522292,BSE_EQ
BSE,CANFINHOME,CANFINHOME,511196,BSE_EQ
BSE,CANHLIFE,CANHLIFE,544583,BSE_EQ
BSE,CANTABIL,CANTABIL,533267,BSE_EQ
BSE,CAPACITE,CAPACITE,540710,BSE_EQ
BSE,CAPILLARY,CAPILLARY,544614,BSE_EQ
BSE,CAPINVIT,CAPINVIT,544338,BSE_EQ
BSE,CAPITALSFB,CAPITALSFB,544120,BSE_EQ
BSE,CAPLIPOINT,CAPLIPOINT,524742,BSE_EQ
BSE,CAPPIPES,CAPPIPES,538817,BSE_EQ
BSE,CAPRICORN,CAPRICORN,512169,BSE_EQ
BSE,CAPRIHANS,CAPRIHANS,509486,BSE_EQ
BSE,CAPRO,CAPRO,507486,BSE_EQ
BSE,CAPTRUST,CAPTRUST,511505,BSE_EQ
BSE,CARBORUNIV,CARBORUNIV,513375,BSE_EQ
BSE,CARERATING,CARERATING,534804,BSE_EQ
BSE,CARGOSOL,CARGOSOL,543621,BSE_EQ
BSE,CARGOTRANS,CARGOTRANS,543618,BSE_EQ
BSE,CARRARO,CARRARO,544320,BSE_EQ
BSE,CARTRADE,CARTRADE,543333,BSE_EQ
BSE,CARYSIL,CARYSIL,524091,BSE_EQ
BSE,CASHIETF,CASHIETF,544380,BSE_EQ
BSE,CASPIAN,CASPIAN,534732,BSE_EQ
BSE,CASTROLIND,CASTROLIND,500870,BSE_EQ
BSE,CATVISION,CATVISION,531158,BSE_EQ
BSE,CBPL,CBPL,542934,BSE_EQ
BSE,CCAL,CCAL,544000,BSE_EQ
BSE,CCAVENUE,CCAVENUE,539807,BSE_EQ
BSE,CCCL,CCCL,532902,BSE_EQ
BSE,CCDL,CCDL,539091,BSE_EQ
BSE,CCHHL,CCHHL,526550,BSE_EQ
BSE,CCL,CCL,519600,BSE_EQ
BSE,CCLINTER,CCLINTER,531900,BSE_EQ
BSE,CCME,CCME,514336,BSE_EQ
BSE,CDG,CDG,534796,BSE_EQ
BSE,CEATLTD,CEATLTD,500878,BSE_EQ
BSE,CEEJAY,CEEJAY,530789,BSE_EQ
BSE,CEENIK,CEENIK,531119,BSE_EQ
BSE,CEETAIN,CEETAIN,514171,BSE_EQ
BSE,CEIGALL,CEIGALL,544223,BSE_EQ
BSE,CEINSYS,CEINSYS,538734,BSE_EQ
BSE,CELEBRITY,CELEBRITY,532695,BSE_EQ
BSE,CELLA,CELLA,532701,BSE_EQ
BSE,CELLO,CELLO,544012,BSE_EQ
BSE,CEMAINFRA,CEMAINFRA,538596,BSE_EQ
BSE,CEMPRO,CEMPRO,509496,BSE_EQ
BSE,CENLUB,CENLUB,522251,BSE_EQ
BSE,CENTENKA,CENTENKA,500280,BSE_EQ
BSE,CENTEXT,CENTEXT,500083,BSE_EQ
BSE,CENTRALBK,CENTRALBK,532885,BSE_EQ
BSE,CENTRUM,CENTRUM,501150,BSE_EQ
BSE,CENTUM,CENTUM,517544,BSE_EQ
BSE,CENTUPLE,CENTUPLE,531099,BSE_EQ
BSE,CENTURYPLY,CENTURYPLY,532548,BSE_EQ
BSE,CERA,CERA,532443,BSE_EQ
BSE,CEREBRAINT,CEREBRAINT,532413,BSE_EQ
BSE,CESC,CESC,500084,BSE_EQ
BSE,CEWATER,CEWATER,544315,BSE_EQ
BSE,CFEL,CFEL,539991,BSE_EQ
BSE,CFF,CFF,543920,BSE_EQ
BSE,CGCL,CGCL,531595,BSE_EQ
BSE,CGPOWER,CGPOWER,500093,BSE_EQ
BSE,CGVAK,CGVAK,531489,BSE_EQ
BSE,CHADPAP,CHADPAP,531946,BSE_EQ
BSE,CHALET,CHALET,542399,BSE_EQ
BSE,CHALLANI,CHALLANI,530747,BSE_EQ
BSE,CHAMBLFERT,CHAMBLFERT,500085,BSE_EQ
BSE,CHANDNIMACH,CHANDNIMACH,542627,BSE_EQ
BSE,CHANDRAP,CHANDRAP,530309,BSE_EQ
BSE,CHANDRIMA,CHANDRIMA,540829,BSE_EQ
BSE,CHATHA,CHATHA,544151,BSE_EQ
BSE,CHCL,CHCL,542678,BSE_EQ
BSE,CHDCHEM,CHDCHEM,539800,BSE_EQ
BSE,CHEMBOND,CHEMBOND,530871,BSE_EQ
BSE,CHEMBONDCH,CHEMBONDCH,544450,BSE_EQ
BSE,CHEMCON,CHEMCON,543233,BSE_EQ
BSE,CHEMCRUX,CHEMCRUX,540395,BSE_EQ
BSE,CHEMFAB,CHEMFAB,541269,BSE_EQ
BSE,CHEMIESYNT,CHEMIESYNT,539230,BSE_EQ
BSE,CHEMKART,CHEMKART,544442,BSE_EQ
BSE,CHEMPLASTS,CHEMPLASTS,543336,BSE_EQ
BSE,CHEMTECH,CHEMTECH,537326,BSE_EQ
BSE,CHENFERRO,CHENFERRO,539011,BSE_EQ
BSE,CHENNPETRO,CHENNPETRO,500110,BSE_EQ
BSE,CHEVIOT,CHEVIOT,526817,BSE_EQ
BSE,CHIRAHARIT,CHIRAHARIT,544561,BSE_EQ
BSE,CHLLTD,CHLLTD,532992,BSE_EQ
BSE,CHLOGIST,CHLOGIST,531977,BSE_EQ
BSE,CHMBBRW,CHMBBRW,512301,BSE_EQ
BSE,CHOICEGOLD,CHOICEGOLD,544601,BSE_EQ
BSE,CHOICEIN,CHOICEIN,531358,BSE_EQ
BSE,CHOKSI,CHOKSI,530427,BSE_EQ
BSE,CHOKSILA,CHOKSILA,526546,BSE_EQ
BSE,CHOLAFIN,CHOLAFIN,511243,BSE_EQ
BSE,CHOLAHLDNG,CHOLAHLDNG,504973,BSE_EQ
BSE,CHORDIA,CHORDIA,519475,BSE_EQ
BSE,CHOTHANI,CHOTHANI,540681,BSE_EQ
BSE,CHOWGULSTM,CHOWGULSTM,501833,BSE_EQ
BSE,CHROME,CHROME,513005,BSE_EQ
BSE,CHRTEDCA,CHRTEDCA,511696,BSE_EQ
BSE,CHTR,CHTR,544546,BSE_EQ
BSE,CIANAGRO,CIANAGRO,519477,BSE_EQ
BSE,CIEINDIA,CIEINDIA,532756,BSE_EQ
BSE,CIFL,CIFL,530879,BSE_EQ
BSE,CILSEC,CILSEC,530829,BSE_EQ
BSE,CINDHO,CINDHO,526373,BSE_EQ
BSE,CINDRELL,CINDRELL,531283,BSE_EQ
BSE,CINELINE,CINELINE,532807,BSE_EQ
BSE,CINEVISTA,CINEVISTA,532324,BSE_EQ
BSE,CIPLA,CIPLA,500087,BSE_EQ
BSE,CITADEL,CITADEL,502445,BSE_EQ
BSE,CITICHEM,CITICHEM,544324,BSE_EQ
BSE,CITIPOR,CITIPOR,531235,BSE_EQ
BSE,CITIUSINVT,CITIUSINVT,544753,BSE_EQ
BSE,CITIZEN,CITIZEN,538786,BSE_EQ
BSE,CITYMAN,CITYMAN,521210,BSE_EQ
BSE,CITYONLINE,CITYONLINE,538674,BSE_EQ
BSE,CITYSQUARE,CITYSQUARE,544514,BSE_EQ
BSE,CJGEL,CJGEL,507515,BSE_EQ
BSE,CLARA,CLARA,543435,BSE_EQ
BSE,CLASELE,CLASELE,512213,BSE_EQ
BSE,CLEAN,CLEAN,543318,BSE_EQ
BSE,CLEANMAX,CLEANMAX,544717,BSE_EQ
BSE,CLEDUCATE,CLEDUCATE,540403,BSE_EQ
BSE,CLFL,CLFL,540481,BSE_EQ
BSE,CLIOINFO,CLIOINFO,530839,BSE_EQ
BSE,CLN,CLN,544347,BSE_EQ
BSE,CLSEL,CLSEL,530307,BSE_EQ
BSE,CMBL,CMBL,540199,BSE_EQ
BSE,CMMHOSP,CMMHOSP,523489,BSE_EQ
BSE,CMPDI,CMPDI,544739,BSE_EQ
BSE,CMRGREEN,CMRGREEN,544777,BSE_EQ
BSE,CMSINFO,CMSINFO,543441,BSE_EQ
BSE,CMXLTD,CMXLTD,532217,BSE_EQ
BSE,CNCRD,CNCRD,543619,BSE_EQ
BSE,CNINFOTECH,CNINFOTECH,544343,BSE_EQ
BSE,CNL,CNL,544631,BSE_EQ
BSE,COALINDIA,COALINDIA,533278,BSE_EQ
BSE,COARO,COARO,520131,BSE_EQ
BSE,COASTCORP,COASTCORP,501831,BSE_EQ
BSE,COCHINM,COCHINM,513353,BSE_EQ
BSE,COCHINSHIP,COCHINSHIP,540678,BSE_EQ
BSE,COCHMAL,COCHMAL,508571,BSE_EQ
BSE,COCKERILL,COCKERILL,500147,BSE_EQ
BSE,COFFEEDAY,COFFEEDAY,539436,BSE_EQ
BSE,COFORGE,COFORGE,532541,BSE_EQ
BSE,COHANCE,COHANCE,543064,BSE_EQ
BSE,COLINZ,COLINZ,531210,BSE_EQ
BSE,COLORCHIPS,COLORCHIPS,540023,BSE_EQ
BSE,COLPAL,COLPAL,500830,BSE_EQ
BSE,COMCL,COMCL,534691,BSE_EQ
BSE,COMFINCAP,COMFINCAP,535267,BSE_EQ
BSE,COMFINTE,COMFINTE,531216,BSE_EQ
BSE,COMMAND,COMMAND,543843,BSE_EQ
BSE,COMMOIETF,COMMOIETF,543710,BSE_EQ
BSE,COMPEAU,COMPEAU,531041,BSE_EQ
BSE,COMPINFO,COMPINFO,532456,BSE_EQ
BSE,COMPUPN,COMPUPN,507833,BSE_EQ
BSE,COMPUSOFT,COMPUSOFT,532339,BSE_EQ
BSE,COMRADE,COMRADE,543921,BSE_EQ
BSE,COMSYN,COMSYN,539986,BSE_EQ
BSE,CONART,CONART,522231,BSE_EQ
BSE,CONCOR,CONCOR,531344,BSE_EQ
BSE,CONCORD,CONCORD,538965,BSE_EQ
BSE,CONCORDBIO,CONCORDBIO,543960,BSE_EQ
BSE,CONFIPET,CONFIPET,526829,BSE_EQ
BSE,CONSTRONIC,CONSTRONIC,523844,BSE_EQ
BSE,CONSUMAXIS,CONSUMAXIS,543357,BSE_EQ
BSE,CONSUMER,CONSUMER,544323,BSE_EQ
BSE,CONSUMIETF,CONSUMIETF,543383,BSE_EQ
BSE,CONTAINE,CONTAINE,543606,BSE_EQ
BSE,CONTAINER,CONTAINER,540597,BSE_EQ
BSE,CONTCHM,CONTCHM,506935,BSE_EQ
BSE,CONTICON,CONTICON,531460,BSE_EQ
BSE,CONTILI,CONTILI,531067,BSE_EQ
BSE,CONTPTR,CONTPTR,523232,BSE_EQ
BSE,CONTROLPR,CONTROLPR,522295,BSE_EQ
BSE,CORAGRO,CORAGRO,507543,BSE_EQ
BSE,CORALAB,CORALAB,524506,BSE_EQ
BSE,CORALFINAC,CORALFINAC,531556,BSE_EQ
BSE,CORDELIA,CORDELIA,544802,BSE_EQ
BSE,CORDSCABLE,CORDSCABLE,532941,BSE_EQ
BSE,CORNE,CORNE,530755,BSE_EQ
BSE,COROENGG,COROENGG,533167,BSE_EQ
BSE,COROMANDEL,COROMANDEL,506395,BSE_EQ
BSE,CORONA,CORONA,544644,BSE_EQ
BSE,COSCO,COSCO,530545,BSE_EQ
BSE,COSMICCRF,COSMICCRF,543928,BSE_EQ
BSE,COSMOFE,COSMOFE,523100,BSE_EQ
BSE,COSMOFIRST,COSMOFIRST,508814,BSE_EQ
BSE,COSPOWER,COSPOWER,543172,BSE_EQ
BSE,COSYN,COSYN,538922,BSE_EQ
BSE,COTFAB,COTFAB,544195,BSE_EQ
BSE,COUNCODOS,COUNCODOS,531624,BSE_EQ
BSE,COVANCE,COVANCE,544361,BSE_EQ
BSE,CPCAP,CPCAP,533260,BSE_EQ
BSE,CPEDU,CPEDU,544499,BSE_EQ
BSE,CPL,CPL,536974,BSE_EQ
BSE,CPML,CPML,542727,BSE_EQ
BSE,CPPLUS,CPPLUS,544466,BSE_EQ
BSE,CPSEETF,CPSEETF,538057,BSE_EQ
BSE,CRAFTROOT,CRAFTROOT,526349,BSE_EQ
BSE,CRAFTSMAN,CRAFTSMAN,543276,BSE_EQ
BSE,CRAMC,CRAMC,544580,BSE_EQ
BSE,CRANEINFRA,CRANEINFRA,538770,BSE_EQ
BSE,CRANESSOFT,CRANESSOFT,512093,BSE_EQ
BSE,CRANEX,CRANEX,522001,BSE_EQ
BSE,CRAVATEX,CRAVATEX,509472,BSE_EQ
BSE,CRAZY,CRAZY,544807,BSE_EQ
BSE,CREATIVE,CREATIVE,539527,BSE_EQ
BSE,CREATIVEYE,CREATIVEYE,532392,BSE_EQ
BSE,CREDITACC,CREDITACC,541770,BSE_EQ
BSE,CRESCENTIS,CRESCENTIS,511571,BSE_EQ
BSE,CREST,CREST,511413,BSE_EQ
BSE,CRIMSON,CRIMSON,526977,BSE_EQ
BSE,CRISIL,CRISIL,500092,BSE_EQ
BSE,CRIZAC,CRIZAC,544439,BSE_EQ
BSE,CROISSANCE,CROISSANCE,531909,BSE_EQ
BSE,CROMPTON,CROMPTON,539876,BSE_EQ
BSE,CROPSTER,CROPSTER,523105,BSE_EQ
BSE,CRSL,CRSL,512379,BSE_EQ
BSE,CRSTCHM,CRSTCHM,526269,BSE_EQ
BSE,CRYOGENIC,CRYOGENIC,544440,BSE_EQ
BSE,CRYSTAL,CRYSTAL,540821,BSE_EQ
BSE,CSBBANK,CSBBANK,542867,BSE_EQ
BSE,CSL,CSL,538868,BSE_EQ
BSE,CSLFINANCE,CSLFINANCE,530067,BSE_EQ
BSE,CSM,CSM,544806,BSE_EQ
BSE,CSURGSU,CSURGSU,531380,BSE_EQ
BSE,CTCL,CTCL,540652,BSE_EQ
BSE,CTE,CTE,532801,BSE_EQ
BSE,CTL,CTL,538476,BSE_EQ
BSE,CTLLAB,CTLLAB,544220,BSE_EQ
BSE,CUB,CUB,532210,BSE_EQ
BSE,CUBEINVIT,CUBEINVIT,543899,BSE_EQ
BSE,CUBEXTUB,CUBEXTUB,526027,BSE_EQ
BSE,CUBIFIN,CUBIFIN,511710,BSE_EQ
BSE,CUMMINSIND,CUMMINSIND,500480,BSE_EQ
BSE,CUPID,CUPID,530843,BSE_EQ
BSE,CUPIDALBV,CUPIDALBV,512361,BSE_EQ
BSE,CURAA,CURAA,532332,BSE_EQ
BSE,CWD,CWD,543378,BSE_EQ
BSE,CYBELEIND,CYBELEIND,531472,BSE_EQ
BSE,CYBERMEDIA,CYBERMEDIA,532640,BSE_EQ
BSE,CYBERTECH,CYBERTECH,532173,BSE_EQ
BSE,CYIENT,CYIENT,532175,BSE_EQ
BSE,CYIENTDLM,CYIENTDLM,543933,BSE_EQ
BSE,D1144270DG,D1144270DG,543791,BSE_EQ
BSE,D1144270DP,D1144270DP,543792,BSE_EQ
BSE,D1144270RG,D1144270RG,543788,BSE_EQ
BSE,D1246267DG,D1246267DG,543661,BSE_EQ
BSE,D1246267RG,D1246267RG,543658,BSE_EQ
BSE,D60MS264DG,D60MS264DG,543355,BSE_EQ
BSE,D60MS264DP,D60MS264DP,543356,BSE_EQ
BSE,D60MS264RG,D60MS264RG,543353,BSE_EQ
BSE,D60MS264RP,D60MS264RP,543354,BSE_EQ
BSE,DABUR,DABUR,500096,BSE_EQ
BSE,DACHEPALLI,DACHEPALLI,544667,BSE_EQ
BSE,DAICHI,DAICHI,526821,BSE_EQ
BSE,DAIKAFFI,DAIKAFFI,530825,BSE_EQ
BSE,DAL,DAL,539681,BSE_EQ
BSE,DALBHARAT,DALBHARAT,542216,BSE_EQ
BSE,DALMIASUG,DALMIASUG,500097,BSE_EQ
BSE,DAMCAPITAL,DAMCAPITAL,544316,BSE_EQ
BSE,DAMODARIND,DAMODARIND,521220,BSE_EQ
BSE,DANLAW,DANLAW,532329,BSE_EQ
BSE,DANUBE,DANUBE,540361,BSE_EQ
BSE,DAPS,DAPS,543651,BSE_EQ
BSE,DARJEELING,DARJEELING,539770,BSE_EQ
BSE,DARSHANORNA,DARSHANORNA,539884,BSE_EQ
BSE,DATAMATICS,DATAMATICS,532528,BSE_EQ
BSE,DATAPATTNS,DATAPATTNS,543428,BSE_EQ
BSE,DATIWARE,DATIWARE,519413,BSE_EQ
BSE,DAULAT,DAULAT,530171,BSE_EQ
BSE,DAVANGERE,DAVANGERE,543267,BSE_EQ
BSE,DAVIN,DAVIN,544331,BSE_EQ
BSE,DBCORP,DBCORP,533151,BSE_EQ
BSE,DBEIL,DBEIL,544276,BSE_EQ
BSE,DBL,DBL,540047,BSE_EQ
BSE,DBOL,DBOL,543593,BSE_EQ
BSE,DBREALTY,DBREALTY,533160,BSE_EQ
BSE,DBSTOCKBRO,DBSTOCKBRO,530393,BSE_EQ
BSE,DCAL,DCAL,540701,BSE_EQ
BSE,DCBBANK,DCBBANK,532772,BSE_EQ
BSE,DCI,DCI,543636,BSE_EQ
BSE,DCM,DCM,502820,BSE_EQ
BSE,DCMFINSERV,DCMFINSERV,511611,BSE_EQ
BSE,DCMNVL,DCMNVL,542729,BSE_EQ
BSE,DCMSHRIRAM,DCMSHRIRAM,523367,BSE_EQ
BSE,DCMSIL,DCMSIL,544702,BSE_EQ
BSE,DCMSRIND,DCMSRIND,523369,BSE_EQ
BSE,DCW,DCW,500117,BSE_EQ
BSE,DCXINDIA,DCXINDIA,543650,BSE_EQ
BSE,DDEVPLSTIK,DDEVPLSTIK,543547,BSE_EQ
BSE,DECCAN,DECCAN,542248,BSE_EQ
BSE,DECCANCE,DECCANCE,502137,BSE_EQ
BSE,DECIPHER,DECIPHER,524752,BSE_EQ
BSE,DECNGOLD,DECNGOLD,512068,BSE_EQ
BSE,DECOMIC,DECOMIC,531227,BSE_EQ
BSE,DECPO,DECPO,531989,BSE_EQ
BSE,DEEDEV,DEEDEV,544198,BSE_EQ
BSE,DEEP,DEEP,541778,BSE_EQ
BSE,DEEPAI,DEEPAI,539559,BSE_EQ
BSE,DEEPAKCHEM,DEEPAKCHEM,544036,BSE_EQ
BSE,DEEPAKFERT,DEEPAKFERT,500645,BSE_EQ
BSE,DEEPAKNTR,DEEPAKNTR,506401,BSE_EQ
BSE,DEEPAKSP,DEEPAKSP,514030,BSE_EQ
BSE,DEEPINDS,DEEPINDS,543288,BSE_EQ
BSE,DEFENCE,DEFENCE,544705,BSE_EQ
BSE,DEFRAIL,DEFRAIL,544677,BSE_EQ
BSE,DEL,DEL,542679,BSE_EQ
BSE,DELHIVERY,DELHIVERY,543529,BSE_EQ
BSE,DELPHIFX,DELPHIFX,533452,BSE_EQ
BSE,DELTA,DELTA,539596,BSE_EQ
BSE,DELTACORP,DELTACORP,532848,BSE_EQ
BSE,DELTAMAGNT,DELTAMAGNT,504286,BSE_EQ
BSE,DEN,DEN,533137,BSE_EQ
BSE,DENISCHEM,DENISCHEM,537536,BSE_EQ
BSE,DENORA,DENORA,590031,BSE_EQ
BSE,DENTA,DENTA,544345,BSE_EQ
BSE,DESCO,DESCO,544387,BSE_EQ
BSE,DESHRAK,DESHRAK,531521,BSE_EQ
BSE,DEVINE,DEVINE,531585,BSE_EQ
BSE,DEVIT,DEVIT,543462,BSE_EQ
BSE,DEVITRD,DEVITRD,512445,BSE_EQ
BSE,DEVLAB,DEVLAB,543848,BSE_EQ
BSE,DEVSON,DEVSON,544823,BSE_EQ
BSE,DEVX,DEVX,544513,BSE_EQ
BSE,DEVYANI,DEVYANI,543330,BSE_EQ
BSE,DFL,DFL,539190,BSE_EQ
BSE,DFPL,DFPL,544201,BSE_EQ
BSE,DGCONTENT,DGCONTENT,542685,BSE_EQ
BSE,DGL,DGL,542155,BSE_EQ
BSE,DHABRIYA,DHABRIYA,538715,BSE_EQ
BSE,DHAMPURE,DHAMPURE,531923,BSE_EQ
BSE,DHAMPURSUG,DHAMPURSUG,500119,BSE_EQ
BSE,DHANBANK,DHANBANK,532180,BSE_EQ
BSE,DHANCOT,DHANCOT,512485,BSE_EQ
BSE,DHANFAB,DHANFAB,521151,BSE_EQ
BSE,DHANROTO,DHANROTO,521216,BSE_EQ
BSE,DHANSAFAL,DHANSAFAL,512048,BSE_EQ
BSE,DHANUKA,DHANUKA,507717,BSE_EQ
BSE,DHARAN,DHARAN,541161,BSE_EQ
BSE,DHARFIN,DHARFIN,511451,BSE_EQ
BSE,DHARMAJ,DHARMAJ,543687,BSE_EQ
BSE,DHARNI,DHARNI,543753,BSE_EQ
BSE,DHATRE,DHATRE,540080,BSE_EQ
BSE,DHENUBUILD,DHENUBUILD,501945,BSE_EQ
BSE,DHILLON,DHILLON,544556,BSE_EQ
BSE,DHINDIA,DHINDIA,517514,BSE_EQ
BSE,DHOOTIN,DHOOTIN,526971,BSE_EQ
BSE,DHPIND,DHPIND,531306,BSE_EQ
BSE,DHRUV,DHRUV,541302,BSE_EQ
BSE,DHRUVCA,DHRUVCA,531237,BSE_EQ
BSE,DHUNINV,DHUNINV,533336,BSE_EQ
BSE,DHYAANITR,DHYAANITR,543516,BSE_EQ
BSE,DIACABS,DIACABS,522163,BSE_EQ
BSE,DIAMINESQ,DIAMINESQ,500120,BSE_EQ
BSE,DIAMONDYD,DIAMONDYD,540724,BSE_EQ
BSE,DIANATEA,DIANATEA,530959,BSE_EQ
BSE,DICIND,DICIND,500089,BSE_EQ
BSE,DIDL,DIDL,539900,BSE_EQ
BSE,DIFFNKG,DIFFNKG,544264,BSE_EQ
BSE,DIGIDRIVE,DIGIDRIVE,544079,BSE_EQ
BSE,DIGIFIBRE,DIGIFIBRE,543859,BSE_EQ
BSE,DIGILOGIC,DIGILOGIC,544684,BSE_EQ
BSE,DIGISPICE,DIGISPICE,517214,BSE_EQ
BSE,DIGITIDE,DIGITIDE,544413,BSE_EQ
BSE,DIGJAMLMTD,DIGJAMLMTD,539979,BSE_EQ
BSE,DIKSAT,DIKSAT,540151,BSE_EQ
BSE,DIKSHA,DIKSHA,544798,BSE_EQ
BSE,DILIGENT,DILIGENT,531153,BSE_EQ
BSE,DISAQ,DISAQ,500068,BSE_EQ
BSE,DISHTV,DISHTV,532839,BSE_EQ
BSE,DITCO,DITCO,539405,BSE_EQ
BSE,DIVGIITTS,DIVGIITTS,543812,BSE_EQ
BSE,DIVIDEND,DIVIDEND,544661,BSE_EQ
BSE,DIVISLAB,DIVISLAB,532488,BSE_EQ
BSE,DIVSHKT,DIVSHKT,526315,BSE_EQ
BSE,DIXON,DIXON,540699,BSE_EQ
BSE,DJML,DJML,543193,BSE_EQ
BSE,DJSSS,DJSSS,511636,BSE_EQ
BSE,DKUAL,DKUAL,544170,BSE_EQ
BSE,DLCL,DLCL,541299,BSE_EQ
BSE,DLF,DLF,532868,BSE_EQ
BSE,DLINKINDIA,DLINKINDIA,533146,BSE_EQ
BSE,DLTNCBL,DLTNCBL,504240,BSE_EQ
BSE,DMART,DMART,540376,BSE_EQ
BSE,DMCC,DMCC,506405,BSE_EQ
BSE,DML,DML,540811,BSE_EQ
BSE,DMR,DMR,543410,BSE_EQ
BSE,DNAMEDIA,DNAMEDIA,540789,BSE_EQ
BSE,DODLA,DODLA,543306,BSE_EQ
BSE,DOLATALGO,DOLATALGO,505526,BSE_EQ
BSE,DOLFIN,DOLFIN,542013,BSE_EQ
BSE,DOLLAR,DOLLAR,541403,BSE_EQ
BSE,DOLPHIN,DOLPHIN,522261,BSE_EQ
BSE,DOMS,DOMS,544045,BSE_EQ
BSE,DONEAR,DONEAR,512519,BSE_EQ
BSE,DPABHUSHAN,DPABHUSHAN,544161,BSE_EQ
BSE,DPL,DPL,543594,BSE_EQ
BSE,DPWIRES,DPWIRES,543962,BSE_EQ
BSE,DRA,DRA,540144,BSE_EQ
BSE,DRAGARWQ,DRAGARWQ,526783,BSE_EQ
BSE,DRCSYSTEMS,DRCSYSTEMS,543268,BSE_EQ
BSE,DREAMFOLKS,DREAMFOLKS,543591,BSE_EQ
BSE,DREDGECORP,DREDGECORP,523618,BSE_EQ
BSE,DRL,DRL,531553,BSE_EQ
BSE,DRONACHRYA,DRONACHRYA,543713,BSE_EQ
BSE,DRREDDY,DRREDDY,500124,BSE_EQ
BSE,DSFCL,DSFCL,544703,BSE_EQ
BSE,DSINVEST,DSINVEST,501148,BSE_EQ
BSE,DSSL,DSSL,532365,BSE_EQ
BSE,DTIL,DTIL,538902,BSE_EQ
BSE,DUCON,DUCON,534674,BSE_EQ
BSE,DUKEOFS,DUKEOFS,531471,BSE_EQ
BSE,DUNCANENG,DUNCANENG,504908,BSE_EQ
BSE,DUROPACK,DUROPACK,526355,BSE_EQ
BSE,DUROPLY,DUROPLY,516003,BSE_EQ
BSE,DUTRON,DUTRON,517437,BSE_EQ
BSE,DVL,DVL,523736,BSE_EQ
BSE,DWARKESH,DWARKESH,532610,BSE_EQ
BSE,DWSFTS50AG,DWSFTS50AG,533002,BSE_EQ
BSE,DWSFTS50BG,DWSFTS50BG,533004,BSE_EQ
BSE,DYCL,DYCL,540795,BSE_EQ
BSE,DYNAMATECH,DYNAMATECH,505242,BSE_EQ
BSE,DYNAMICP,DYNAMICP,530779,BSE_EQ
BSE,DYNAMIND,DYNAMIND,524818,BSE_EQ
BSE,DYNAVSN,DYNAVSN,517238,BSE_EQ
BSE,DYNPRO,DYNPRO,532707,BSE_EQ
BSE,E2E,E2E,544783,BSE_EQ
BSE,EARKART,EARKART,544549,BSE_EQ
BSE,EARTH,EARTH,543765,BSE_EQ
BSE,EASEMYTRIP,EASEMYTRIP,543272,BSE_EQ
BSE,EASTBUILD,EASTBUILD,507917,BSE_EQ
BSE,EASTINDIA,EASTINDIA,523874,BSE_EQ
BSE,EASTRED,EASTRED,531346,BSE_EQ
BSE,EASTSILK,EASTSILK,590022,BSE_EQ
BSE,EASTWEST,EASTWEST,540006,BSE_EQ
BSE,EASUN,EASUN,542906,BSE_EQ
BSE,EASYFIN,EASYFIN,511074,BSE_EQ
BSE,EBBETF0430,EBBETF0430,542909,BSE_EQ
BSE,EBBETF0431,EBBETF0431,543216,BSE_EQ
BSE,EBBETF0433,EBBETF0433,543699,BSE_EQ
BSE,EBGNG,EBGNG,544455,BSE_EQ
BSE,EBIX,EBIX,531035,BSE_EQ
BSE,ECAPINSURE,ECAPINSURE,544326,BSE_EQ
BSE,ECLERX,ECLERX,532927,BSE_EQ
BSE,ECOBOAR,ECOBOAR,523732,BSE_EQ
BSE,ECOHOTELS,ECOHOTELS,514402,BSE_EQ
BSE,ECOPLAST,ECOPLAST,526703,BSE_EQ
BSE,ECORECO,ECORECO,530643,BSE_EQ
BSE,ECOSMOBLTY,ECOSMOBLTY,544239,BSE_EQ
BSE,ECSTSTL,ECSTSTL,520081,BSE_EQ
BSE,EDELWEISS,EDELWEISS,532922,BSE_EQ
BSE,EDVENSWA,EDVENSWA,517170,BSE_EQ
BSE,EENTER,EENTER,501386,BSE_EQ
BSE,EFCIL,EFCIL,512008,BSE_EQ
BSE,EFORU,EFORU,531190,BSE_EQ
BSE,EICHERMOT,EICHERMOT,505200,BSE_EQ
BSE,EIDPARRY,EIDPARRY,500125,BSE_EQ
BSE,EIEL,EIEL,544290,BSE_EQ
BSE,EIGHTY,EIGHTY,543518,BSE_EQ
BSE,EIHAHOTELS,EIHAHOTELS,523127,BSE_EQ
BSE,EIHOTEL,EIHOTEL,500840,BSE_EQ
BSE,EIKO,EIKO,540204,BSE_EQ
BSE,EIMCOELECO,EIMCOELECO,523708,BSE_EQ
BSE,EKAMLEA,EKAMLEA,530581,BSE_EQ
BSE,EKANSH,EKANSH,531364,BSE_EQ
BSE,EKC,EKC,532684,BSE_EQ
BSE,EKENNIS,EKENNIS,543475,BSE_EQ
BSE,EKI,EKI,543284,BSE_EQ
BSE,ELAND,ELAND,532820,BSE_EQ
BSE,ELANGO,ELANGO,513452,BSE_EQ
BSE,ELANTAS,ELANTAS,500123,BSE_EQ
BSE,ELCIDIN,ELCIDIN,503681,BSE_EQ
BSE,ELDEHSG,ELDEHSG,523329,BSE_EQ
BSE,ELECON,ELECON,505700,BSE_EQ
BSE,ELECTCAST,ELECTCAST,500128,BSE_EQ
BSE,ELECTHERM,ELECTHERM,526608,BSE_EQ
BSE,ELEFLOR,ELEFLOR,526473,BSE_EQ
BSE,ELEMARB,ELEMARB,526705,BSE_EQ
BSE,ELFIN,ELFIN,544724,BSE_EQ
BSE,ELFORGE,ELFORGE,531144,BSE_EQ
BSE,ELGIEQUIP,ELGIEQUIP,522074,BSE_EQ
BSE,ELIN,ELIN,543725,BSE_EQ
BSE,ELIQUID,ELIQUID,544573,BSE_EQ
BSE,ELITECON,ELITECON,539533,BSE_EQ
BSE,ELIXIR,ELIXIR,531278,BSE_EQ
BSE,ELLEN,ELLEN,544421,BSE_EQ
BSE,ELNET,ELNET,517477,BSE_EQ
BSE,ELPROINTL,ELPROINTL,504000,BSE_EQ
BSE,EMAINDIA,EMAINDIA,522027,BSE_EQ
BSE,EMAMILTD,EMAMILTD,531162,BSE_EQ
BSE,EMAMIPAP,EMAMIPAP,533208,BSE_EQ
BSE,EMAMIREAL,EMAMIREAL,533218,BSE_EQ
BSE,EMBASSY,EMBASSY,542602,BSE_EQ
BSE,EMBDL,EMBDL,532832,BSE_EQ
BSE,EMCURE,EMCURE,544210,BSE_EQ
BSE,EMERALD,EMERALD,538882,BSE_EQ
BSE,EMERALL,EMERALL,507265,BSE_EQ
BSE,EMERGENT,EMERGENT,506180,BSE_EQ
BSE,EMIAC,EMIAC,544747,BSE_EQ
BSE,EMIL,EMIL,543626,BSE_EQ
BSE,EMKAY,EMKAY,532737,BSE_EQ
BSE,EMMBI,EMMBI,533161,BSE_EQ
BSE,EMMESSA,EMMESSA,524768,BSE_EQ
BSE,EMMFORCE,EMMFORCE,544166,BSE_EQ
BSE,EMMVEE,EMMVEE,544608,BSE_EQ
BSE,EMPIND,EMPIND,509525,BSE_EQ
BSE,EMPOWER,EMPOWER,504351,BSE_EQ
BSE,EMROCK,EMROCK,531676,BSE_EQ
BSE,EMSLIMITED,EMSLIMITED,543983,BSE_EQ
BSE,EMUDHRA,EMUDHRA,543533,BSE_EQ
BSE,ENBETRD,ENBETRD,512441,BSE_EQ
BSE,ENCODE,ENCODE,530733,BSE_EQ
BSE,ENDURANCE,ENDURANCE,540153,BSE_EQ
BSE,ENERGY,ENERGY,544604,BSE_EQ
BSE,ENERGYDEV,ENERGYDEV,532219,BSE_EQ
BSE,ENERGYINF,ENERGYINF,542543,BSE_EQ
BSE,ENEXT50,ENEXT50,544761,BSE_EQ
BSE,ENGINERSIN,ENGINERSIN,532178,BSE_EQ
BSE,ENIL,ENIL,532700,BSE_EQ
BSE,ENKEIWHEL,ENKEIWHEL,533477,BSE_EQ
BSE,ENRIN,ENRIN,544390,BSE_EQ
BSE,ENTERO,ENTERO,544122,BSE_EQ
BSE,ENTRINT,ENTRINT,526574,BSE_EQ
BSE,ENVAIREL,ENVAIREL,500246,BSE_EQ
BSE,EPACK,EPACK,544095,BSE_EQ
BSE,EPACKPEB,EPACKPEB,544540,BSE_EQ
BSE,EPBIO,EPBIO,543595,BSE_EQ
BSE,EPIC,EPIC,530407,BSE_EQ
BSE,EPIGRAL,EPIGRAL,543332,BSE_EQ
BSE,EPL,EPL,500135,BSE_EQ
BSE,EPSOMPRO,EPSOMPRO,531155,BSE_EQ
BSE,EPUJA,EPUJA,532092,BSE_EQ
BSE,EQUAL200,EQUAL200,544377,BSE_EQ
BSE,EQUAL50,EQUAL50,544401,BSE_EQ
BSE,EQUAL50ADD,EQUAL50ADD,543388,BSE_EQ
BSE,EQUILATERA,EQUILATERA,531262,BSE_EQ
BSE,EQUIPPP,EQUIPPP,590057,BSE_EQ
BSE,EQUITASBNK,EQUITASBNK,543243,BSE_EQ
BSE,ERIS,ERIS,540596,BSE_EQ
BSE,ERPSOFT,ERPSOFT,530909,BSE_EQ
BSE,ESABINDIA,ESABINDIA,500133,BSE_EQ
BSE,ESAFSFB,ESAFSFB,544020,BSE_EQ
BSE,ESARIND,ESARIND,531502,BSE_EQ
BSE,ESCORP,ESCORP,540455,BSE_EQ
BSE,ESCORTS,ESCORTS,500495,BSE_EQ
BSE,ESENSEX,ESENSEX,544618,BSE_EQ
BSE,ESG,ESG,543246,BSE_EQ
BSE,ESHAMEDIA,ESHAMEDIA,531259,BSE_EQ
BSE,ESPIRE,ESPIRE,532016,BSE_EQ
BSE,ESQRMON,ESQRMON,512439,BSE_EQ
BSE,ESSARSHPNG,ESSARSHPNG,533704,BSE_EQ
BSE,ESSENTIA,ESSENTIA,535958,BSE_EQ
BSE,ESSEX,ESSEX,544475,BSE_EQ
BSE,ESTER,ESTER,500136,BSE_EQ
BSE,ETERNAL,ETERNAL,543320,BSE_EQ
BSE,ETHOSLTD,ETHOSLTD,543532,BSE_EQ
BSE,ETIL,ETIL,538708,BSE_EQ
BSE,EUPHORIAIT,EUPHORIAIT,544094,BSE_EQ
BSE,EUREKAFORB,EUREKAFORB,543482,BSE_EQ
BSE,EUREKAI,EUREKAI,521137,BSE_EQ
BSE,EUROBOND,EUROBOND,544461,BSE_EQ
BSE,EUROLED,EUROLED,526468,BSE_EQ
BSE,EUROPRATIK,EUROPRATIK,544519,BSE_EQ
BSE,EUROTEXIND,EUROTEXIND,521014,BSE_EQ
BSE,EVANS,EVANS,542668,BSE_EQ
BSE,EVEREADY,EVEREADY,531508,BSE_EQ
BSE,EVERESTIND,EVERESTIND,508906,BSE_EQ
BSE,EVERESTO,EVERESTO,524790,BSE_EQ
BSE,EVERFIN,EVERFIN,514358,BSE_EQ
BSE,EVEXIA,EVEXIA,524444,BSE_EQ
BSE,EVIETF,EVIETF,544394,BSE_EQ
BSE,EVINDIA,EVINDIA,544212,BSE_EQ
BSE,EVOQ,EVOQ,543500,BSE_EQ
BSE,EXATO,EXATO,544626,BSE_EQ
BSE,EXCELINDUS,EXCELINDUS,500650,BSE_EQ
BSE,EXCELSOFT,EXCELSOFT,544617,BSE_EQ
BSE,EXHICON,EXHICON,543895,BSE_EQ
BSE,EXICOM,EXICOM,544133,BSE_EQ
BSE,EXIDEIND,EXIDEIND,500086,BSE_EQ
BSE,EXPLEOSOL,EXPLEOSOL,533121,BSE_EQ
BSE,EXPLICITFIN,EXPLICITFIN,530571,BSE_EQ
BSE,EXPOEAPL,EXPOEAPL,526614,BSE_EQ
BSE,EXXARO,EXXARO,543327,BSE_EQ
BSE,EY,EY,512099,BSE_EQ
BSE,FAALCON,FAALCON,544164,BSE_EQ
BSE,FABCLEAN,FABCLEAN,544332,BSE_EQ
BSE,FABINO,FABINO,543444,BSE_EQ
BSE,FABTECH,FABTECH,544558,BSE_EQ
BSE,FACORALL,FACORALL,532656,BSE_EQ
BSE,FACT,FACT,590024,BSE_EQ
BSE,FAIRCHEMOR,FAIRCHEMOR,543252,BSE_EQ
BSE,FAMILYCARE,FAMILYCARE,516110,BSE_EQ
BSE,FAZE3Q,FAZE3Q,530079,BSE_EQ
BSE,FCL,FCL,533333,BSE_EQ
BSE,FCSSOFT,FCSSOFT,532666,BSE_EQ
BSE,FDC,FDC,531599,BSE_EQ
BSE,FEDDERSHOL,FEDDERSHOL,511628,BSE_EQ
BSE,FEDERALBNK,FEDERALBNK,500469,BSE_EQ
BSE,FEDFINA,FEDFINA,544027,BSE_EQ
BSE,FEL,FEL,523574,BSE_EQ
BSE,FELDVR,FELDVR,570002,BSE_EQ
BSE,FERMENTA,FERMENTA,506414,BSE_EQ
BSE,FERVENTSYN,FERVENTSYN,533896,BSE_EQ
BSE,FFPL,FFPL,513579,BSE_EQ
BSE,FFTF16BCQ,FFTF16BCQ,533140,BSE_EQ
BSE,FFTF16BCY,FFTF16BCY,533141,BSE_EQ
BSE,FFTF16BDM,FFTF16BDM,533142,BSE_EQ
BSE,FFTF16BGR,FFTF16BGR,533139,BSE_EQ
BSE,FFTF17BGR,FFTF17BGR,533215,BSE_EQ
BSE,FGP,FGP,500142,BSE_EQ
BSE,FIBERWEB,FIBERWEB,507910,BSE_EQ
BSE,FIEMIND,FIEMIND,532768,BSE_EQ
BSE,FIL,FIL,544707,BSE_EQ
BSE,FILATEX,FILATEX,526227,BSE_EQ
BSE,FILATFASH,FILATFASH,532022,BSE_EQ
BSE,FILME,FILME,531486,BSE_EQ
BSE,FILTRA,FILTRA,539098,BSE_EQ
BSE,FILTRON,FILTRON,531191,BSE_EQ
BSE,FINCABLES,FINCABLES,500144,BSE_EQ
BSE,FINELINE,FINELINE,517264,BSE_EQ
BSE,FINEORG,FINEORG,541557,BSE_EQ
BSE,FINIETF,FINIETF,543677,BSE_EQ
BSE,FINKURVE,FINKURVE,508954,BSE_EQ
BSE,FINOPB,FINOPB,543386,BSE_EQ
BSE,FINPIPE,FINPIPE,500940,BSE_EQ
BSE,FIRSTCRY,FIRSTCRY,544226,BSE_EQ
BSE,FIRSTFIN,FIRSTFIN,532379,BSE_EQ
BSE,FISCHER,FISCHER,524743,BSE_EQ
BSE,FIVESTAR,FIVESTAR,543663,BSE_EQ
BSE,FLAIR,FLAIR,544030,BSE_EQ
BSE,FLEXFO,FLEXFO,523672,BSE_EQ
BSE,FLEXIADD,FLEXIADD,544581,BSE_EQ
BSE,FLEXITUFF,FLEXITUFF,533638,BSE_EQ
BSE,FLFL,FLFL,536507,BSE_EQ
BSE,FLOMIC,FLOMIC,504380,BSE_EQ
BSE,FLORACORP,FLORACORP,540267,BSE_EQ
BSE,FLUIDOM,FLUIDOM,522017,BSE_EQ
BSE,FLUOROCHEM,FLUOROCHEM,542812,BSE_EQ
BSE,FMCGADD,FMCGADD,544760,BSE_EQ
BSE,FMCGIETF,FMCGIETF,543326,BSE_EQ
BSE,FMEC,FMEC,539552,BSE_EQ
BSE,FMGOETZE,FMGOETZE,505744,BSE_EQ
BSE,FMNL,FMNL,533296,BSE_EQ
BSE,FOCUS,FOCUS,543312,BSE_EQ
BSE,FONE4,FONE4,543521,BSE_EQ
BSE,FOODSIN,FOODSIN,507552,BSE_EQ
BSE,FORBESCO,FORBESCO,502865,BSE_EQ
BSE,FORCEMOT,FORCEMOT,500033,BSE_EQ
BSE,FORINTL,FORINTL,530213,BSE_EQ
BSE,FORTIS,FORTIS,532843,BSE_EQ
BSE,FORTISMLR,FORTISMLR,523696,BSE_EQ
BSE,FOSECOC,FOSECOC,523160,BSE_EQ
BSE,FOSECOIND,FOSECOIND,500150,BSE_EQ
BSE,FRACTAL,FRACTAL,544700,BSE_EQ
BSE,FRANKLIN,FRANKLIN,539839,BSE_EQ
BSE,FRANKLININD,FRANKLININD,540190,BSE_EQ
BSE,FRASER,FRASER,539032,BSE_EQ
BSE,FRATELLI,FRATELLI,541741,BSE_EQ
BSE,FREDUN,FREDUN,539730,BSE_EQ
BSE,FRONTCAP,FRONTCAP,508980,BSE_EQ
BSE,FRONTCORP,FRONTCORP,532042,BSE_EQ
BSE,FRONTFN,FRONTFN,531685,BSE_EQ
BSE,FRONTSP,FRONTSP,522195,BSE_EQ
BSE,FRUTION,FRUTION,538568,BSE_EQ
BSE,FSL,FSL,532809,BSE_EQ
BSE,FTL,FTL,544173,BSE_EQ
BSE,FUNDVISER,FUNDVISER,530197,BSE_EQ
BSE,FUSION,FUSION,543652,BSE_EQ
BSE,FUTSOL,FUTSOL,534063,BSE_EQ
BSE,FUTURSEC,FUTURSEC,523113,BSE_EQ
BSE,FYNX,FYNX,507962,BSE_EQ
BSE,GABRIEL,GABRIEL,505714,BSE_EQ
BSE,GAEL,GAEL,524226,BSE_EQ
BSE,GAGAN,GAGAN,524624,BSE_EQ
BSE,GAIL,GAIL,532155,BSE_EQ
BSE,GAJANANSEC,GAJANANSEC,538609,BSE_EQ
BSE,GALACTICO,GALACTICO,542802,BSE_EQ
BSE,GALADA,GALADA,504697,BSE_EQ
BSE,GALADAFIN,GALADAFIN,538881,BSE_EQ
BSE,GALAGEX,GALAGEX,531911,BSE_EQ
BSE,GALAPREC,GALAPREC,544244,BSE_EQ
BSE,GALAXYSURF,GALAXYSURF,540935,BSE_EQ
BSE,GALLANTT,GALLANTT,532726,BSE_EQ
BSE,GALLARD,GALLARD,544616,BSE_EQ
BSE,GALLOPENT,GALLOPENT,531902,BSE_EQ
BSE,GALXBRG,GALXBRG,526073,BSE_EQ
BSE,GAMCO,GAMCO,540097,BSE_EQ
BSE,GANDHAR,GANDHAR,544029,BSE_EQ
BSE,GANDHITUBE,GANDHITUBE,513108,BSE_EQ
BSE,GANECOS,GANECOS,514167,BSE_EQ
BSE,GANESHBE,GANESHBE,500153,BSE_EQ
BSE,GANESHCP,GANESHCP,544528,BSE_EQ
BSE,GANESHHOU,GANESHHOU,526367,BSE_EQ
BSE,GANGAPA,GANGAPA,531813,BSE_EQ
BSE,GANGAPHARM,GANGAPHARM,539680,BSE_EQ
BSE,GANGESSECU,GANGESSECU,540647,BSE_EQ
BSE,GANHOLD,GANHOLD,504397,BSE_EQ
BSE,GANONPRO,GANONPRO,512443,BSE_EQ
BSE,GANVERSE,GANVERSE,539041,BSE_EQ
BSE,GARBIFIN,GARBIFIN,539492,BSE_EQ
BSE,GARFIBRES,GARFIBRES,509557,BSE_EQ
BSE,GARGFUR,GARGFUR,530615,BSE_EQ
BSE,GARGI,GARGI,543709,BSE_EQ
BSE,GARMNTMNTR,GARMNTMNTR,539216,BSE_EQ
BSE,GARNET,GARNET,526727,BSE_EQ
BSE,GARNETINT,GARNETINT,512493,BSE_EQ
BSE,GARUDA,GARUDA,544271,BSE_EQ
BSE,GARWAMAR,GARWAMAR,509563,BSE_EQ
BSE,GARWAOFFS,GARWAOFFS,501848,BSE_EQ
BSE,GARWSYN,GARWSYN,514400,BSE_EQ
BSE,GATECH,GATECH,531723,BSE_EQ
BSE,GATECHDVR,GATECHDVR,570005,BSE_EQ
BSE,GATEWAY,GATEWAY,543489,BSE_EQ
BSE,GAUDIUMIVF,GAUDIUMIVF,544709,BSE_EQ
BSE,GAYAHWS,GAYAHWS,541546,BSE_EQ
BSE,GAYAPROJ,GAYAPROJ,532767,BSE_EQ
BSE,GAYATRI,GAYATRI,532183,BSE_EQ
BSE,GAYATRIBI,GAYATRIBI,524564,BSE_EQ
BSE,GBFL,GBFL,538787,BSE_EQ
BSE,GBLOGISTIC,GBLOGISTIC,544348,BSE_EQ
BSE,GCMCAPI,GCMCAPI,538319,BSE_EQ
BSE,GCMCOMM,GCMCOMM,535917,BSE_EQ
BSE,GCMSECU,GCMSECU,535431,BSE_EQ
BSE,GCONNECT,GCONNECT,544156,BSE_EQ
BSE,GCSL,GCSL,543324,BSE_EQ
BSE,GDIL,GDIL,512091,BSE_EQ
BSE,GDLLEAS,GDLLEAS,530855,BSE_EQ
BSE,GEE,GEE,504028,BSE_EQ
BSE,GEECEE,GEECEE,532764,BSE_EQ
BSE,GEL,GEL,540613,BSE_EQ
BSE,GEMAROMA,GEMAROMA,544491,BSE_EQ
BSE,GEMENVIRO,GEMENVIRO,544199,BSE_EQ
BSE,GEMSI,GEMSI,531137,BSE_EQ
BSE,GEMSPIN,GEMSPIN,521133,BSE_EQ
BSE,GENCON,GENCON,539407,BSE_EQ
BSE,GENESYS,GENESYS,506109,BSE_EQ
BSE,GENNEX,GENNEX,531739,BSE_EQ
BSE,GENPHARMA,GENPHARMA,531592,BSE_EQ
BSE,GENUSPAPER,GENUSPAPER,538961,BSE_EQ
BSE,GENUSPOWER,GENUSPOWER,530343,BSE_EQ
BSE,GENUSPRIME,GENUSPRIME,532425,BSE_EQ
BSE,GEOJITFSL,GEOJITFSL,532285,BSE_EQ
BSE,GESHIP,GESHIP,500620,BSE_EQ
BSE,GETALONG,GETALONG,543372,BSE_EQ
BSE,GFLLIMITED,GFLLIMITED,500173,BSE_EQ
BSE,GGAUTO,GGAUTO,531399,BSE_EQ
BSE,GGDPROP,GGDPROP,505250,BSE_EQ
BSE,GGL,GGL,540936,BSE_EQ
BSE,GGPL,GGPL,539228,BSE_EQ
BSE,GHCL,GHCL,500171,BSE_EQ
BSE,GHCLTEXTIL,GHCLTEXTIL,543918,BSE_EQ
BSE,GHUSHINE,GHUSHINE,539864,BSE_EQ
BSE,GHVINFRA,GHVINFRA,505504,BSE_EQ
BSE,GIANLIFE,GIANLIFE,542918,BSE_EQ
BSE,GICHSGFIN,GICHSGFIN,511676,BSE_EQ
BSE,GICRE,GICRE,540755,BSE_EQ
BSE,GILADAFINS,GILADAFINS,538788,BSE_EQ
BSE,GILLANDERS,GILLANDERS,532716,BSE_EQ
BSE,GILLETTE,GILLETTE,507815,BSE_EQ
BSE,GILT10BETA,GILT10BETA,544104,BSE_EQ
BSE,GILT5BETA,GILT5BETA,544103,BSE_EQ
BSE,GINISILK,GINISILK,531744,BSE_EQ
BSE,GINNIFILA,GINNIFILA,590025,BSE_EQ
BSE,GIPCL,GIPCL,517300,BSE_EQ
BSE,GITARENEW,GITARENEW,539013,BSE_EQ
BSE,GKB,GKB,533212,BSE_EQ
BSE,GKCONS,GKCONS,531758,BSE_EQ
BSE,GKENERGY,GKENERGY,544525,BSE_EQ
BSE,GKL,GKL,540545,BSE_EQ
BSE,GKP,GKP,542666,BSE_EQ
BSE,GKSL,GKSL,544666,BSE_EQ
BSE,GLAAMUP,GLAAMUP,542477,BSE_EQ
BSE,GLANCE,GLANCE,531199,BSE_EQ
BSE,GLAND,GLAND,543245,BSE_EQ
BSE,GLAXO,GLAXO,500660,BSE_EQ
BSE,GLCL,GLCL,540266,BSE_EQ
BSE,GLEN,GLEN,544444,BSE_EQ
BSE,GLENMARK,GLENMARK,532296,BSE_EQ
BSE,GLFL,GLFL,500174,BSE_EQ
BSE,GLHRL,GLHRL,543520,BSE_EQ
BSE,GLITTEKG,GLITTEKG,513528,BSE_EQ
BSE,GLOBALCA,GLOBALCA,530263,BSE_EQ
BSE,GLOBALE,GLOBALE,544234,BSE_EQ
BSE,GLOBALLOG,GLOBALLOG,544665,BSE_EQ
BSE,GLOBALVECT,GLOBALVECT,532773,BSE_EQ
BSE,GLOBECIVIL,GLOBECIVIL,544424,BSE_EQ
BSE,GLOBTIER,GLOBTIER,544494,BSE_EQ
BSE,GLOBUSCON,GLOBUSCON,526025,BSE_EQ
BSE,GLOBUSSPR,GLOBUSSPR,533104,BSE_EQ
BSE,GLOSTERLTD,GLOSTERLTD,542351,BSE_EQ
BSE,GLOTTIS,GLOTTIS,544557,BSE_EQ
BSE,GLPL,GLPL,544759,BSE_EQ
BSE,GMBREW,GMBREW,507488,BSE_EQ
BSE,GMDCLTD,GMDCLTD,532181,BSE_EQ
BSE,GMMPFAUDLR,GMMPFAUDLR,505255,BSE_EQ
BSE,GMPL,GMPL,543239,BSE_EQ
BSE,GMRAIRPORT,GMRAIRPORT,532754,BSE_EQ
BSE,GMRP&UI,GMRP&UI,543490,BSE_EQ
BSE,GNA,GNA,540124,BSE_EQ
BSE,GNFC,GNFC,500670,BSE_EQ
BSE,GNRL,GNRL,513536,BSE_EQ
BSE,GOACARBON,GOACARBON,509567,BSE_EQ
BSE,GOBLIN,GOBLIN,542850,BSE_EQ
BSE,GOCLCORP,GOCLCORP,506480,BSE_EQ
BSE,GOCOLORS,GOCOLORS,543401,BSE_EQ
BSE,GODAVARI,GODAVARI,530317,BSE_EQ
BSE,GODAVARIB,GODAVARIB,544279,BSE_EQ
BSE,GODFRYPHLP,GODFRYPHLP,500163,BSE_EQ
BSE,GODIGIT,GODIGIT,544179,BSE_EQ
BSE,GODREJAGRO,GODREJAGRO,540743,BSE_EQ
BSE,GODREJCP,GODREJCP,532424,BSE_EQ
BSE,GODREJIND,GODREJIND,500164,BSE_EQ
BSE,GODREJPROP,GODREJPROP,533150,BSE_EQ
BSE,GOEL,GOEL,543538,BSE_EQ
BSE,GOELCONS,GOELCONS,544504,BSE_EQ
BSE,GOGIACAPGL,GOGIACAPGL,531600,BSE_EQ
BSE,GOKAKTEX,GOKAKTEX,532957,BSE_EQ
BSE,GOKEX,GOKEX,532630,BSE_EQ
BSE,GOKUL,GOKUL,532980,BSE_EQ
BSE,GOKULAGRO,GOKULAGRO,539725,BSE_EQ
BSE,GOLCA,GOLCA,531928,BSE_EQ
BSE,GOLD1,GOLD1,590097,BSE_EQ
BSE,GOLD360,GOLD360,544375,BSE_EQ
BSE,GOLDADD,GOLDADD,543903,BSE_EQ
BSE,GOLDAXIS,GOLDAXIS,533570,BSE_EQ
BSE,GOLDBEES,GOLDBEES,590095,BSE_EQ
BSE,GOLDBETA,GOLDBETA,590101,BSE_EQ
BSE,GOLDBND,GOLDBND,544638,BSE_EQ
BSE,GOLDCASE,GOLDCASE,544132,BSE_EQ
BSE,GOLDCOINHF,GOLDCOINHF,538542,BSE_EQ
BSE,GOLDENCREST,GOLDENCREST,540062,BSE_EQ
BSE,GOLDENTOBC,GOLDENTOBC,500151,BSE_EQ
BSE,GOLDETF,GOLDETF,543781,BSE_EQ
BSE,GOLDIAM,GOLDIAM,526729,BSE_EQ
BSE,GOLDIETF,GOLDIETF,533244,BSE_EQ
BSE,GOLDLEG,GOLDLEG,509024,BSE_EQ
BSE,GOLDTECH,GOLDTECH,531439,BSE_EQ
BSE,GOLECHA,GOLECHA,531360,BSE_EQ
BSE,GOLKUNDIA,GOLKUNDIA,523676,BSE_EQ
BSE,GOODLUCK,GOODLUCK,530655,BSE_EQ
BSE,GOODRICKE,GOODRICKE,500166,BSE_EQ
BSE,GOODYEAR,GOODYEAR,500168,BSE_EQ
BSE,GOPAL,GOPAL,544140,BSE_EQ
BSE,GORANIN,GORANIN,531608,BSE_EQ
BSE,GOTHIPL,GOTHIPL,531111,BSE_EQ
BSE,GOURMET,GOURMET,506134,BSE_EQ
BSE,GOWRALE,GOWRALE,530709,BSE_EQ
BSE,GOYALALUM,GOYALALUM,541152,BSE_EQ
BSE,GOYALASS,GOYALASS,530663,BSE_EQ
BSE,GPAPL,GPAPL,544548,BSE_EQ
BSE,GPIL,GPIL,532734,BSE_EQ
BSE,GPPL,GPPL,533248,BSE_EQ
BSE,GPSL,GPSL,544108,BSE_EQ
BSE,GPTHEALTH,GPTHEALTH,544131,BSE_EQ
BSE,GPTINFRA,GPTINFRA,533761,BSE_EQ
BSE,GRAMEVA,GRAMEVA,539120,BSE_EQ
BSE,GRANDMA,GRANDMA,504369,BSE_EQ
BSE,GRANDOAK,GRANDOAK,523862,BSE_EQ
BSE,GRANULES,GRANULES,532482,BSE_EQ
BSE,GRAPHITE,GRAPHITE,509488,BSE_EQ
BSE,GRASIM,GRASIM,500300,BSE_EQ
BSE,GRATEXI,GRATEXI,526751,BSE_EQ
BSE,GRAUWEIL,GRAUWEIL,505710,BSE_EQ
BSE,GRAVISSHO,GRAVISSHO,509546,BSE_EQ
BSE,GRAVITA,GRAVITA,533282,BSE_EQ
BSE,GRAVITY,GRAVITY,532015,BSE_EQ
BSE,GREAVESCOT,GREAVESCOT,501455,BSE_EQ
BSE,GREENCREST,GREENCREST,531737,BSE_EQ
BSE,GREENLAM,GREENLAM,538979,BSE_EQ
BSE,GREENPANEL,GREENPANEL,542857,BSE_EQ
BSE,GREENPLY,GREENPLY,526797,BSE_EQ
BSE,GREENPOWER,GREENPOWER,533263,BSE_EQ
BSE,GRERENEW,GRERENEW,544682,BSE_EQ
BSE,GRINDWELL,GRINDWELL,506076,BSE_EQ
BSE,GRINFRA,GRINFRA,543317,BSE_EQ
BSE,GRMOVER,GRMOVER,531449,BSE_EQ
BSE,GROARC,GROARC,532315,BSE_EQ
BSE,GROVY,GROVY,539522,BSE_EQ
BSE,GROWINGTON,GROWINGTON,539222,BSE_EQ
BSE,GROWW,GROWW,544603,BSE_EQ
BSE,GROWWDEFNC,GROWWDEFNC,590157,BSE_EQ
BSE,GROWWGOLD,GROWWGOLD,590156,BSE_EQ
BSE,GROWWHOSPI,GROWWHOSPI,544721,BSE_EQ
BSE,GROWWLIQID,GROWWLIQID,590159,BSE_EQ
BSE,GROWWPOWER,GROWWPOWER,544473,BSE_EQ
BSE,GROWWRAIL,GROWWRAIL,590158,BSE_EQ
BSE,GROWWSLVR,GROWWSLVR,590155,BSE_EQ
BSE,GRPLTD,GRPLTD,509152,BSE_EQ
BSE,GRSE,GRSE,542011,BSE_EQ
BSE,GRWRHITECH,GRWRHITECH,500655,BSE_EQ
BSE,GSAUTO,GSAUTO,513059,BSE_EQ
BSE,GSBFIN,GSBFIN,511543,BSE_EQ
BSE,GSEC10ABSL,GSEC10ABSL,544228,BSE_EQ
BSE,GSEC10IETF,GSEC10IETF,543700,BSE_EQ
BSE,GSEC10YEAR,GSEC10YEAR,543875,BSE_EQ
BSE,GSEC5IETF,GSEC5IETF,543480,BSE_EQ
BSE,GSFC,GSFC,500690,BSE_EQ
BSE,GSLSEC,GSLSEC,530469,BSE_EQ
BSE,GSLSU,GSLSU,543829,BSE_EQ
BSE,GSLTD,GSLTD,506186,BSE_EQ
BSE,GSPCROP,GSPCROP,544733,BSE_EQ
BSE,GSS,GSS,532951,BSE_EQ
BSE,GSTL,GSTL,540654,BSE_EQ
BSE,GTIL,GTIL,544675,BSE_EQ
BSE,GTL,GTL,500160,BSE_EQ
BSE,GTLINFRA,GTLINFRA,532775,BSE_EQ
BSE,GTNINDS,GTNINDS,500170,BSE_EQ
BSE,GTNTEX,GTNTEX,532744,BSE_EQ
BSE,GTPL,GTPL,540602,BSE_EQ
BSE,GTTDATA,GTTDATA,530457,BSE_EQ
BSE,GTV,GTV,539479,BSE_EQ
BSE,GUFICBIO,GUFICBIO,509079,BSE_EQ
BSE,GUJALKALI,GUJALKALI,530001,BSE_EQ
BSE,GUJAPOLLO,GUJAPOLLO,522217,BSE_EQ
BSE,GUJARATPOLY,GUJARATPOLY,517288,BSE_EQ
BSE,GUJCONT,GUJCONT,513507,BSE_EQ
BSE,GUJCOTEX,GUJCOTEX,514386,BSE_EQ
BSE,GUJCRAFT,GUJCRAFT,526965,BSE_EQ
BSE,GUJCRED,GUJCRED,511441,BSE_EQ
BSE,GUJENERGY,GUJENERGY,539336,BSE_EQ
BSE,GUJHOTE,GUJHOTE,507960,BSE_EQ
BSE,GUJHYSPIN,GUJHYSPIN,540938,BSE_EQ
BSE,GUJINJEC,GUJINJEC,524238,BSE_EQ
BSE,GUJINTRX,GUJINTRX,517372,BSE_EQ
BSE,GUJINV,GUJINV,531341,BSE_EQ
BSE,GUJJUBHAI,GUJJUBHAI,532070,BSE_EQ
BSE,GUJPETR,GUJPETR,506858,BSE_EQ
BSE,GUJRAFFIA,GUJRAFFIA,523836,BSE_EQ
BSE,GUJSTATFIN,GUJSTATFIN,532160,BSE_EQ
BSE,GUJTERC,GUJTERC,524314,BSE_EQ
BSE,GUJTHEM,GUJTHEM,506879,BSE_EQ
BSE,GUJTLRM,GUJTLRM,513337,BSE_EQ
BSE,GUJWIND,GUJWIND,541627,BSE_EQ
BSE,GULFOILLUB,GULFOILLUB,538567,BSE_EQ
BSE,GULFPETRO,GULFPETRO,532543,BSE_EQ
BSE,GULPOLY,GULPOLY,532457,BSE_EQ
BSE,GVBL,GVBL,539206,BSE_EQ
BSE,GVKPIL,GVKPIL,532708,BSE_EQ
BSE,GVL,GVL,544163,BSE_EQ
BSE,GVPIL,GVPIL,532309,BSE_EQ
BSE,GVT&D,GVT&D,522275,BSE_EQ
BSE,GYANDEV,GYANDEV,530141,BSE_EQ
BSE,GYFTR,GYFTR,507912,BSE_EQ
BSE,H1861D46DD,H1861D46DD,543484,BSE_EQ
BSE,H1861D46DG,H1861D46DG,543483,BSE_EQ
BSE,H1861D46DQ,H1861D46DQ,543485,BSE_EQ
BSE,H1861D46RD,H1861D46RD,543487,BSE_EQ
BSE,H1861D46RG,H1861D46RG,543486,BSE_EQ
BSE,H1861D46RQ,H1861D46RQ,543488,BSE_EQ
BSE,H187646RG,H187646RG,543509,BSE_EQ
BSE,H1876D46DD,H1876D46DD,543507,BSE_EQ
BSE,H1876D46DG,H1876D46DG,543506,BSE_EQ
BSE,H1876D46DQ,H1876D46DQ,543508,BSE_EQ
BSE,H1876D46RD,H1876D46RD,543510,BSE_EQ
BSE,H1876D46RQ,H1876D46RQ,543511,BSE_EQ
BSE,HAL,HAL,541154,BSE_EQ
BSE,HALDER,HALDER,539854,BSE_EQ
BSE,HALDYNGL,HALDYNGL,515147,BSE_EQ
BSE,HALEOSLABS,HALEOSLABS,540679,BSE_EQ
BSE,HAMPS,HAMPS,544312,BSE_EQ
BSE,HAMPTON,HAMPTON,526407,BSE_EQ
BSE,HANMAN,HANMAN,538731,BSE_EQ
BSE,HANNAH,HANNAH,544687,BSE_EQ
BSE,HANSUGAR,HANSUGAR,537709,BSE_EQ
BSE,HAPPSTMNDS,HAPPSTMNDS,543227,BSE_EQ
BSE,HAPPYFORGE,HAPPYFORGE,544057,BSE_EQ
BSE,HARAFIN,HARAFIN,530927,BSE_EQ
BSE,HARDCAS,HARDCAS,509597,BSE_EQ
BSE,HARDWYN,HARDWYN,541276,BSE_EQ
BSE,HARIAAPL,HARIAAPL,538081,BSE_EQ
BSE,HARIAEXPO,HARIAEXPO,512604,BSE_EQ
BSE,HARIKANTA,HARIKANTA,544769,BSE_EQ
BSE,HARIOMPIPE,HARIOMPIPE,543517,BSE_EQ
BSE,HARISH,HARISH,542682,BSE_EQ
BSE,HARLETH,HARLETH,524080,BSE_EQ
BSE,HARRMALAYA,HARRMALAYA,500467,BSE_EQ
BSE,HARSHA,HARSHA,543600,BSE_EQ
BSE,HARSHDEEP,HARSHDEEP,544105,BSE_EQ
BSE,HARSHILAGR,HARSHILAGR,505336,BSE_EQ
BSE,HARYNACAP,HARYNACAP,532855,BSE_EQ
BSE,HASTIFIN,HASTIFIN,531387,BSE_EQ
BSE,HATHWAY,HATHWAY,533162,BSE_EQ
BSE,HATHWAYB,HATHWAYB,509073,BSE_EQ
BSE,HATSUN,HATSUN,531531,BSE_EQ
BSE,HAVELLS,HAVELLS,517354,BSE_EQ
BSE,HAVISHA,HAVISHA,531322,BSE_EQ
BSE,HAWAENG,HAWAENG,539176,BSE_EQ
BSE,HAWKINCOOK,HAWKINCOOK,508486,BSE_EQ
BSE,HAZOOR,HAZOOR,532467,BSE_EQ
BSE,HBEL,HBEL,542592,BSE_EQ
BSE,HBESD,HBESD,532334,BSE_EQ
BSE,HBGHOTELS,HBGHOTELS,537839,BSE_EQ
BSE,HBLEAS,HBLEAS,508956,BSE_EQ
BSE,HBLENGINE,HBLENGINE,517271,BSE_EQ
BSE,HBPOR,HBPOR,532333,BSE_EQ
BSE,HBSL,HBSL,532216,BSE_EQ
BSE,HCC,HCC,500185,BSE_EQ
BSE,HCG,HCG,539787,BSE_EQ
BSE,HCKKVENTURE,HCKKVENTURE,539224,BSE_EQ
BSE,HCL-INSYS,HCL-INSYS,500179,BSE_EQ
BSE,HCLTD,HCLTD,538652,BSE_EQ
BSE,HCLTECH,HCLTECH,532281,BSE_EQ
BSE,HCPO36MJDD,HCPO36MJDD,537379,BSE_EQ
BSE,HCPO36MJDG,HCPO36MJDG,537378,BSE_EQ
BSE,HCPO36MJRD,HCPO36MJRD,537381,BSE_EQ
BSE,HDBFS,HDBFS,544429,BSE_EQ
BSE,HDFC2638DG,HDFC2638DG,543793,BSE_EQ
BSE,HDFC2638DQ,HDFC2638DQ,543794,BSE_EQ
BSE,HDFC2638RD,HDFC2638RD,543796,BSE_EQ
BSE,HDFC2638RG,HDFC2638RG,543795,BSE_EQ
BSE,HDFC2638RQ,HDFC2638RQ,543797,BSE_EQ
BSE,HDFCAMC,HDFCAMC,541729,BSE_EQ
BSE,HDFCBANK,HDFCBANK,500180,BSE_EQ
BSE,HDFCBSE500,HDFCBSE500,543774,BSE_EQ
BSE,HDFCGOLD,HDFCGOLD,533230,BSE_EQ
BSE,HDFCGROWTH,HDFCGROWTH,543607,BSE_EQ
BSE,HDFCLIFE,HDFCLIFE,540777,BSE_EQ
BSE,HDFCLIQUID,HDFCLIQUID,543973,BSE_EQ
BSE,HDFCLOWVOL,HDFCLOWVOL,543627,BSE_EQ
BSE,HDFCMID150,HDFCMID150,543776,BSE_EQ
BSE,HDFCMOMENT,HDFCMOMENT,543628,BSE_EQ
BSE,HDFCNEXT50,HDFCNEXT50,543570,BSE_EQ
BSE,HDFCNIF100,HDFCNIF100,543569,BSE_EQ
BSE,HDFCNIFBAN,HDFCNIFBAN,543224,BSE_EQ
BSE,HDFCNIFIT,HDFCNIFIT,543665,BSE_EQ
BSE,HDFCNIFTY,HDFCNIFTY,539516,BSE_EQ
BSE,HDFCPSUBK,HDFCPSUBK,544110,BSE_EQ
BSE,HDFCPVTBAN,HDFCPVTBAN,543666,BSE_EQ
BSE,HDFCQUAL,HDFCQUAL,543605,BSE_EQ
BSE,HDFCSENSEX,HDFCSENSEX,539517,BSE_EQ
BSE,HDFCSILVER,HDFCSILVER,543592,BSE_EQ
BSE,HDFCSML250,HDFCSML250,543775,BSE_EQ
BSE,HDFCVALUE,HDFCVALUE,543608,BSE_EQ
BSE,HDIL,HDIL,532873,BSE_EQ
BSE,HEADSUP,HEADSUP,540210,BSE_EQ
BSE,HEALINV,HEALINV,503689,BSE_EQ
BSE,HEALTHADD,HEALTHADD,544109,BSE_EQ
BSE,HEALTHAXIS,HEALTHAXIS,543348,BSE_EQ
BSE,HEALTHCARE,HEALTHCARE,544701,BSE_EQ
BSE,HEALTHIETF,HEALTHIETF,543292,BSE_EQ
BSE,HEALTHX,HEALTHX,533259,BSE_EQ
BSE,HEALTHY,HEALTHY,543473,BSE_EQ
BSE,HEALTHYLIFE,HEALTHYLIFE,543546,BSE_EQ
BSE,HEERAISP,HEERAISP,526967,BSE_EQ
BSE,HEG,HEG,509631,BSE_EQ
BSE,HEIDELBERG,HEIDELBERG,500292,BSE_EQ
BSE,HELLOJI,HELLOJI,544630,BSE_EQ
BSE,HELPAGE,HELPAGE,539174,BSE_EQ
BSE,HEMANG,HEMANG,531178,BSE_EQ
BSE,HEMIPROP,HEMIPROP,543242,BSE_EQ
BSE,HERANBA,HERANBA,543266,BSE_EQ
BSE,HERCULES,HERCULES,505720,BSE_EQ
BSE,HERITGFOOD,HERITGFOOD,519552,BSE_EQ
BSE,HEROMOTOCO,HEROMOTOCO,500182,BSE_EQ
BSE,HESTERBIO,HESTERBIO,524669,BSE_EQ
BSE,HEXAGON,HEXAGON,544785,BSE_EQ
BSE,HEXATRADEX,HEXATRADEX,534328,BSE_EQ
BSE,HEXT,HEXT,544362,BSE_EQ
BSE,HFCL,HFCL,500183,BSE_EQ
BSE,HFIL,HFIL,526899,BSE_EQ
BSE,HFMPCC50DD,HFMPCC50DD,543964,BSE_EQ
BSE,HFMPCC50RD,HFMPCC50RD,543967,BSE_EQ
BSE,HFMPCC75DD,HFMPCC75DD,543966,BSE_EQ
BSE,HFMPCC75RD,HFMPCC75RD,543968,BSE_EQ
BSE,HFMPM23DGR,HFMPM23DGR,543837,BSE_EQ
BSE,HFMPM23DND,HFMPM23DND,543838,BSE_EQ
BSE,HFMPM23DQD,HFMPM23DQD,543839,BSE_EQ
BSE,HFMPM23RGR,HFMPM23RGR,543840,BSE_EQ
BSE,HFMPM23RND,HFMPM23RND,543841,BSE_EQ
BSE,HFMPM23RQD,HFMPM23RQD,543842,BSE_EQ
BSE,HGINFRA,HGINFRA,541019,BSE_EQ
BSE,HGM,HGM,532761,BSE_EQ
BSE,HGS,HGS,532859,BSE_EQ
BSE,HIGHENE,HIGHENE,504176,BSE_EQ
BSE,HIGHNESS,HIGHNESS,544741,BSE_EQ
BSE,HIKAL,HIKAL,524735,BSE_EQ
BSE,HIKLASS,HIKLASS,542332,BSE_EQ
BSE,HILIKS,HILIKS,539697,BSE_EQ
BSE,HILINFRA,HILINFRA,544477,BSE_EQ
BSE,HILLTONE,HILLTONE,544308,BSE_EQ
BSE,HILTON,HILTON,532847,BSE_EQ
BSE,HIMATSEIDE,HIMATSEIDE,514043,BSE_EQ
BSE,HIMTEK,HIMTEK,505712,BSE_EQ
BSE,HINDADH,HINDADH,514428,BSE_EQ
BSE,HINDALCO,HINDALCO,500440,BSE_EQ
BSE,HINDALUMI,HINDALUMI,531979,BSE_EQ
BSE,HINDAPL,HINDAPL,531918,BSE_EQ
BSE,HINDBIO,HINDBIO,532041,BSE_EQ
BSE,HINDCOMPOS,HINDCOMPOS,509635,BSE_EQ
BSE,HINDCOPPER,HINDCOPPER,513599,BSE_EQ
BSE,HINDHARD,HINDHARD,505893,BSE_EQ
BSE,HINDMILL,HINDMILL,509895,BSE_EQ
BSE,HINDMOTORS,HINDMOTORS,500500,BSE_EQ
BSE,HINDOILEXP,HINDOILEXP,500186,BSE_EQ
BSE,HINDPETRO,HINDPETRO,500104,BSE_EQ
BSE,HINDTIN,HINDTIN,530315,BSE_EQ
BSE,HINDUNILVR,HINDUNILVR,500696,BSE_EQ
BSE,HINDUST,HINDUST,519574,BSE_EQ
BSE,HINDWAREAP,HINDWAREAP,542905,BSE_EQ
BSE,HINDZINC,HINDZINC,500188,BSE_EQ
BSE,HIPOLIN,HIPOLIN,530853,BSE_EQ
BSE,HIRAUTO,HIRAUTO,531743,BSE_EQ
BSE,HIRECT,HIRECT,504036,BSE_EQ
BSE,HISARMETAL,HISARMETAL,590018,BSE_EQ
BSE,HISARSP,HISARSP,521068,BSE_EQ
BSE,HITECH,HITECH,543411,BSE_EQ
BSE,HITECHCORP,HITECHCORP,526217,BSE_EQ
BSE,HITECHGEAR,HITECHGEAR,522073,BSE_EQ
BSE,HITKITGLO,HITKITGLO,532359,BSE_EQ
BSE,HITTCO,HITTCO,531661,BSE_EQ
BSE,HLEGLAS,HLEGLAS,522215,BSE_EQ
BSE,HLVLTD,HLVLTD,500193,BSE_EQ
BSE,HMAAGRO,HMAAGRO,543929,BSE_EQ
BSE,HMEML,HMEML,544349,BSE_EQ
BSE,HMT,HMT,500191,BSE_EQ
BSE,HMVL,HMVL,533217,BSE_EQ
BSE,HNDFDS,HNDFDS,519126,BSE_EQ
BSE,HNGSNGBEES,HNGSNGBEES,590113,BSE_EQ
BSE,HOCL,HOCL,500449,BSE_EQ
BSE,HOM,HOM,523387,BSE_EQ
BSE,HOMEFIRST,HOMEFIRST,543259,BSE_EQ
BSE,HONASA,HONASA,544014,BSE_EQ
BSE,HONAUT,HONAUT,517174,BSE_EQ
BSE,HONDAPOWER,HONDAPOWER,522064,BSE_EQ
BSE,HORIZON,HORIZON,544794,BSE_EQ
BSE,HOTLSILV,HOTLSILV,532145,BSE_EQ
BSE,HOWARHO,HOWARHO,526761,BSE_EQ
BSE,HPAL,HPAL,543433,BSE_EQ
BSE,HPBL,HPBL,526717,BSE_EQ
BSE,HPCOTTON,HPCOTTON,502873,BSE_EQ
BSE,HPIL,HPIL,543645,BSE_EQ
BSE,HPL,HPL,540136,BSE_EQ
BSE,HRS,HRS,544656,BSE_EQ
BSE,HRYNSHP,HRYNSHP,526931,BSE_EQ
BSE,HSBCGOLD,HSBCGOLD,544736,BSE_EQ
BSE,HSCL,HSCL,500184,BSE_EQ
BSE,HSIL,HSIL,543916,BSE_EQ
BSE,HTMEDIA,HTMEDIA,532662,BSE_EQ
BSE,HUBTOWN,HUBTOWN,532799,BSE_EQ
BSE,HUDCO,HUDCO,540530,BSE_EQ
BSE,HUHTAMAKI,HUHTAMAKI,509820,BSE_EQ
BSE,HVL,HVL,506024,BSE_EQ
BSE,HYBRIDFIN,HYBRIDFIN,500262,BSE_EQ
BSE,HYPERSOFT,HYPERSOFT,539724,BSE_EQ
BSE,HYUNDAI,HYUNDAI,544274,BSE_EQ
BSE,IBINFO,IBINFO,519463,BSE_EQ
BSE,IBULLSLTD,IBULLSLTD,533520,BSE_EQ
BSE,ICDSLTD,ICDSLTD,511194,BSE_EQ
BSE,ICICIAMC,ICICIAMC,544658,BSE_EQ
BSE,ICICIB22,ICICIB22,540787,BSE_EQ
BSE,ICICIBANK,ICICIBANK,532174,BSE_EQ
BSE,ICICIGI,ICICIGI,540716,BSE_EQ
BSE,ICICIPRULI,ICICIPRULI,540133,BSE_EQ
BSE,ICIL,ICIL,521016,BSE_EQ
BSE,ICL,ICL,538838,BSE_EQ
BSE,ICODEX,ICODEX,544483,BSE_EQ
BSE,ICON,ICON,544426,BSE_EQ
BSE,ICONIKSPEV,ICONIKSPEV,511260,BSE_EQ
BSE,ICRA,ICRA,532835,BSE_EQ
BSE,ICSL,ICSL,539149,BSE_EQ
BSE,IDBI,IDBI,500116,BSE_EQ
BSE,IDEA,IDEA,532822,BSE_EQ
BSE,IDEAFORGE,IDEAFORGE,543932,BSE_EQ
BSE,IDENTIXWEB,IDENTIXWEB,544388,BSE_EQ
BSE,IDFCFIRSTB,IDFCFIRSTB,539437,BSE_EQ
BSE,IDFSENSEXE,IDFSENSEXE,540154,BSE_EQ
BSE,IDFTP179DG,IDFTP179DG,542539,BSE_EQ
BSE,IDFTP179DH,IDFTP179DH,542541,BSE_EQ
BSE,IDFTP179RG,IDFTP179RG,542536,BSE_EQ
BSE,IDFTP179RP,IDFTP179RP,542537,BSE_EQ
BSE,IDREAM,IDREAM,504375,BSE_EQ
BSE,IECEDU,IECEDU,531840,BSE_EQ
BSE,IEX,IEX,540750,BSE_EQ
BSE,IFBAGRO,IFBAGRO,507438,BSE_EQ
BSE,IFBIND,IFBIND,505726,BSE_EQ
BSE,IFCI,IFCI,500106,BSE_EQ
BSE,IFGLEXPOR,IFGLEXPOR,540774,BSE_EQ
BSE,IFINSEC,IFINSEC,535667,BSE_EQ
BSE,IFINSER,IFINSER,539692,BSE_EQ
BSE,IFL,IFL,540377,BSE_EQ
BSE,IGARASHI,IGARASHI,517380,BSE_EQ
BSE,IGCIL,IGCIL,539449,BSE_EQ
BSE,IGCL,IGCL,544432,BSE_EQ
BSE,IGIL,IGIL,544311,BSE_EQ
BSE,IGL,IGL,532514,BSE_EQ
BSE,IGLFXPL-B,IGLFXPL-B,506945,BSE_EQ
BSE,IGPL,IGPL,500199,BSE_EQ
BSE,IIFL,IIFL,532636,BSE_EQ
BSE,IIFLCAPS,IIFLCAPS,542773,BSE_EQ
BSE,IIRM,IIRM,526530,BSE_EQ
BSE,IISL,IISL,540134,BSE_EQ
BSE,IITL,IITL,501295,BSE_EQ
BSE,IITLPROJ,IITLPROJ,531968,BSE_EQ
BSE,IKIO,IKIO,543923,BSE_EQ
BSE,IKOMA,IKOMA,531997,BSE_EQ
BSE,IKS,IKS,544309,BSE_EQ
BSE,IL&FSENGG,IL&FSENGG,532907,BSE_EQ
BSE,IL&FSTRANS,IL&FSTRANS,533177,BSE_EQ
BSE,IMAGICAA,IMAGICAA,539056,BSE_EQ
BSE,IMEC,IMEC,513295,BSE_EQ
BSE,IMFA,IMFA,533047,BSE_EQ
BSE,IMPAL,IMPAL,590065,BSE_EQ
BSE,INA,INA,543620,BSE_EQ
BSE,INANI,INANI,531129,BSE_EQ
BSE,INANISEC,INANISEC,531672,BSE_EQ
BSE,INCAP,INCAP,517370,BSE_EQ
BSE,INCON,INCON,531594,BSE_EQ
BSE,INCREDIBLE,INCREDIBLE,538365,BSE_EQ
BSE,INDAG,INDAG,509162,BSE_EQ
BSE,INDAGIV,INDAGIV,517077,BSE_EQ
BSE,INDBANK,INDBANK,511473,BSE_EQ
BSE,INDBNK,INDBNK,523465,BSE_EQ
BSE,INDCEMCAP,INDCEMCAP,511355,BSE_EQ
BSE,INDCTST,INDCTST,532001,BSE_EQ
BSE,INDERGR,INDERGR,531505,BSE_EQ
BSE,INDGELA,INDGELA,531253,BSE_EQ
BSE,INDGN,INDGN,544172,BSE_EQ
BSE,INDHOTEL,INDHOTEL,500850,BSE_EQ
BSE,INDIACEM,INDIACEM,530005,BSE_EQ
BSE,INDIAGLYCO,INDIAGLYCO,500201,BSE_EQ
BSE,INDIAHOME,INDIAHOME,530979,BSE_EQ
BSE,INDIAHOMES,INDIAHOMES,513361,BSE_EQ
BSE,INDIAMART,INDIAMART,542726,BSE_EQ
BSE,INDIANACRY,INDIANACRY,514165,BSE_EQ
BSE,INDIANB,INDIANB,532814,BSE_EQ
BSE,INDIANCARD,INDIANCARD,509692,BSE_EQ
BSE,INDIANHUME,INDIANHUME,504741,BSE_EQ
BSE,INDIANVSH,INDIANVSH,501700,BSE_EQ
BSE,INDIASHLTR,INDIASHLTR,544044,BSE_EQ
BSE,INDIGO,INDIGO,539448,BSE_EQ
BSE,INDIGOPNTS,INDIGOPNTS,543258,BSE_EQ
BSE,INDIGRID,INDIGRID,540565,BSE_EQ
BSE,INDINFO,INDINFO,509051,BSE_EQ
BSE,INDIQUBE,INDIQUBE,544454,BSE_EQ
BSE,INDLEASE,INDLEASE,500202,BSE_EQ
BSE,INDNIPPON,INDNIPPON,532240,BSE_EQ
BSE,INDOAMIN,INDOAMIN,524648,BSE_EQ
BSE,INDOBELL,INDOBELL,544334,BSE_EQ
BSE,INDOBORAX,INDOBORAX,524342,BSE_EQ
BSE,INDOCITY,INDOCITY,532100,BSE_EQ
BSE,INDOCO,INDOCO,532612,BSE_EQ
BSE,INDOCRED,INDOCRED,526887,BSE_EQ
BSE,INDOEURO,INDOEURO,524458,BSE_EQ
BSE,INDOFARM,INDOFARM,544328,BSE_EQ
BSE,INDOKEM,INDOKEM,504092,BSE_EQ
BSE,INDONG,INDONG,543769,BSE_EQ
BSE,INDORAMA,INDORAMA,500207,BSE_EQ
BSE,INDOSMC,INDOSMC,544681,BSE_EQ
BSE,INDOSTAR,INDOSTAR,541336,BSE_EQ
BSE,INDOTECH,INDOTECH,532717,BSE_EQ
BSE,INDOTHAI,INDOTHAI,533676,BSE_EQ
BSE,INDOUS,INDOUS,541304,BSE_EQ
BSE,INDOWIND,INDOWIND,532894,BSE_EQ
BSE,INDPRUD,INDPRUD,501298,BSE_EQ
BSE,INDRAMEDCO,INDRAMEDCO,532150,BSE_EQ
BSE,INDRANIB,INDRANIB,526445,BSE_EQ
BSE,INDRENEW,INDRENEW,536709,BSE_EQ
BSE,INDSILHYD,INDSILHYD,522165,BSE_EQ
BSE,INDSUCR,INDSUCR,500319,BSE_EQ
BSE,INDSWFTLAB,INDSWFTLAB,532305,BSE_EQ
BSE,INDTERRAIN,INDTERRAIN,533329,BSE_EQ
BSE,INDTONER,INDTONER,523586,BSE_EQ
BSE,INDUSFINL,INDUSFINL,531841,BSE_EQ
BSE,INDUSINDBK,INDUSINDBK,532187,BSE_EQ
BSE,INDUSINVIT,INDUSINVIT,544137,BSE_EQ
BSE,INDUSTOWER,INDUSTOWER,534816,BSE_EQ
BSE,INDXTRA,INDXTRA,524614,BSE_EQ
BSE,INFINITY,INFINITY,544567,BSE_EQ
BSE,INFLAME,INFLAME,541083,BSE_EQ
BSE,INFOBEAN,INFOBEAN,543644,BSE_EQ
BSE,INFOMEDIA,INFOMEDIA,509069,BSE_EQ
BSE,INFONATIVE,INFONATIVE,544393,BSE_EQ
BSE,INFORTEC,INFORTEC,504810,BSE_EQ
BSE,INFRA,INFRA,544704,BSE_EQ
BSE,INFRABEES,INFRABEES,543255,BSE_EQ
BSE,INFRAIETF,INFRAIETF,543571,BSE_EQ
BSE,INFRONICS,INFRONICS,537985,BSE_EQ
BSE,INFY,INFY,500209,BSE_EQ
BSE,INGERRAND,INGERRAND,500210,BSE_EQ
BSE,INLANPR,INLANPR,530787,BSE_EQ
BSE,INLCM,INLCM,504746,BSE_EQ
BSE,INNOKAIZ,INNOKAIZ,543905,BSE_EQ
BSE,INNOVACAP,INNOVACAP,544067,BSE_EQ
BSE,INNOVANA,INNOVANA,544302,BSE_EQ
BSE,INNOVATIVE,INNOVATIVE,541983,BSE_EQ
BSE,INNOVATORS,INNOVATORS,541353,BSE_EQ
BSE,INNOVISION,INNOVISION,544732,BSE_EQ
BSE,INNOVTEC,INNOVTEC,523840,BSE_EQ
BSE,INOXGREEN,INOXGREEN,543667,BSE_EQ
BSE,INOXINDIA,INOXINDIA,544046,BSE_EQ
BSE,INOXWIND,INOXWIND,539083,BSE_EQ
BSE,INSECTICID,INSECTICID,532851,BSE_EQ
BSE,INSIFHLSDG,INSIFHLSDG,544815,BSE_EQ
BSE,INSIFHLSDR,INSIFHLSDR,544817,BSE_EQ
BSE,INSIFHLSRD,INSIFHLSRD,544819,BSE_EQ
BSE,INSIFHLSRG,INSIFHLSRG,544818,BSE_EQ
BSE,INSIFHLSRR,INSIFHLSRR,544820,BSE_EQ
BSE,INSPIRISYS,INSPIRISYS,532774,BSE_EQ
BSE,INTCAPL,INTCAPL,531314,BSE_EQ
BSE,INTECCAP,INTECCAP,526871,BSE_EQ
BSE,INTEGFD,INTEGFD,519606,BSE_EQ
BSE,INTEGHIT,INTEGHIT,532303,BSE_EQ
BSE,INTEGRAEN,INTEGRAEN,505358,BSE_EQ
BSE,INTELLECT,INTELLECT,538835,BSE_EQ
BSE,INTENTECH,INTENTECH,532326,BSE_EQ
BSE,INTERARCH,INTERARCH,544232,BSE_EQ
BSE,INTERISE,INTERISE,541300,BSE_EQ
BSE,INTERNET,INTERNET,544438,BSE_EQ
BSE,INTETHR,INTETHR,530921,BSE_EQ
BSE,INTLCOMBQ,INTLCOMBQ,505737,BSE_EQ
BSE,INTLCONV,INTLCONV,509709,BSE_EQ
BSE,INTRGLB,INTRGLB,511391,BSE_EQ
BSE,INTSTOIL,INTSTOIL,530259,BSE_EQ
BSE,INVENTURE,INVENTURE,533506,BSE_EQ
BSE,INVIGO,INVIGO,511716,BSE_EQ
BSE,INVPRECQ,INVPRECQ,504786,BSE_EQ
BSE,IOB,IOB,532388,BSE_EQ
BSE,IOC,IOC,530965,BSE_EQ
BSE,IOLCP,IOLCP,524164,BSE_EQ
BSE,IONEXCHANG,IONEXCHANG,500214,BSE_EQ
BSE,IPCALAB,IPCALAB,524494,BSE_EQ
BSE,IPL,IPL,543311,BSE_EQ
BSE,IPRINGLTD,IPRINGLTD,523638,BSE_EQ
BSE,IPRU3315,IPRU3315,542552,BSE_EQ
BSE,IPRU3316,IPRU3316,542553,BSE_EQ
BSE,IPRU3533,IPRU3533,543815,BSE_EQ
BSE,IPRU3534,IPRU3534,543816,BSE_EQ
BSE,IPRU9517,IPRU9517,542555,BSE_EQ
BSE,IPRU9735,IPRU9735,543817,BSE_EQ
BSE,IPRU9736,IPRU9736,543818,BSE_EQ
BSE,IRB,IRB,532947,BSE_EQ
BSE,IRBINVIT,IRBINVIT,540526,BSE_EQ
BSE,IRCON,IRCON,541956,BSE_EQ
BSE,IRCTC,IRCTC,542830,BSE_EQ
BSE,IREDA,IREDA,544026,BSE_EQ
BSE,IRFC,IRFC,543257,BSE_EQ
BSE,IRIS,IRIS,540735,BSE_EQ
BSE,IRMENERGY,IRMENERGY,544004,BSE_EQ
BSE,IRONWOOD,IRONWOOD,508918,BSE_EQ
BSE,ISCITRUST,ISCITRUST,544005,BSE_EQ
BSE,ISERA,ISERA,534920,BSE_EQ
BSE,ISFL,ISFL,526859,BSE_EQ
BSE,ISFT,ISFT,533181,BSE_EQ
BSE,ISGEC,ISGEC,533033,BSE_EQ
BSE,ISHANCH,ISHANCH,531109,BSE_EQ
BSE,ISHITADR,ISHITADR,524400,BSE_EQ
BSE,ISHWATR,ISHWATR,506161,BSE_EQ
BSE,ISIFAAFDG,ISIFAAFDG,544776,BSE_EQ
BSE,ISIFAAFG,ISIFAAFG,544775,BSE_EQ
BSE,ISIFHLSDG,ISIFHLSDG,544697,BSE_EQ
BSE,ISIFHLSG,ISIFHLSG,544696,BSE_EQ
BSE,ISLCONSUL,ISLCONSUL,511609,BSE_EQ
BSE,ISTLTD,ISTLTD,508807,BSE_EQ
BSE,ISTRNETWK,ISTRNETWK,524622,BSE_EQ
BSE,ITADD,ITADD,543935,BSE_EQ
BSE,ITAXIS,ITAXIS,543347,BSE_EQ
BSE,ITBEES,ITBEES,590141,BSE_EQ
BSE,ITBETA,ITBETA,544102,BSE_EQ
BSE,ITC,ITC,500875,BSE_EQ
BSE,ITCHOTELS,ITCHOTELS,544325,BSE_EQ
BSE,ITCONS,ITCONS,543806,BSE_EQ
BSE,ITDC,ITDC,532189,BSE_EQ
BSE,ITETF,ITETF,544006,BSE_EQ
BSE,ITHL,ITHL,500213,BSE_EQ
BSE,ITI,ITI,523610,BSE_EQ
BSE,ITIETF,ITIETF,543221,BSE_EQ
BSE,ITL,ITL,522183,BSE_EQ
BSE,IVALUE,IVALUE,544523,BSE_EQ
BSE,IVC,IVC,511208,BSE_EQ
BSE,IVP,IVP,507580,BSE_EQ
BSE,IVZINGOLD,IVZINGOLD,533172,BSE_EQ
BSE,IWP,IWP,540954,BSE_EQ
BSE,IXIGO,IXIGO,544192,BSE_EQ
BSE,IZMO,IZMO,532341,BSE_EQ
BSE,J&KBANK,J&KBANK,532209,BSE_EQ
BSE,JACKSON,JACKSON,538422,BSE_EQ
BSE,JAFINANCE,JAFINANCE,543860,BSE_EQ
BSE,JAGAJITIND,JAGAJITIND,507155,BSE_EQ
BSE,JAGANLAM,JAGANLAM,530711,BSE_EQ
BSE,JAGJANANI,JAGJANANI,532825,BSE_EQ
BSE,JAGRAN,JAGRAN,532705,BSE_EQ
BSE,JAGSNPHARM,JAGSNPHARM,507789,BSE_EQ
BSE,JAGSONSER,JAGSONSER,530601,BSE_EQ
BSE,JAIBALAJI,JAIBALAJI,532976,BSE_EQ
BSE,JAICORPLTD,JAICORPLTD,512237,BSE_EQ
BSE,JAIHIND,JAIHIND,514312,BSE_EQ
BSE,JAIMATAG,JAIMATAG,523467,BSE_EQ
BSE,JAINCO,JAINCO,526865,BSE_EQ
BSE,JAINEX,JAINEX,505212,BSE_EQ
BSE,JAINMARMO,JAINMARMO,539119,BSE_EQ
BSE,JAINREC,JAINREC,544537,BSE_EQ
BSE,JAIPAN,JAIPAN,505840,BSE_EQ
BSE,JAMESWARREN,JAMESWARREN,538564,BSE_EQ
BSE,JAMNAAUTO,JAMNAAUTO,520051,BSE_EQ
BSE,JAMSHRI,JAMSHRI,502901,BSE_EQ
BSE,JARO,JARO,544534,BSE_EQ
BSE,JASCH,JASCH,500220,BSE_EQ
BSE,JASH,JASH,544402,BSE_EQ
BSE,JATTAINDUS,JATTAINDUS,514318,BSE_EQ
BSE,JAUSPOL,JAUSPOL,526001,BSE_EQ
BSE,JAYAGROGN,JAYAGROGN,524330,BSE_EQ
BSE,JAYANT,JAYANT,543544,BSE_EQ
BSE,JAYATMA,JAYATMA,539005,BSE_EQ
BSE,JAYBARMARU,JAYBARMARU,520066,BSE_EQ
BSE,JAYBHCR,JAYBHCR,501311,BSE_EQ
BSE,JAYCH,JAYCH,506520,BSE_EQ
BSE,JAYIND,JAYIND,531323,BSE_EQ
BSE,JAYKAILASH,JAYKAILASH,544160,BSE_EQ
BSE,JAYKAY,JAYKAY,500306,BSE_EQ
BSE,JAYNECOIND,JAYNECOIND,522285,BSE_EQ
BSE,JAYSREETEA,JAYSREETEA,509715,BSE_EQ
BSE,JAYSYNTH,JAYSYNTH,524592,BSE_EQ
BSE,JAYUSH,JAYUSH,513252,BSE_EQ
BSE,JBMA,JBMA,532605,BSE_EQ
BSE,JDCABLES,JDCABLES,544524,BSE_EQ
BSE,JENBURPH,JENBURPH,524731,BSE_EQ
BSE,JETFREIGHT,JETFREIGHT,543420,BSE_EQ
BSE,JETKINGQ,JETKINGQ,517063,BSE_EQ
BSE,JETSOLAR,JETSOLAR,538794,BSE_EQ
BSE,JFL,JFL,540850,BSE_EQ
BSE,JGCHEM,JGCHEM,544138,BSE_EQ
BSE,JGTL,JGTL,544112,BSE_EQ
BSE,JHACC,JHACC,531550,BSE_EQ
BSE,JHS,JHS,532771,BSE_EQ
BSE,JIGAR,JIGAR,540651,BSE_EQ
BSE,JINDALPHOT,JINDALPHOT,532624,BSE_EQ
BSE,JINDALPOLY,JINDALPOLY,500227,BSE_EQ
BSE,JINDALSAW,JINDALSAW,500378,BSE_EQ
BSE,JINDALSTEL,JINDALSTEL,532286,BSE_EQ
BSE,JINDCAP,JINDCAP,530405,BSE_EQ
BSE,JINDHOT,JINDHOT,507981,BSE_EQ
BSE,JINDRILL,JINDRILL,511034,BSE_EQ
BSE,JINDWORLD,JINDWORLD,531543,BSE_EQ
BSE,JIOFIN,JIOFIN,543940,BSE_EQ
BSE,JISLDVREQS,JISLDVREQS,570004,BSE_EQ
BSE,JISLJALEQS,JISLJALEQS,500219,BSE_EQ
BSE,JITFINFRA,JITFINFRA,540311,BSE_EQ
BSE,JIVIAL,JIVIAL,544805,BSE_EQ
BSE,JJFINCOR,JJFINCOR,523062,BSE_EQ
BSE,JKAGRI,JKAGRI,536493,BSE_EQ
BSE,JKCEMENT,JKCEMENT,532644,BSE_EQ
BSE,JKIL,JKIL,532940,BSE_EQ
BSE,JKIPL,JKIPL,544547,BSE_EQ
BSE,JKLAKSHMI,JKLAKSHMI,500380,BSE_EQ
BSE,JKPAPER,JKPAPER,532162,BSE_EQ
BSE,JKTYRE,JKTYRE,530007,BSE_EQ
BSE,JLHL,JLHL,543980,BSE_EQ
BSE,JLL,JLL,539947,BSE_EQ
BSE,JMDVL,JMDVL,511092,BSE_EQ
BSE,JMFINANCIL,JMFINANCIL,523405,BSE_EQ
BSE,JMJFIN,JMJFIN,538834,BSE_EQ
BSE,JNKINDIA,JNKINDIA,544167,BSE_EQ
BSE,JOHNPHARMA,JOHNPHARMA,532154,BSE_EQ
BSE,JOINDRE,JOINDRE,531861,BSE_EQ
BSE,JOINTECAED,JOINTECAED,534659,BSE_EQ
BSE,JOJO,JOJO,531910,BSE_EQ
BSE,JOLYPLS,JOLYPLS,507968,BSE_EQ
BSE,JONJUA,JONJUA,542446,BSE_EQ
BSE,JOSTS,JOSTS,505750,BSE_EQ
BSE,JPOLYINVST,JPOLYINVST,536773,BSE_EQ
BSE,JPPOWER,JPPOWER,532627,BSE_EQ
BSE,JPTRLES,JPTRLES,507987,BSE_EQ
BSE,JSFB,JSFB,544118,BSE_EQ
BSE,JSHL,JSHL,538765,BSE_EQ
BSE,JSL,JSL,532508,BSE_EQ
BSE,JSLINDL,JSLINDL,504080,BSE_EQ
BSE,JSLL,JSLL,544476,BSE_EQ
BSE,JSTL,JSTL,538837,BSE_EQ
BSE,JSWCEMENT,JSWCEMENT,544480,BSE_EQ
BSE,JSWDULUX,JSWDULUX,500710,BSE_EQ
BSE,JSWENERGY,JSWENERGY,533148,BSE_EQ
BSE,JSWHL,JSWHL,532642,BSE_EQ
BSE,JSWINFRA,JSWINFRA,543994,BSE_EQ
BSE,JSWSTEEL,JSWSTEEL,500228,BSE_EQ
BSE,JTEKTINDIA,JTEKTINDIA,520057,BSE_EQ
BSE,JTLIND,JTLIND,534600,BSE_EQ
BSE,JUBLCPL,JUBLCPL,544355,BSE_EQ
BSE,JUBLFOOD,JUBLFOOD,533155,BSE_EQ
BSE,JUBLINGREA,JUBLINGREA,543271,BSE_EQ
BSE,JUBLPHARMA,JUBLPHARMA,530019,BSE_EQ
BSE,JULIEN,JULIEN,536073,BSE_EQ
BSE,JUMBFNL,JUMBFNL,511060,BSE_EQ
BSE,JUMBO,JUMBO,516078,BSE_EQ
BSE,JUNGLECAMP,JUNGLECAMP,544304,BSE_EQ
BSE,JUNIORBEES,JUNIORBEES,590104,BSE_EQ
BSE,JUNIPER,JUNIPER,544129,BSE_EQ
BSE,JUPITERIN,JUPITERIN,534623,BSE_EQ
BSE,JUSTDIAL,JUSTDIAL,535648,BSE_EQ
BSE,JUSTO,JUSTO,544542,BSE_EQ
BSE,JWL,JWL,533272,BSE_EQ
BSE,JYOTHYLAB,JYOTHYLAB,532926,BSE_EQ
BSE,JYOTI,JYOTI,504076,BSE_EQ
BSE,JYOTICNC,JYOTICNC,544081,BSE_EQ
BSE,JYOTIN,JYOTIN,542544,BSE_EQ
BSE,JYOTIRES,JYOTIRES,514448,BSE_EQ
BSE,JYOTISTRUC,JYOTISTRUC,513250,BSE_EQ
BSE,KAARYAFSL,KAARYAFSL,540756,BSE_EQ
BSE,KABRADG,KABRADG,524322,BSE_EQ
BSE,KABRAEXTRU,KABRAEXTRU,524109,BSE_EQ
BSE,KABSON,KABSON,524675,BSE_EQ
BSE,KACHCHH,KACHCHH,531778,BSE_EQ
BSE,KACL,KACL,531780,BSE_EQ
BSE,KAHAN,KAHAN,543979,BSE_EQ
BSE,KAIRA,KAIRA,504840,BSE_EQ
BSE,KAIZENAGRO,KAIZENAGRO,538833,BSE_EQ
BSE,KAJALSY,KAJALSY,512147,BSE_EQ
BSE,KAJARIACER,KAJARIACER,500233,BSE_EQ
BSE,KAJARIR,KAJARIR,513693,BSE_EQ
BSE,KAKA,KAKA,543939,BSE_EQ
BSE,KAKATCEM,KAKATCEM,500234,BSE_EQ
BSE,KAKTEX,KAKTEX,521054,BSE_EQ
BSE,KALAMANDIR,KALAMANDIR,543989,BSE_EQ
BSE,KALIND,KALIND,526935,BSE_EQ
BSE,KALLAM,KALLAM,530201,BSE_EQ
BSE,KALPACOMME,KALPACOMME,539014,BSE_EQ
BSE,KALPATARU,KALPATARU,544423,BSE_EQ
BSE,KALYANCAP,KALYANCAP,538778,BSE_EQ
BSE,KALYANI,KALYANI,544023,BSE_EQ
BSE,KALYANIFRG,KALYANIFRG,513509,BSE_EQ
BSE,KALYANKJIL,KALYANKJIL,543278,BSE_EQ
BSE,KAMADGIRI,KAMADGIRI,514322,BSE_EQ
BSE,KAMAHOLD,KAMAHOLD,532468,BSE_EQ
BSE,KAMANWALA,KAMANWALA,511131,BSE_EQ
BSE,KAMATHOTEL,KAMATHOTEL,526668,BSE_EQ
BSE,KAMATS,KAMATS,539659,BSE_EQ
BSE,KAMDHENU,KAMDHENU,532741,BSE_EQ
BSE,KAMOPAINTS,KAMOPAINTS,543747,BSE_EQ
BSE,KANANIIND,KANANIIND,506184,BSE_EQ
BSE,KANCHI,KANCHI,538896,BSE_EQ
BSE,KANCOTEA,KANCOTEA,541005,BSE_EQ
BSE,KANISHK,KANISHK,544693,BSE_EQ
BSE,KANORICHEM,KANORICHEM,506525,BSE_EQ
BSE,KANPRPLA,KANPRPLA,507779,BSE_EQ
BSE,KANSAINER,KANSAINER,500165,BSE_EQ
BSE,KANSHST,KANSHST,513456,BSE_EQ
BSE,KANUNGO,KANUNGO,540515,BSE_EQ
BSE,KAPILRAJ,KAPILRAJ,539679,BSE_EQ
BSE,KARANWO,KARANWO,526115,BSE_EQ
BSE,KARBON,KARBON,544511,BSE_EQ
BSE,KARMAENG,KARMAENG,533451,BSE_EQ
BSE,KARNAVATI,KARNAVATI,538928,BSE_EQ
BSE,KARNAWATI,KARNAWATI,531671,BSE_EQ
BSE,KARTKIN,KARTKIN,501151,BSE_EQ
BSE,KARURVYSYA,KARURVYSYA,590003,BSE_EQ
BSE,KASTURI,KASTURI,544688,BSE_EQ
BSE,KATIPATANG,KATIPATANG,531126,BSE_EQ
BSE,KATRSPG,KATRSPG,502933,BSE_EQ
BSE,KAUSHALYA,KAUSHALYA,532925,BSE_EQ
BSE,KAVDEFENCE,KAVDEFENCE,590041,BSE_EQ
BSE,KAYA,KAYA,539276,BSE_EQ
BSE,KAYCEEI,KAYCEEI,504084,BSE_EQ
BSE,KAYNES,KAYNES,543664,BSE_EQ
BSE,KAYPOWR,KAYPOWR,530255,BSE_EQ
BSE,KBSINDIA,KBSINDIA,530357,BSE_EQ
BSE,KCDGROUP,KCDGROUP,540696,BSE_EQ
BSE,KCL,KCL,539393,BSE_EQ
BSE,KCLINFRA,KCLINFRA,531784,BSE_EQ
BSE,KCP,KCP,590066,BSE_EQ
BSE,KCPSUGIND,KCPSUGIND,533192,BSE_EQ
BSE,KCSL,KCSL,537784,BSE_EQ
BSE,KDDL,KDDL,532054,BSE_EQ
BSE,KDML,KDML,539788,BSE_EQ
BSE,KEC,KEC,532714,BSE_EQ
BSE,KECL,KECL,533193,BSE_EQ
BSE,KEEPLEARN,KEEPLEARN,526677,BSE_EQ
BSE,KEERTHI,KEERTHI,518011,BSE_EQ
BSE,KEI,KEI,517569,BSE_EQ
BSE,KEIL,KEIL,539620,BSE_EQ
BSE,KEL,KEL,539599,BSE_EQ
BSE,KELENRG,KELENRG,506528,BSE_EQ
BSE,KELLTONTEC,KELLTONTEC,519602,BSE_EQ
BSE,KEMISTAR,KEMISTAR,531163,BSE_EQ
BSE,KEMP,KEMP,506530,BSE_EQ
BSE,KENFIN,KENFIN,530547,BSE_EQ
BSE,KENNAMET,KENNAMET,505890,BSE_EQ
BSE,KENRIK,KENRIK,544398,BSE_EQ
BSE,KENVI,KENVI,540953,BSE_EQ
BSE,KERALAYUR,KERALAYUR,530163,BSE_EQ
BSE,KERNEX,KERNEX,532686,BSE_EQ
BSE,KESAR,KESAR,543542,BSE_EQ
BSE,KESARENT,KESARENT,507180,BSE_EQ
BSE,KESARPE,KESARPE,524174,BSE_EQ
BSE,KESORAMIND,KESORAMIND,502937,BSE_EQ
BSE,KEYCORP,KEYCORP,507948,BSE_EQ
BSE,KEYFINSERV,KEYFINSERV,512597,BSE_EQ
BSE,KFBL,KFBL,507474,BSE_EQ
BSE,KFINTECH,KFINTECH,543720,BSE_EQ
BSE,KGDENIM,KGDENIM,500239,BSE_EQ
BSE,KGES,KGES,543289,BSE_EQ
BSE,KGPETRO,KGPETRO,531609,BSE_EQ
BSE,KGVL,KGVL,544270,BSE_EQ
BSE,KHADIM,KHADIM,540775,BSE_EQ
BSE,KHAICHEM,KHAICHEM,507794,BSE_EQ
BSE,KHAITANLTD,KHAITANLTD,590068,BSE_EQ
BSE,KHANDSE,KHANDSE,531892,BSE_EQ
BSE,KHAZANCHI,KHAZANCHI,543953,BSE_EQ
BSE,KHOOBSURAT,KHOOBSURAT,535730,BSE_EQ
BSE,KHYATI,KHYATI,531692,BSE_EQ
BSE,KIAASA,KIAASA,544711,BSE_EQ
BSE,KICL,KICL,533302,BSE_EQ
BSE,KIDUJA,KIDUJA,507946,BSE_EQ
BSE,KIFS,KIFS,535566,BSE_EQ
BSE,KILITCH,KILITCH,524500,BSE_EQ
BSE,KIMIABL,KIMIABL,530313,BSE_EQ
BSE,KIMS,KIMS,543308,BSE_EQ
BSE,KINETICENG,KINETICENG,500240,BSE_EQ
BSE,KINETRU,KINETRU,531274,BSE_EQ
BSE,KINGFA,KINGFA,524019,BSE_EQ
BSE,KINGSINFR,KINGSINFR,530215,BSE_EQ
BSE,KIOCL,KIOCL,540680,BSE_EQ
BSE,KIRANSY-B,KIRANSY-B,530443,BSE_EQ
BSE,KIRANVYPAR,KIRANVYPAR,537750,BSE_EQ
BSE,KIRIINDUS,KIRIINDUS,532967,BSE_EQ
BSE,KIRLFER,KIRLFER,500245,BSE_EQ
BSE,KIRLOSBROS,KIRLOSBROS,500241,BSE_EQ
BSE,KIRLOSENG,KIRLOSENG,533293,BSE_EQ
BSE,KIRLOSIND,KIRLOSIND,500243,BSE_EQ
BSE,KIRLPNU,KIRLPNU,505283,BSE_EQ
BSE,KISAAN,KISAAN,519230,BSE_EQ
BSE,KISAN,KISAN,530145,BSE_EQ
BSE,KISSHT,KISSHT,544754,BSE_EQ
BSE,KITEX,KITEX,521248,BSE_EQ
BSE,KIZI,KIZI,544221,BSE_EQ
BSE,KJMCCORP,KJMCCORP,532304,BSE_EQ
BSE,KJMCFIN,KJMCFIN,530235,BSE_EQ
BSE,KKALPANAIND,KKALPANAIND,526409,BSE_EQ
BSE,KKCL,KKCL,532732,BSE_EQ
BSE,KKPLASTICK,KKPLASTICK,523652,BSE_EQ
BSE,KKSHL,KKSHL,544013,BSE_EQ
BSE,KKSILK,KKSILK,544624,BSE_EQ
BSE,KLBRENG-B,KLBRENG-B,522101,BSE_EQ
BSE,KLRFM,KLRFM,507598,BSE_EQ
BSE,KMCSHIL,KMCSHIL,524520,BSE_EQ
BSE,KMEW,KMEW,543273,BSE_EQ
BSE,KMFBLDR,KMFBLDR,531578,BSE_EQ
BSE,KMGMILK,KMGMILK,519415,BSE_EQ
BSE,KMSMEDI,KMSMEDI,540468,BSE_EQ
BSE,KMSUGAR,KMSUGAR,532673,BSE_EQ
BSE,KNACK,KNACK,544814,BSE_EQ
BSE,KNRCON,KNRCON,532942,BSE_EQ
BSE,KOBO,KOBO,531541,BSE_EQ
BSE,KOHINOOR,KOHINOOR,512559,BSE_EQ
BSE,KOKUYOCMLN,KOKUYOCMLN,523207,BSE_EQ
BSE,KOLTEPATIL,KOLTEPATIL,532924,BSE_EQ
BSE,KONNDOR,KONNDOR,532397,BSE_EQ
BSE,KOPRAN,KOPRAN,524280,BSE_EQ
BSE,KOTAKBANK,KOTAKBANK,500247,BSE_EQ
BSE,KOTHARIPRO,KOTHARIPRO,530299,BSE_EQ
BSE,KOTIC,KOTIC,509732,BSE_EQ
BSE,KOTYARK,KOTYARK,544726,BSE_EQ
BSE,KOURA,KOURA,544139,BSE_EQ
BSE,KOVAI,KOVAI,523323,BSE_EQ
BSE,KPEL,KPEL,539686,BSE_EQ
BSE,KPGEL,KPGEL,544150,BSE_EQ
BSE,KPIGREEN,KPIGREEN,542323,BSE_EQ
BSE,KPIL,KPIL,522287,BSE_EQ
BSE,KPITTECH,KPITTECH,542651,BSE_EQ
BSE,KPL,KPL,539997,BSE_EQ
BSE,KPRMILL,KPRMILL,532889,BSE_EQ
BSE,KPT,KPT,505299,BSE_EQ
BSE,KRANTI,KRANTI,542459,BSE_EQ
BSE,KRATIKAL,KRATIKAL,544811,BSE_EQ
BSE,KRBL,KRBL,530813,BSE_EQ
BSE,KREBSBIO,KREBSBIO,524518,BSE_EQ
BSE,KREONFIN,KREONFIN,530139,BSE_EQ
BSE,KRETTOSYS,KRETTOSYS,531328,BSE_EQ
BSE,KRIDHANINF,KRIDHANINF,533482,BSE_EQ
BSE,KRIFILIND,KRIFILIND,500248,BSE_EQ
BSE,KRISHIVAL,KRISHIVAL,544416,BSE_EQ
BSE,KRISHNA,KRISHNA,504392,BSE_EQ
BSE,KRITI,KRITI,526423,BSE_EQ
BSE,KRITINUT,KRITINUT,533210,BSE_EQ
BSE,KRN,KRN,544263,BSE_EQ
BSE,KRONOX,KRONOX,544187,BSE_EQ
BSE,KROSS,KROSS,544253,BSE_EQ
BSE,KRRAIL,KRRAIL,514360,BSE_EQ
BSE,KRSNAA,KRSNAA,543328,BSE_EQ
BSE,KRT,KRT,544481,BSE_EQ
BSE,KRUPALU,KRUPALU,544509,BSE_EQ
BSE,KRYPTONQ,KRYPTONQ,523550,BSE_EQ
BSE,KRYSTAL,KRYSTAL,544149,BSE_EQ
BSE,KSB,KSB,500249,BSE_EQ
BSE,KSCL,KSCL,532899,BSE_EQ
BSE,KSE,KSE,519421,BSE_EQ
BSE,KSHINTL,KSHINTL,544664,BSE_EQ
BSE,KSL,KSL,500235,BSE_EQ
BSE,KSOLVES,KSOLVES,543599,BSE_EQ
BSE,KSR,KSR,544615,BSE_EQ
BSE,KSSMART,KSSMART,516038,BSE_EQ
BSE,KTIL,KTIL,533289,BSE_EQ
BSE,KTKBANK,KTKBANK,532652,BSE_EQ
BSE,KTKFMP100D,KTKFMP100D,535374,BSE_EQ
BSE,KTKFMP100G,KTKFMP100G,535371,BSE_EQ
BSE,KTKFMP100GD,KTKFMP100GD,535375,BSE_EQ
BSE,KTKFMP101D,KTKFMP101D,535440,BSE_EQ
BSE,KTKFMP101G,KTKFMP101G,535439,BSE_EQ
BSE,KTKFMP101GD,KTKFMP101GD,535441,BSE_EQ
BSE,KTKFMP110D,KTKFMP110D,536035,BSE_EQ
BSE,KTKFMP110G,KTKFMP110G,536034,BSE_EQ
BSE,KTKFMP110GD,KTKFMP110GD,536036,BSE_EQ
BSE,KTKFMP111G,KTKFMP111G,536058,BSE_EQ
BSE,KTKFMP111GD,KTKFMP111GD,536060,BSE_EQ
BSE,KTKFMP304DG,KTKFMP304DG,543741,BSE_EQ
BSE,KTKFMP304DI,KTKFMP304DI,543742,BSE_EQ
BSE,KTKFMP304RG,KTKFMP304RG,543739,BSE_EQ
BSE,KTKFMP304RI,KTKFMP304RI,543740,BSE_EQ
BSE,KTKFMP46D,KTKFMP46D,533418,BSE_EQ
BSE,KTKFMP46G,KTKFMP46G,533417,BSE_EQ
BSE,KTKFMP48D,KTKFMP48D,533429,BSE_EQ
BSE,KTKFMP48G,KTKFMP48G,533428,BSE_EQ
BSE,KTKFMP52D,KTKFMP52D,533479,BSE_EQ
BSE,KTKFMP52G,KTKFMP52G,533478,BSE_EQ
BSE,KTKFMP55D,KTKFMP55D,533527,BSE_EQ
BSE,KTKFMP55G,KTKFMP55G,533526,BSE_EQ
BSE,KUANTUM,KUANTUM,532937,BSE_EQ
BSE,KUBERJI,KUBERJI,539408,BSE_EQ
BSE,KUMPFIN,KUMPFIN,526869,BSE_EQ
BSE,KUNSTOFF,KUNSTOFF,523594,BSE_EQ
BSE,KUSHIND,KUSHIND,514240,BSE_EQ
BSE,KUSUMEL,KUSUMEL,511048,BSE_EQ
BSE,KUSUMGAR,KUSUMGAR,544821,BSE_EQ
BSE,KUWERIN,KUWERIN,530421,BSE_EQ
BSE,KVFORGE,KVFORGE,513369,BSE_EQ
BSE,KVSCASTING,KVSCASTING,544554,BSE_EQ
BSE,KVTOYS,KVTOYS,544641,BSE_EQ
BSE,KWIL,KWIL,544622,BSE_EQ
BSE,KZLFIN,KZLFIN,511728,BSE_EQ
BSE,LABELKRAFT,LABELKRAFT,543830,BSE_EQ
BSE,LACTOSE,LACTOSE,524202,BSE_EQ
BSE,LADDERUP,LADDERUP,530577,BSE_EQ
BSE,LADDU,LADDU,537707,BSE_EQ
BSE,LAFFANSQ,LAFFANSQ,524522,BSE_EQ
BSE,LAHL,LAHL,540026,BSE_EQ
BSE,LAHOTIOV,LAHOTIOV,531842,BSE_EQ
BSE,LAKESHORE,LAKESHORE,519612,BSE_EQ
BSE,LAKHOTIA,LAKHOTIA,535387,BSE_EQ
BSE,LAKPRE,LAKPRE,506079,BSE_EQ
BSE,LAKSELEC,LAKSELEC,504258,BSE_EQ
BSE,LAKSHMIEW,LAKSHMIEW,505302,BSE_EQ
BSE,LAKSHMIMIL,LAKSHMIMIL,502958,BSE_EQ
BSE,LAL,LAL,540952,BSE_EQ
BSE,LALPATHLAB,LALPATHLAB,539524,BSE_EQ
BSE,LAMBODHARA,LAMBODHARA,590075,BSE_EQ
BSE,LANCER,LANCER,539841,BSE_EQ
BSE,LANCORHOL,LANCORHOL,509048,BSE_EQ
BSE,LANDMARC,LANDMARC,532275,BSE_EQ
BSE,LANDMARK,LANDMARK,543714,BSE_EQ
BSE,LANDSMILL,LANDSMILL,533090,BSE_EQ
BSE,LAOPALA,LAOPALA,526947,BSE_EQ
BSE,LASA,LASA,540702,BSE_EQ
BSE,LASERPOWER,LASERPOWER,544822,BSE_EQ
BSE,LASTMILE,LASTMILE,526961,BSE_EQ
BSE,LATENTVIEW,LATENTVIEW,543398,BSE_EQ
BSE,LATIMMETAL,LATIMMETAL,505693,BSE_EQ
BSE,LAURUSLABS,LAURUSLABS,540222,BSE_EQ
BSE,LAXMIDENTL,LAXMIDENTL,544339,BSE_EQ
BSE,LAXMIINDIA,LAXMIINDIA,544465,BSE_EQ
BSE,LAXMIPATI,LAXMIPATI,537669,BSE_EQ
BSE,LCCINFOTEC,LCCINFOTEC,532019,BSE_EQ
BSE,LEADFIN,LEADFIN,531288,BSE_EQ
BSE,LEENEE,LEENEE,517415,BSE_EQ
BSE,LEHAR,LEHAR,532829,BSE_EQ
BSE,LELAVOIR,LELAVOIR,539814,BSE_EQ
BSE,LEMONTREE,LEMONTREE,541233,BSE_EQ
BSE,LENSKART,LENSKART,544600,BSE_EQ
BSE,LERTHAI,LERTHAI,502250,BSE_EQ
BSE,LESHAIND,LESHAIND,533602,BSE_EQ
BSE,LESL,LESL,544797,BSE_EQ
BSE,LEX,LEX,541196,BSE_EQ
BSE,LEXGLOBAL,LEXGLOBAL,512345,BSE_EQ
BSE,LEXORAA,LEXORAA,531944,BSE_EQ
BSE,LGBBROSLTD,LGBBROSLTD,500250,BSE_EQ
BSE,LGBFORGE,LGBFORGE,533007,BSE_EQ
BSE,LGEINDIA,LGEINDIA,544576,BSE_EQ
BSE,LGLL,LGLL,544341,BSE_EQ
BSE,LGT,LGT,544489,BSE_EQ
BSE,LIBERTSHOE,LIBERTSHOE,526596,BSE_EQ
BSE,LIBORD,LIBORD,531027,BSE_EQ
BSE,LIBORDFIN,LIBORDFIN,511593,BSE_EQ
BSE,LICHSGFIN,LICHSGFIN,500253,BSE_EQ
BSE,LICI,LICI,543526,BSE_EQ
BSE,LICMFGOLD,LICMFGOLD,533719,BSE_EQ
BSE,LICNETFN50,LICNETFN50,539480,BSE_EQ
BSE,LICNETFSEN,LICNETFSEN,539487,BSE_EQ
BSE,LICNFNHGP,LICNFNHGP,539784,BSE_EQ
BSE,LICNMID100,LICNMID100,544123,BSE_EQ
BSE,LIKHAMI,LIKHAMI,539927,BSE_EQ
BSE,LIKHITHA,LIKHITHA,543240,BSE_EQ
BSE,LIMECHM,LIMECHM,507759,BSE_EQ
BSE,LINC,LINC,531241,BSE_EQ
BSE,LINCOLN,LINCOLN,531633,BSE_EQ
BSE,LINDEINDIA,LINDEINDIA,523457,BSE_EQ
BSE,LINKPH,LINKPH,524748,BSE_EQ
BSE,LIOTECH,LIOTECH,544796,BSE_EQ
BSE,LIPPISYS,LIPPISYS,526604,BSE_EQ
BSE,LIQUID,LIQUID,543946,BSE_EQ
BSE,LIQUID1,LIQUID1,590139,BSE_EQ
BSE,LIQUIDADD,LIQUIDADD,544159,BSE_EQ
BSE,LIQUIDBEES,LIQUIDBEES,590096,BSE_EQ
BSE,LIQUIDBETF,LIQUIDBETF,544182,BSE_EQ
BSE,LIQUIDCASE,LIQUIDCASE,544089,BSE_EQ
BSE,LIQUIDETF,LIQUIDETF,541097,BSE_EQ
BSE,LIQUIDIETF,LIQUIDIETF,541946,BSE_EQ
BSE,LIQUIDPLUS,LIQUIDPLUS,544284,BSE_EQ
BSE,LIQUIDSBI,LIQUIDSBI,544010,BSE_EQ
BSE,LIQUIDSHRI,LIQUIDSHRI,544208,BSE_EQ
BSE,LKMEHTA,LKMEHTA,544366,BSE_EQ
BSE,LKPSEC,LKPSEC,540192,BSE_EQ
BSE,LLFICL,LLFICL,540360,BSE_EQ
BSE,LLOYDSENGG,LLOYDSENGG,539992,BSE_EQ
BSE,LLOYDSENT,LLOYDSENT,512463,BSE_EQ
BSE,LLOYDSME,LLOYDSME,512455,BSE_EQ
BSE,LMW,LMW,500252,BSE_EQ
BSE,LODHA,LODHA,543287,BSE_EQ
BSE,LOGICA,LOGICA,543746,BSE_EQ
BSE,LOGICIEL,LOGICIEL,544625,BSE_EQ
BSE,LOKESHMACH,LOKESHMACH,532740,BSE_EQ
BSE,LONGSPUR,LONGSPUR,504340,BSE_EQ
BSE,LOOKS,LOOKS,534422,BSE_EQ
BSE,LORDSCHLO,LORDSCHLO,500284,BSE_EQ
BSE,LORDSHOTL,LORDSHOTL,530065,BSE_EQ
BSE,LORDSMARK,LORDSMARK,501261,BSE_EQ
BSE,LOTUSCHO,LOTUSCHO,523475,BSE_EQ
BSE,LOTUSDEV,LOTUSDEV,544469,BSE_EQ
BSE,LOTUSEYE,LOTUSEYE,532998,BSE_EQ
BSE,LOVABLE,LOVABLE,533343,BSE_EQ
BSE,LOWVOL,LOWVOL,543858,BSE_EQ
BSE,LOWVOLIETF,LOWVOLIETF,540612,BSE_EQ
BSE,LOYAL,LOYAL,539227,BSE_EQ
BSE,LOYALTEX,LOYALTEX,514036,BSE_EQ
BSE,LPDC,LPDC,533012,BSE_EQ
BSE,LT,LT,500510,BSE_EQ
BSE,LTELEVATOR,LTELEVATOR,544518,BSE_EQ
BSE,LTF,LTF,533519,BSE_EQ
BSE,LTFOODS,LTFOODS,532783,BSE_EQ
BSE,LTGILTBEES,LTGILTBEES,590143,BSE_EQ
BSE,LTGILTCASE,LTGILTCASE,544486,BSE_EQ
BSE,LTM,LTM,540005,BSE_EQ
BSE,LTTS,LTTS,540115,BSE_EQ
BSE,LUDLOWJUT,LUDLOWJUT,526179,BSE_EQ
BSE,LUMAXIND,LUMAXIND,517206,BSE_EQ
BSE,LUMAXTECH,LUMAXTECH,532796,BSE_EQ
BSE,LUPIN,LUPIN,500257,BSE_EQ
BSE,LUXIND,LUXIND,539542,BSE_EQ
BSE,LUXURY,LUXURY,544635,BSE_EQ
BSE,LWSKNIT,LWSKNIT,531402,BSE_EQ
BSE,LXCHEM,LXCHEM,543277,BSE_EQ
BSE,LYKALABS,LYKALABS,500259,BSE_EQ
BSE,LYKISLTD,LYKISLTD,530689,BSE_EQ
BSE,LYONSCO,LYONSCO,531441,BSE_EQ
BSE,M&M,M&M,500520,BSE_EQ
BSE,M&MFIN,M&MFIN,532720,BSE_EQ
BSE,MAANALU,MAANALU,532906,BSE_EQ
BSE,MACH,MACH,541973,BSE_EQ
BSE,MACHLTD,MACHLTD,544248,BSE_EQ
BSE,MACIND,MACIND,543934,BSE_EQ
BSE,MACPLASQ,MACPLASQ,523248,BSE_EQ
BSE,MADALA,MADALA,532344,BSE_EQ
BSE,MADHAV,MADHAV,515093,BSE_EQ
BSE,MADHAVIPL,MADHAVIPL,539894,BSE_EQ
BSE,MADHUCON,MADHUCON,531497,BSE_EQ
BSE,MADHUDIN,MADHUDIN,515059,BSE_EQ
BSE,MADRASFERT,MADRASFERT,590134,BSE_EQ
BSE,MAFANG,MAFANG,543291,BSE_EQ
BSE,MAFATIND,MAFATIND,500264,BSE_EQ
BSE,MAFIA,MAFIA,543613,BSE_EQ
BSE,MAGADSUGAR,MAGADSUGAR,540650,BSE_EQ
BSE,MAGANTR,MAGANTR,512377,BSE_EQ
BSE,MAGENTA,MAGENTA,544188,BSE_EQ
BSE,MAGNAELQ,MAGNAELQ,517449,BSE_EQ
BSE,MAGNUM,MAGNUM,532896,BSE_EQ
BSE,MAGNUS,MAGNUS,517320,BSE_EQ
BSE,MAHABANK,MAHABANK,532525,BSE_EQ
BSE,MAHACORP,MAHACORP,505523,BSE_EQ
BSE,MAHALIFE,MAHALIFE,544611,BSE_EQ
BSE,MAHALXSE,MAHALXSE,513460,BSE_EQ
BSE,MAHAPEXLTD,MAHAPEXLTD,523384,BSE_EQ
BSE,MAHASTEEL,MAHASTEEL,513554,BSE_EQ
BSE,MAHAVEER,MAHAVEER,539383,BSE_EQ
BSE,MAHEPC,MAHEPC,523754,BSE_EQ
BSE,MAHIP,MAHIP,542503,BSE_EQ
BSE,MAHKTECH,MAHKTECH,543414,BSE_EQ
BSE,MAHLIFE,MAHLIFE,532313,BSE_EQ
BSE,MAHLOG,MAHLOG,540768,BSE_EQ
BSE,MAHSCOOTER,MAHSCOOTER,500266,BSE_EQ
BSE,MAHSEAMLES,MAHSEAMLES,500265,BSE_EQ
BSE,MAIDEN,MAIDEN,543874,BSE_EQ
BSE,MAINFRA,MAINFRA,531540,BSE_EQ
BSE,MAITHANALL,MAITHANALL,590078,BSE_EQ
BSE,MAITRI,MAITRI,513430,BSE_EQ
BSE,MAJESAUT,MAJESAUT,500267,BSE_EQ
BSE,MAKEINDIA,MAKEINDIA,543454,BSE_EQ
BSE,MAKERSL,MAKERSL,506919,BSE_EQ
BSE,MAL,MAL,531613,BSE_EQ
BSE,MALLCOM,MALLCOM,539400,BSE_EQ
BSE,MALPANI,MALPANI,544351,BSE_EQ
BSE,MALTLAND,MALTLAND,539560,BSE_EQ
BSE,MALUPAPER,MALUPAPER,532728,BSE_EQ
BSE,MAMATA,MAMATA,544318,BSE_EQ
BSE,MANAKALUCO,MANAKALUCO,539045,BSE_EQ
BSE,MANAKCOAT,MANAKCOAT,539046,BSE_EQ
BSE,MANAKSIA,MANAKSIA,532932,BSE_EQ
BSE,MANAKSTEEL,MANAKSTEEL,539044,BSE_EQ
BSE,MANALIPETC,MANALIPETC,500268,BSE_EQ
BSE,MANAPPURAM,MANAPPURAM,531213,BSE_EQ
BSE,MANAS,MANAS,540402,BSE_EQ
BSE,MANBA,MANBA,544262,BSE_EQ
BSE,MANBRO,MANBRO,512595,BSE_EQ
BSE,MANCREDIT,MANCREDIT,505850,BSE_EQ
BSE,MANGALAM,MANGALAM,532637,BSE_EQ
BSE,MANGALCOMP,MANGALCOMP,544287,BSE_EQ
BSE,MANGIND,MANGIND,537800,BSE_EQ
BSE,MANGLAM,MANGLAM,503626,BSE_EQ
BSE,MANGLMCEM,MANGLMCEM,502157,BSE_EQ
BSE,MANINDS,MANINDS,513269,BSE_EQ
BSE,MANINFRA,MANINFRA,533169,BSE_EQ
BSE,MANIVENI,MANIVENI,544768,BSE_EQ
BSE,MANKIND,MANKIND,543904,BSE_EQ
BSE,MANOJJEWEL,MANOJJEWEL,544400,BSE_EQ
BSE,MANOMAY,MANOMAY,540396,BSE_EQ
BSE,MANORAMA,MANORAMA,541974,BSE_EQ
BSE,MANORG,MANORG,514418,BSE_EQ
BSE,MANRAJH,MANRAJH,530537,BSE_EQ
BSE,MANSIFIN,MANSIFIN,511758,BSE_EQ
BSE,MANTRA,MANTRA,511577,BSE_EQ
BSE,MANUFGBEES,MANUFGBEES,544493,BSE_EQ
BSE,MANUGRAPH,MANUGRAPH,505324,BSE_EQ
BSE,MANYAVAR,MANYAVAR,543463,BSE_EQ
BSE,MAPMYINDIA,MAPMYINDIA,543425,BSE_EQ
BSE,MAPROIN,MAPROIN,509762,BSE_EQ
BSE,MARALOVER,MARALOVER,521018,BSE_EQ
BSE,MARATHON,MARATHON,503101,BSE_EQ
BSE,MARBLE,MARBLE,531281,BSE_EQ
BSE,MARBU,MARBU,523566,BSE_EQ
BSE,MARCLOIRE,MARCLOIRE,544437,BSE_EQ
BSE,MARGOFIN,MARGOFIN,500206,BSE_EQ
BSE,MARICO,MARICO,531642,BSE_EQ
BSE,MARIS,MARIS,531503,BSE_EQ
BSE,MARKOLINES,MARKOLINES,543364,BSE_EQ
BSE,MARKSANS,MARKSANS,524404,BSE_EQ
BSE,MARSONS,MARSONS,517467,BSE_EQ
BSE,MARUTI,MARUTI,532500,BSE_EQ
BSE,MASFIN,MASFIN,540749,BSE_EQ
BSE,MASPTOP50,MASPTOP50,543365,BSE_EQ
BSE,MASTEK,MASTEK,523704,BSE_EQ
BSE,MASTERTR,MASTERTR,511768,BSE_EQ
BSE,MATHEWE,MATHEWE,511688,BSE_EQ
BSE,MATRIMONY,MATRIMONY,540704,BSE_EQ
BSE,MAWANASUG,MAWANASUG,523371,BSE_EQ
BSE,MAXESTATES,MAXESTATES,544008,BSE_EQ
BSE,MAXGROW,MAXGROW,521167,BSE_EQ
BSE,MAXHEALTH,MAXHEALTH,543220,BSE_EQ
BSE,MAXHEIGHTS,MAXHEIGHTS,534338,BSE_EQ
BSE,MAXIMUS,MAXIMUS,540401,BSE_EQ
BSE,MAXIND,MAXIND,543223,BSE_EQ
BSE,MAYUR,MAYUR,531680,BSE_EQ
BSE,MAYURFL,MAYURFL,531221,BSE_EQ
BSE,MAYURUNIQ,MAYURUNIQ,522249,BSE_EQ
BSE,MAZDA,MAZDA,523792,BSE_EQ
BSE,MAZDOCK,MAZDOCK,543237,BSE_EQ
BSE,MBEL,MBEL,544470,BSE_EQ
BSE,MBLINFRA,MBLINFRA,533152,BSE_EQ
BSE,MCCHRLS-B,MCCHRLS-B,507836,BSE_EQ
BSE,MCFL,MCFL,544106,BSE_EQ
BSE,MCLEODRUSS,MCLEODRUSS,532654,BSE_EQ
BSE,MCLOUD,MCLOUD,538891,BSE_EQ
BSE,MCLTD,MCLTD,511401,BSE_EQ
BSE,MCPL,MCPL,544073,BSE_EQ
BSE,MCX,MCX,534091,BSE_EQ
BSE,MDRC,MDRC,544673,BSE_EQ
BSE,MDRNSTL,MDRNSTL,513303,BSE_EQ
BSE,MEAPL,MEAPL,539762,BSE_EQ
BSE,MEDANTA,MEDANTA,543654,BSE_EQ
BSE,MEDIAONE,MEDIAONE,503685,BSE_EQ
BSE,MEDIASSIST,MEDIASSIST,544088,BSE_EQ
BSE,MEDICAMEQ,MEDICAMEQ,531146,BSE_EQ
BSE,MEDICAPQ,MEDICAPQ,523144,BSE_EQ
BSE,MEDICO,MEDICO,540937,BSE_EQ
BSE,MEDPLUS,MEDPLUS,543427,BSE_EQ
BSE,MEENST,MEENST,512505,BSE_EQ
BSE,MEERA,MEERA,540519,BSE_EQ
BSE,MEESHO,MEESHO,544632,BSE_EQ
BSE,MEFCOMCAP,MEFCOMCAP,531176,BSE_EQ
BSE,MEGACOR,MEGACOR,531417,BSE_EQ
BSE,MEGAMONT,MEGAMONT,523888,BSE_EQ
BSE,MEGASTAR,MEGASTAR,541352,BSE_EQ
BSE,MEGRISOFT,MEGRISOFT,539012,BSE_EQ
BSE,MEHAI,MEHAI,540730,BSE_EQ
BSE,MEHIF,MEHIF,511377,BSE_EQ
BSE,MEHSECU,MEHSECU,511738,BSE_EQ
BSE,MEHUL,MEHUL,544472,BSE_EQ
BSE,MEIL,MEIL,544492,BSE_EQ
BSE,MENAMANI,MENAMANI,531127,BSE_EQ
BSE,MENNPIS,MENNPIS,531727,BSE_EQ
BSE,MENONBE,MENONBE,523828,BSE_EQ
BSE,MEP,MEP,539126,BSE_EQ
BSE,MERCANTILE,MERCANTILE,538942,BSE_EQ
BSE,MERCTRD,MERCTRD,512415,BSE_EQ
BSE,MERCURYEV,MERCURYEV,531357,BSE_EQ
BSE,MERCURYLAB,MERCURYLAB,538964,BSE_EQ
BSE,META,META,534535,BSE_EQ
BSE,METAINFO,METAINFO,544441,BSE_EQ
BSE,METAL,METAL,544268,BSE_EQ
BSE,METALCO,METALCO,531810,BSE_EQ
BSE,METALIETF,METALIETF,544229,BSE_EQ
BSE,METHODHUB,METHODHUB,544637,BSE_EQ
BSE,METROBRAND,METROBRAND,543426,BSE_EQ
BSE,METROGLOBL,METROGLOBL,500159,BSE_EQ
BSE,METROPOLIS,METROPOLIS,542650,BSE_EQ
BSE,METSL,METSL,538401,BSE_EQ
BSE,MFLINDIA,MFLINDIA,526622,BSE_EQ
BSE,MFML,MFML,544233,BSE_EQ
BSE,MFSINTRCRP,MFSINTRCRP,513721,BSE_EQ
BSE,MFSL,MFSL,500271,BSE_EQ
BSE,MGEL,MGEL,544273,BSE_EQ
BSE,MGIL,MGIL,531319,BSE_EQ
BSE,MGL,MGL,539957,BSE_EQ
BSE,MHEL,MHEL,540150,BSE_EQ
BSE,MHLSDD,MHLSDD,544592,BSE_EQ
BSE,MHLSDDR,MHLSDDR,544593,BSE_EQ
BSE,MHLSDG,MHLSDG,544591,BSE_EQ
BSE,MHLSRD,MHLSRD,544589,BSE_EQ
BSE,MHLSRDR,MHLSRDR,544590,BSE_EQ
BSE,MHLSRG,MHLSRG,544588,BSE_EQ
BSE,MHLXMIRU,MHLXMIRU,514450,BSE_EQ
BSE,MHRIL,MHRIL,533088,BSE_EQ
BSE,MHSGRMS,MHSGRMS,526795,BSE_EQ
BSE,MICEL,MICEL,532850,BSE_EQ
BSE,MICROSE,MICROSE,523343,BSE_EQ
BSE,MID150BEES,MID150BEES,590144,BSE_EQ
BSE,MID150CASE,MID150CASE,544193,BSE_EQ
BSE,MIDCAPADD,MIDCAPADD,544655,BSE_EQ
BSE,MIDCAPBETA,MIDCAPBETA,543975,BSE_EQ
BSE,MIDCAPETF,MIDCAPETF,543481,BSE_EQ
BSE,MIDCAPIETF,MIDCAPIETF,542921,BSE_EQ
BSE,MIDEASTP,MIDEASTP,526251,BSE_EQ
BSE,MIDHANI,MIDHANI,541195,BSE_EQ
BSE,MIDINDIA,MIDINDIA,500277,BSE_EQ
BSE,MIDPOLY,MIDPOLY,531597,BSE_EQ
BSE,MIDQ50ADD,MIDQ50ADD,543438,BSE_EQ
BSE,MIDSELIETF,MIDSELIETF,539980,BSE_EQ
BSE,MIDSMALL,MIDSMALL,544180,BSE_EQ
BSE,MIDWESTLTD,MIDWESTLTD,544587,BSE_EQ
BSE,MIHIKA,MIHIKA,538895,BSE_EQ
BSE,MIIL,MIIL,538668,BSE_EQ
BSE,MIL,MIL,539938,BSE_EQ
BSE,MILEFUR,MILEFUR,541337,BSE_EQ
BSE,MILESTONE,MILESTONE,531338,BSE_EQ
BSE,MILLENNIUM,MILLENNIUM,511187,BSE_EQ
BSE,MINALIND,MINALIND,522235,BSE_EQ
BSE,MINAXI,MINAXI,531456,BSE_EQ
BSE,MINDACORP,MINDACORP,538962,BSE_EQ
BSE,MINDSPACE,MINDSPACE,543217,BSE_EQ
BSE,MINDTECK,MINDTECK,517344,BSE_EQ
BSE,MINID,MINID,523373,BSE_EQ
BSE,MINOLTAF,MINOLTAF,532164,BSE_EQ
BSE,MIRZAINT,MIRZAINT,526642,BSE_EQ
BSE,MISHDESIGN,MISHDESIGN,544015,BSE_EQ
BSE,MISHKA,MISHKA,539220,BSE_EQ
BSE,MISHTANN,MISHTANN,539594,BSE_EQ
BSE,MISQUITA,MISQUITA,542801,BSE_EQ
BSE,MIT,MIT,543925,BSE_EQ
BSE,MITSHI,MITSHI,523782,BSE_EQ
BSE,MITSU,MITSU,540078,BSE_EQ
BSE,MITTALSTL,MITTALSTL,544575,BSE_EQ
BSE,MIVENMACH,MIVENMACH,522036,BSE_EQ
BSE,MIZVEN,MIZVEN,531537,BSE_EQ
BSE,MKEXIM,MKEXIM,538890,BSE_EQ
BSE,MKPL,MKPL,543919,BSE_EQ
BSE,MKPMOB,MKPMOB,521244,BSE_EQ
BSE,MKTCREAT,MKTCREAT,526891,BSE_EQ
BSE,MKVENTURES,MKVENTURES,514238,BSE_EQ
BSE,MLINDLTD,MLINDLTD,512153,BSE_EQ
BSE,MLKFOOD,MLKFOOD,507621,BSE_EQ
BSE,MMFL,MMFL,522241,BSE_EQ
BSE,MMLF,MMLF,535910,BSE_EQ
BSE,MMRUBBR-B,MMRUBBR-B,509196,BSE_EQ
BSE,MMTC,MMTC,513377,BSE_EQ
BSE,MMWL,MMWL,512267,BSE_EQ
BSE,MNFL,MNFL,544623,BSE_EQ
BSE,MNIL,MNIL,539767,BSE_EQ
BSE,MNPLFIN,MNPLFIN,507938,BSE_EQ
BSE,MOBAVENUE,MOBAVENUE,539682,BSE_EQ
BSE,MOBIKWIK,MOBIKWIK,544305,BSE_EQ
BSE,MOCAPITAL,MOCAPITAL,590149,BSE_EQ
BSE,MODAIRY,MODAIRY,519287,BSE_EQ
BSE,MODEFENCE,MODEFENCE,590152,BSE_EQ
BSE,MODINATUR,MODINATUR,519003,BSE_EQ
BSE,MODINSU,MODINSU,515008,BSE_EQ
BSE,MODIPON,MODIPON,503776,BSE_EQ
BSE,MODIRUBBER,MODIRUBBER,500890,BSE_EQ
BSE,MODIS,MODIS,543539,BSE_EQ
BSE,MODISONLTD,MODISONLTD,506261,BSE_EQ
BSE,MODMA,MODMA,517336,BSE_EQ
BSE,MODRNSH,MODRNSH,509760,BSE_EQ
BSE,MODTHREAD,MODTHREAD,500282,BSE_EQ
BSE,MODULEX,MODULEX,504273,BSE_EQ
BSE,MODWOOL,MODWOOL,503772,BSE_EQ
BSE,MOGOLD,MOGOLD,590146,BSE_EQ
BSE,MOGSEC,MOGSEC,543250,BSE_EQ
BSE,MOHEALTH,MOHEALTH,543563,BSE_EQ
BSE,MOHITE,MOHITE,532140,BSE_EQ
BSE,MOHITIND,MOHITIND,531453,BSE_EQ
BSE,MOHITPPR,MOHITPPR,530169,BSE_EQ
BSE,MOIL,MOIL,533286,BSE_EQ
BSE,MOL,MOL,543331,BSE_EQ
BSE,MOLDTECH,MOLDTECH,526263,BSE_EQ
BSE,MOLDTKPAC,MOLDTKPAC,533080,BSE_EQ
BSE,MOLOWVOL,MOLOWVOL,543501,BSE_EQ
BSE,MOM100,MOM100,536960,BSE_EQ
BSE,MOM30IETF,MOM30IETF,543568,BSE_EQ
BSE,MOM50,MOM50,590115,BSE_EQ
BSE,MOMENTUM,MOMENTUM,543575,BSE_EQ
BSE,MOMENTUM50,MOMENTUM50,590151,BSE_EQ
BSE,MOMOMENTUM,MOMOMENTUM,543465,BSE_EQ
BSE,MON100,MON100,533385,BSE_EQ
BSE,MONARCH,MONARCH,511551,BSE_EQ
BSE,MONEYBOXX,MONEYBOXX,538446,BSE_EQ
BSE,MONGIPA,MONGIPA,530167,BSE_EQ
BSE,MONIFTY500,MONIFTY500,590153,BSE_EQ
BSE,MONIKA,MONIKA,544451,BSE_EQ
BSE,MONIND,MONIND,532078,BSE_EQ
BSE,MONOT,MONOT,505343,BSE_EQ
BSE,MONQ50,MONQ50,543437,BSE_EQ
BSE,MONTECARLO,MONTECARLO,538836,BSE_EQ
BSE,MOQUALITY,MOQUALITY,543577,BSE_EQ
BSE,MORARKFI,MORARKFI,511549,BSE_EQ
BSE,MOREALTY,MOREALTY,590150,BSE_EQ
BSE,MOREPENLAB,MOREPENLAB,500288,BSE_EQ
BSE,MORGAN,MORGAN,526237,BSE_EQ
BSE,MOSCHIP,MOSCHIP,532407,BSE_EQ
BSE,MOSILVER,MOSILVER,590147,BSE_EQ
BSE,MOSMALL250,MOSMALL250,590148,BSE_EQ
BSE,MOTHERSON,MOTHERSON,517334,BSE_EQ
BSE,MOTILALOFS,MOTILALOFS,532892,BSE_EQ
BSE,MOTISONS,MOTISONS,544053,BSE_EQ
BSE,MOTOGENFIN,MOTOGENFIN,501343,BSE_EQ
BSE,MOUNT,MOUNT,542864,BSE_EQ
BSE,MOVALUE,MOVALUE,543576,BSE_EQ
BSE,MPAGI,MPAGI,506543,BSE_EQ
BSE,MPCOSEMB,MPCOSEMB,505797,BSE_EQ
BSE,MPDL,MPDL,532723,BSE_EQ
BSE,MPFSL,MPFSL,532470,BSE_EQ
BSE,MPHASIS,MPHASIS,526299,BSE_EQ
BSE,MPILCORPL,MPILCORPL,500450,BSE_EQ
BSE,MPKSTEELS,MPKSTEELS,544553,BSE_EQ
BSE,MPL,MPL,526143,BSE_EQ
BSE,MPSLTD,MPSLTD,532440,BSE_EQ
BSE,MRCAGRO,MRCAGRO,540809,BSE_EQ
BSE,MRF,MRF,500290,BSE_EQ
BSE,MRP,MRP,543262,BSE_EQ
BSE,MRPL,MRPL,500109,BSE_EQ
BSE,MRTX,MRTX,544773,BSE_EQ
BSE,MRUTR,MRUTR,512065,BSE_EQ
BSE,MSAFE,MSAFE,544695,BSE_EQ
BSE,MSCI360,MSCI360,544766,BSE_EQ
BSE,MSCIADD,MSCIADD,544620,BSE_EQ
BSE,MSCTC,MSCTC,513544,BSE_EQ
BSE,MSECL,MSECL,544453,BSE_EQ
BSE,MSL,MSL,539275,BSE_EQ
BSE,MSLGLOBAL,MSLGLOBAL,511000,BSE_EQ
BSE,MSPL,MSPL,532650,BSE_EQ
BSE,MSTCLTD,MSTCLTD,542597,BSE_EQ
BSE,MSUMI,MSUMI,543498,BSE_EQ
BSE,MTARTECH,MTARTECH,543270,BSE_EQ
BSE,MTEDUCARE,MTEDUCARE,534312,BSE_EQ
BSE,MTL,MTL,544751,BSE_EQ
BSE,MTNL,MTNL,500108,BSE_EQ
BSE,MTPL,MTPL,540254,BSE_EQ
BSE,MUDRA,MUDRA,539819,BSE_EQ
BSE,MUFIN,MUFIN,542774,BSE_EQ
BSE,MUFTI,MUFTI,544058,BSE_EQ
BSE,MUKANDLTD,MUKANDLTD,500460,BSE_EQ
BSE,MUKATPIP,MUKATPIP,523832,BSE_EQ
BSE,MUKESHB,MUKESHB,530341,BSE_EQ
BSE,MUKKA,MUKKA,544135,BSE_EQ
BSE,MUKTA,MUKTA,535204,BSE_EQ
BSE,MUKTAARTS,MUKTAARTS,532357,BSE_EQ
BSE,MUL,MUL,539219,BSE_EQ
BSE,MULLER,MULLER,501477,BSE_EQ
BSE,MULTIBASE,MULTIBASE,526169,BSE_EQ
BSE,MULTICAP,MULTICAP,544241,BSE_EQ
BSE,MULTIIN,MULTIIN,505594,BSE_EQ
BSE,MUNCAPM,MUNCAPM,511200,BSE_EQ
BSE,MUNJALAU,MUNJALAU,520059,BSE_EQ
BSE,MUNJALSHOW,MUNJALSHOW,520043,BSE_EQ
BSE,MUNOTHFI,MUNOTHFI,531821,BSE_EQ
BSE,MURUDCERA,MURUDCERA,515037,BSE_EQ
BSE,MUTHOOTCAP,MUTHOOTCAP,511766,BSE_EQ
BSE,MUTHOOTFIN,MUTHOOTFIN,533398,BSE_EQ
BSE,MUTHOOTMF,MUTHOOTMF,544055,BSE_EQ
BSE,MVGJL,MVGJL,543995,BSE_EQ
BSE,MWL,MWL,544764,BSE_EQ
BSE,MYMONEY,MYMONEY,538862,BSE_EQ
BSE,MYSORPETRO,MYSORPETRO,506734,BSE_EQ
BSE,MYSTICELE,MYSTICELE,535205,BSE_EQ
BSE,NACDAC,NACDAC,544313,BSE_EQ
BSE,NACLIND,NACLIND,524709,BSE_EQ
BSE,NAGPI,NAGPI,532362,BSE_EQ
BSE,NAGREEKCAP,NAGREEKCAP,532895,BSE_EQ
BSE,NAGREEKEXP,NAGREEKEXP,521109,BSE_EQ
BSE,NAGTECH,NAGTECH,531832,BSE_EQ
BSE,NAHARCAP,NAHARCAP,532952,BSE_EQ
BSE,NAHARINDUS,NAHARINDUS,519136,BSE_EQ
BSE,NAHARPOLY,NAHARPOLY,523391,BSE_EQ
BSE,NAHARSPING,NAHARSPING,500296,BSE_EQ
BSE,NAKSH,NAKSH,539402,BSE_EQ
BSE,NAM,NAM,538395,BSE_EQ
BSE,NAM-INDIA,NAM-INDIA,540767,BSE_EQ
BSE,NANTA,NANTA,544668,BSE_EQ
BSE,NAPEROL,NAPEROL,500298,BSE_EQ
BSE,NAPL,NAPL,538926,BSE_EQ
BSE,NAPSGLOBAL,NAPSGLOBAL,544373,BSE_EQ
BSE,NARMADA,NARMADA,543643,BSE_EQ
BSE,NARMADESH,NARMADESH,544680,BSE_EQ
BSE,NARMP,NARMP,517431,BSE_EQ
BSE,NARPROP,NARPROP,531416,BSE_EQ
BSE,NATCAPSUQ,NATCAPSUQ,524654,BSE_EQ
BSE,NATCOPHARM,NATCOPHARM,524816,BSE_EQ
BSE,NATFIT,NATFIT,531289,BSE_EQ
BSE,NATGENI,NATGENI,531651,BSE_EQ
BSE,NATHBIOGEN,NATHBIOGEN,537291,BSE_EQ
BSE,NATHIND,NATHIND,502587,BSE_EQ
BSE,NATHUEC,NATHUEC,531834,BSE_EQ
BSE,NATIONALUM,NATIONALUM,532234,BSE_EQ
BSE,NATIONSTD,NATIONSTD,504882,BSE_EQ
BSE,NATPLAS,NATPLAS,526616,BSE_EQ
BSE,NATPLASTI,NATPLASTI,531287,BSE_EQ
BSE,NATPLY,NATPLY,516062,BSE_EQ
BSE,NATRAJPR,NATRAJPR,530119,BSE_EQ
BSE,NATURAL,NATURAL,543207,BSE_EQ
BSE,NAUKRI,NAUKRI,532777,BSE_EQ
BSE,NAVA,NAVA,513023,BSE_EQ
BSE,NAVIGANT,NAVIGANT,539521,BSE_EQ
BSE,NAVINFLUOR,NAVINFLUOR,532504,BSE_EQ
BSE,NAVKARCORP,NAVKARCORP,539332,BSE_EQ
BSE,NAVKARURB,NAVKARURB,531494,BSE_EQ
BSE,NAVNETEDUL,NAVNETEDUL,508989,BSE_EQ
BSE,NAZARA,NAZARA,543280,BSE_EQ
BSE,NBCC,NBCC,534309,BSE_EQ
BSE,NBFOOT,NBFOOT,523242,BSE_EQ
BSE,NBL,NBL,543351,BSE_EQ
BSE,NCAPBUILAD,NCAPBUILAD,538593,BSE_EQ
BSE,NCAPBUILAG,NCAPBUILAG,538594,BSE_EQ
BSE,NCAPBUILBD,NCAPBUILBD,538632,BSE_EQ
BSE,NCAPBUILBG,NCAPBUILBG,538633,BSE_EQ
BSE,NCAPBULADD,NCAPBULADD,538591,BSE_EQ
BSE,NCAPBULADG,NCAPBULADG,538592,BSE_EQ
BSE,NCAPBULBDD,NCAPBULBDD,538630,BSE_EQ
BSE,NCAPBULBDG,NCAPBULBDG,538631,BSE_EQ
BSE,NCC,NCC,500294,BSE_EQ
BSE,NCCBLUE,NCCBLUE,519506,BSE_EQ
BSE,NCLIND,NCLIND,502168,BSE_EQ
BSE,NCLRESE,NCLRESE,530557,BSE_EQ
BSE,NCML,NCML,544510,BSE_EQ
BSE,NDASEC,NDASEC,511535,BSE_EQ
BSE,NDL,NDL,532641,BSE_EQ
BSE,NDLVENTURE,NDLVENTURE,500189,BSE_EQ
BSE,NDRAUTO,NDRAUTO,543214,BSE_EQ
BSE,NDTV,NDTV,532529,BSE_EQ
BSE,NEAGI,NEAGI,508670,BSE_EQ
BSE,NECCLTD,NECCLTD,534615,BSE_EQ
BSE,NECLIFE,NECLIFE,532649,BSE_EQ
BSE,NEELKAN,NEELKAN,531049,BSE_EQ
BSE,NEELKANTH,NEELKANTH,512565,BSE_EQ
BSE,NEERAJ,NEERAJ,539409,BSE_EQ
BSE,NEETUYOSHI,NEETUYOSHI,544434,BSE_EQ
BSE,NEIL,NEIL,539016,BSE_EQ
BSE,NELCAST,NELCAST,532864,BSE_EQ
BSE,NELCO,NELCO,504112,BSE_EQ
BSE,NEOGEN,NEOGEN,542665,BSE_EQ
BSE,NEOINFRA,NEOINFRA,514332,BSE_EQ
BSE,NEPHROPLUS,NEPHROPLUS,544647,BSE_EQ
BSE,NEPLOG,NEPLOG,544663,BSE_EQ
BSE,NESCO,NESCO,505355,BSE_EQ
BSE,NESTLEIND,NESTLEIND,500790,BSE_EQ
BSE,NETF,NETF,590160,BSE_EQ
BSE,NETLINK,NETLINK,509040,BSE_EQ
BSE,NETPIX,NETPIX,543247,BSE_EQ
BSE,NETTLINX,NETTLINX,511658,BSE_EQ
BSE,NETWEB,NETWEB,543945,BSE_EQ
BSE,NETWORK18,NETWORK18,532798,BSE_EQ
BSE,NEUEON,NEUEON,532887,BSE_EQ
BSE,NEULANDLAB,NEULANDLAB,524558,BSE_EQ
BSE,NEWGEN,NEWGEN,540900,BSE_EQ
BSE,NEWINFRA,NEWINFRA,531959,BSE_EQ
BSE,NEWLIGHT,NEWLIGHT,540243,BSE_EQ
BSE,NEWMKTAVE,NEWMKTAVE,508867,BSE_EQ
BSE,NEWTRAC,NEWTRAC,514060,BSE_EQ
BSE,NEXOME,NEXOME,508905,BSE_EQ
BSE,NEXT30ADD,NEXT30ADD,544352,BSE_EQ
BSE,NEXT50,NEXT50,542922,BSE_EQ
BSE,NEXT50ADD,NEXT50ADD,544674,BSE_EQ
BSE,NEXT50BETA,NEXT50BETA,540669,BSE_EQ
BSE,NEXT50IETF,NEXT50IETF,541809,BSE_EQ
BSE,NEXTMEDIA,NEXTMEDIA,532416,BSE_EQ
BSE,NEXUSSURGL,NEXUSSURGL,538874,BSE_EQ
BSE,NEXXUS,NEXXUS,544265,BSE_EQ
BSE,NFHXXV01G,NFHXXV01G,536861,BSE_EQ
BSE,NFHXXV06G,NFHXXV06G,536969,BSE_EQ
BSE,NFHXXV11G,NFHXXV11G,537136,BSE_EQ
BSE,NFHXXV18G,NFHXXV18G,537463,BSE_EQ
BSE,NFHXXV20D,NFHXXV20D,537562,BSE_EQ
BSE,NFHXXV20G,NFHXXV20G,537563,BSE_EQ
BSE,NFHXXV26G,NFHXXV26G,537754,BSE_EQ
BSE,NFHXXV32G,NFHXXV32G,537913,BSE_EQ
BSE,NFHXXVI01D,NFHXXVI01D,537943,BSE_EQ
BSE,NFHXXVI01G,NFHXXVI01G,537944,BSE_EQ
BSE,NFHXXVI09G,NFHXXVI09G,538109,BSE_EQ
BSE,NFHXXVI14D,NFHXXVI14D,538271,BSE_EQ
BSE,NFHXXVI14G,NFHXXVI14G,538272,BSE_EQ
BSE,NFHXXVI22DG,NFHXXVI22DG,538353,BSE_EQ
BSE,NFHXXVI22G,NFHXXVI22G,538355,BSE_EQ
BSE,NFHXXVI30D,NFHXXVI30D,538524,BSE_EQ
BSE,NFHXXVI30G,NFHXXVI30G,538525,BSE_EQ
BSE,NFL,NFL,523630,BSE_EQ
BSE,NFXXV01DG,NFXXV01DG,536859,BSE_EQ
BSE,NFXXV06DG,NFXXV06DG,536967,BSE_EQ
BSE,NFXXV11DG,NFXXV11DG,537135,BSE_EQ
BSE,NFXXV18DG,NFXXV18DG,537459,BSE_EQ
BSE,NFXXV20DD,NFXXV20DD,537560,BSE_EQ
BSE,NFXXV20DG,NFXXV20DG,537561,BSE_EQ
BSE,NFXXV26DG,NFXXV26DG,537752,BSE_EQ
BSE,NFXXV32DG,NFXXV32DG,537912,BSE_EQ
BSE,NFXXVI01DD,NFXXVI01DD,537941,BSE_EQ
BSE,NFXXVI01DG,NFXXVI01DG,537942,BSE_EQ
BSE,NFXXVI09DG,NFXXVI09DG,538100,BSE_EQ
BSE,NFXXVI14DG,NFXXVI14DG,538270,BSE_EQ
BSE,NFXXVI22DD,NFXXVI22DD,538352,BSE_EQ
BSE,NFXXVI30DD,NFXXVI30DD,538522,BSE_EQ
BSE,NFXXVI30DG,NFXXVI30DG,538523,BSE_EQ
BSE,NGIL,NGIL,541418,BSE_EQ
BSE,NGIND,NGIND,530897,BSE_EQ
BSE,NGLFINE,NGLFINE,524774,BSE_EQ
BSE,NH,NH,539551,BSE_EQ
BSE,NHCFOODS,NHCFOODS,517554,BSE_EQ
BSE,NHIT,NHIT,543385,BSE_EQ
BSE,NHL,NHL,544245,BSE_EQ
BSE,NHPC,NHPC,533098,BSE_EQ
BSE,NIACL,NIACL,540769,BSE_EQ
BSE,NIBE,NIBE,535136,BSE_EQ
BSE,NIBL,NIBL,535458,BSE_EQ
BSE,NICCOPAR,NICCOPAR,526721,BSE_EQ
BSE,NIDHGRN,NIDHGRN,512103,BSE_EQ
BSE,NIF100BEES,NIF100BEES,537483,BSE_EQ
BSE,NIF100IETF,NIF100IETF,537008,BSE_EQ
BSE,NIFTY1,NIFTY1,537708,BSE_EQ
BSE,NIFTYADD,NIFTYADD,543440,BSE_EQ
BSE,NIFTYBEES,NIFTYBEES,590103,BSE_EQ
BSE,NIFTYBETA,NIFTYBETA,539313,BSE_EQ
BSE,NIFTYBETF,NIFTYBETF,544092,BSE_EQ
BSE,NIFTYCASE,NIFTYCASE,544586,BSE_EQ
BSE,NIFTYETF,NIFTYETF,542131,BSE_EQ
BSE,NIFTYIETF,NIFTYIETF,537007,BSE_EQ
BSE,NIFTYQLITY,NIFTYQLITY,543574,BSE_EQ
BSE,NIHARINF,NIHARINF,531083,BSE_EQ
BSE,NIITLTD,NIITLTD,500304,BSE_EQ
BSE,NIITMTS,NIITMTS,543952,BSE_EQ
BSE,NIKHILAD,NIKHILAD,526159,BSE_EQ
BSE,NIKKIGL,NIKKIGL,531272,BSE_EQ
BSE,NIKSTECH,NIKSTECH,543282,BSE_EQ
BSE,NILACHAL,NILACHAL,502294,BSE_EQ
BSE,NILAINFRA,NILAINFRA,530377,BSE_EQ
BSE,NILASPACES,NILASPACES,542231,BSE_EQ
BSE,NILE,NILE,530129,BSE_EQ
BSE,NILKAMAL,NILKAMAL,523385,BSE_EQ
BSE,NIMBSPROJ,NIMBSPROJ,511714,BSE_EQ
BSE,NIMFHKAD,NIMFHKAD,543476,BSE_EQ
BSE,NIMFHKAG,NIMFHKAG,543477,BSE_EQ
BSE,NIMFHKDP,NIMFHKDP,543478,BSE_EQ
BSE,NIMFHKGP,NIMFHKGP,543479,BSE_EQ
BSE,NINSYS,NINSYS,539843,BSE_EQ
BSE,NIPPOBATRY,NIPPOBATRY,504058,BSE_EQ
BSE,NIRAJ,NIRAJ,532986,BSE_EQ
BSE,NIRAVCOM,NIRAVCOM,512425,BSE_EQ
BSE,NIRLON,NIRLON,500307,BSE_EQ
BSE,NIRMITEE,NIRMITEE,543194,BSE_EQ
BSE,NISMGMT,NISMGMT,544495,BSE_EQ
BSE,NISUS,NISUS,544296,BSE_EQ
BSE,NITCO,NITCO,532722,BSE_EQ
BSE,NITINCAST,NITINCAST,508875,BSE_EQ
BSE,NITINSPIN,NITINSPIN,532698,BSE_EQ
BSE,NITTAGELA,NITTAGELA,506532,BSE_EQ
BSE,NIVABUPA,NIVABUPA,544286,BSE_EQ
BSE,NIVAKA,NIVAKA,542206,BSE_EQ
BSE,NIYOGIN,NIYOGIN,538772,BSE_EQ
BSE,NKIND,NKIND,519494,BSE_EQ
BSE,NLCINDIA,NLCINDIA,513683,BSE_EQ
BSE,NLFL,NLFL,531212,BSE_EQ
BSE,NMDC,NMDC,526371,BSE_EQ
BSE,NMSGLOBAL,NMSGLOBAL,522289,BSE_EQ
BSE,NOBPOL,NOBPOL,539200,BSE_EQ
BSE,NOCIL,NOCIL,500730,BSE_EQ
BSE,NOIDATOLL,NOIDATOLL,532481,BSE_EQ
BSE,NOL,NOL,507813,BSE_EQ
BSE,NORBTEAEXP,NORBTEAEXP,519528,BSE_EQ
BSE,NORRIS,NORRIS,524414,BSE_EQ
BSE,NORTHARC,NORTHARC,544260,BSE_EQ
BSE,NORTHLINK,NORTHLINK,539110,BSE_EQ
BSE,NOUVEAU,NOUVEAU,531465,BSE_EQ
BSE,NOVAAGRI,NOVAAGRI,544100,BSE_EQ
BSE,NOVARTIND,NOVARTIND,500672,BSE_EQ
BSE,NOVATEOR,NOVATEOR,542771,BSE_EQ
BSE,NOVELIX,NOVELIX,536565,BSE_EQ
BSE,NOVIS,NOVIS,513566,BSE_EQ
BSE,NOVUS,NOVUS,544735,BSE_EQ
BSE,NPFL,NPFL,544269,BSE_EQ
BSE,NPL,NPL,544205,BSE_EQ
BSE,NPRFIN,NPRFIN,530127,BSE_EQ
BSE,NPST,NPST,544396,BSE_EQ
BSE,NRAIL,NRAIL,516082,BSE_EQ
BSE,NRBBEARING,NRBBEARING,530367,BSE_EQ
BSE,NSBBPO,NSBBPO,544571,BSE_EQ
BSE,NSDL,NSDL,544467,BSE_EQ
BSE,NSIL,NSIL,532256,BSE_EQ
BSE,NSL,NSL,542628,BSE_EQ
BSE,NSLNISP,NSLNISP,543768,BSE_EQ
BSE,NTCIND,NTCIND,526723,BSE_EQ
BSE,NTPC,NTPC,532555,BSE_EQ
BSE,NTPCGREEN,NTPCGREEN,544289,BSE_EQ
BSE,NUCLEUS,NUCLEUS,531209,BSE_EQ
BSE,NUKLEUS,NUKLEUS,544370,BSE_EQ
BSE,NURECA,NURECA,543264,BSE_EQ
BSE,NUTECGLOB,NUTECGLOB,531304,BSE_EQ
BSE,NUTRICIRCLE,NUTRICIRCLE,530219,BSE_EQ
BSE,NUVAMA,NUVAMA,543988,BSE_EQ
BSE,NUVOCO,NUVOCO,543334,BSE_EQ
BSE,NV20IETF,NV20IETF,539945,BSE_EQ
BSE,NVENTURES,NVENTURES,543522,BSE_EQ
BSE,NWIL,NWIL,531889,BSE_EQ
BSE,NXLI8D,NXLI8D,542663,BSE_EQ
BSE,NXLI8G,NXLI8G,542664,BSE_EQ
BSE,NXLI8X,NXLI8X,542661,BSE_EQ
BSE,NXLI8Z,NXLI8Z,542662,BSE_EQ
BSE,NXST,NXST,543913,BSE_EQ
BSE,NXXIX1D,NXXIX1D,539271,BSE_EQ
BSE,NXXIX1G,NXXIX1G,539272,BSE_EQ
BSE,NXXIX1X,NXXIX1X,539269,BSE_EQ
BSE,NXXIX1Z,NXXIX1Z,539270,BSE_EQ
BSE,NYKAA,NYKAA,543384,BSE_EQ
BSE,NYSSACORP,NYSSACORP,504378,BSE_EQ
BSE,OAL,OAL,500078,BSE_EQ
BSE,OASISEC,OASISEC,512489,BSE_EQ
BSE,OBCL,OBCL,541206,BSE_EQ
BSE,OBEROIRLTY,OBEROIRLTY,533273,BSE_EQ
BSE,OCCLLTD,OCCLLTD,544278,BSE_EQ
BSE,OCEANIC,OCEANIC,540405,BSE_EQ
BSE,OCTAL,OCTAL,538894,BSE_EQ
BSE,OCTAVE,OCTAVE,521062,BSE_EQ
BSE,OCTAVIUSPL,OCTAVIUSPL,542938,BSE_EQ
BSE,OCTAWARE,OCTAWARE,540416,BSE_EQ
BSE,ODIGMA,ODIGMA,544301,BSE_EQ
BSE,ODYCORP,ODYCORP,531996,BSE_EQ
BSE,ODYSSEY,ODYSSEY,530175,BSE_EQ
BSE,OFSS,OFSS,532466,BSE_EQ
BSE,OIL,OIL,533106,BSE_EQ
BSE,OILCOUNTUB,OILCOUNTUB,500313,BSE_EQ
BSE,OILIETF,OILIETF,544216,BSE_EQ
BSE,OIVL,OIVL,530805,BSE_EQ
BSE,OKPLA,OKPLA,526415,BSE_EQ
BSE,OLAELEC,OLAELEC,544225,BSE_EQ
BSE,OLATECH,OLATECH,543578,BSE_EQ
BSE,OLECTRA,OLECTRA,532439,BSE_EQ
BSE,OLPCL,OLPCL,534190,BSE_EQ
BSE,OLYMPTX,OLYMPTX,521105,BSE_EQ
BSE,OLYOI,OLYOI,507609,BSE_EQ
BSE,OMAXAUTO,OMAXAUTO,520021,BSE_EQ
BSE,OMAXE,OMAXE,532880,BSE_EQ
BSE,OMEAG,OMEAG,519479,BSE_EQ
BSE,OMEGAIN,OMEGAIN,511644,BSE_EQ
BSE,OMFREIGHT,OMFREIGHT,544564,BSE_EQ
BSE,OMINFRAL,OMINFRAL,531092,BSE_EQ
BSE,OMKARPH,OMKARPH,532167,BSE_EQ
BSE,OML,OML,544559,BSE_EQ
BSE,OMNI,OMNI,544720,BSE_EQ
BSE,OMNIAX,OMNIAX,532340,BSE_EQ
BSE,OMNIPOTENT,OMNIPOTENT,543400,BSE_EQ
BSE,OMNITEX,OMNITEX,514324,BSE_EQ
BSE,OMPOWER,OMPOWER,544750,BSE_EQ
BSE,ONEGLOBAL,ONEGLOBAL,514330,BSE_EQ
BSE,ONELIFECAP,ONELIFECAP,533632,BSE_EQ
BSE,ONEPOINT,ONEPOINT,544748,BSE_EQ
BSE,ONESOURCE,ONESOURCE,544292,BSE_EQ
BSE,ONGC,ONGC,500312,BSE_EQ
BSE,ONIDA,ONIDA,500279,BSE_EQ
BSE,ONIXSOLAR,ONIXSOLAR,513119,BSE_EQ
BSE,ONMOBILE,ONMOBILE,532944,BSE_EQ
BSE,ONTIC,ONTIC,540386,BSE_EQ
BSE,ONWARDTEC,ONWARDTEC,517536,BSE_EQ
BSE,OONE,OONE,535657,BSE_EQ
BSE,OPCHAINS,OPCHAINS,539116,BSE_EQ
BSE,OPTIEMUS,OPTIEMUS,530135,BSE_EQ
BSE,OPTIFIN,OPTIFIN,531254,BSE_EQ
BSE,ORBTEXP,ORBTEXP,512626,BSE_EQ
BSE,ORCHASP,ORCHASP,532271,BSE_EQ
BSE,ORCHPHARMA,ORCHPHARMA,524372,BSE_EQ
BSE,ORGANICREC,ORGANICREC,543997,BSE_EQ
BSE,ORGCOAT,ORGCOAT,531157,BSE_EQ
BSE,ORIBEVER,ORIBEVER,507690,BSE_EQ
BSE,ORICONENT,ORICONENT,513121,BSE_EQ
BSE,ORIENTALTL,ORIENTALTL,532817,BSE_EQ
BSE,ORIENTBELL,ORIENTBELL,530365,BSE_EQ
BSE,ORIENTCEM,ORIENTCEM,535754,BSE_EQ
BSE,ORIENTCER,ORIENTCER,504879,BSE_EQ
BSE,ORIENTELEC,ORIENTELEC,541301,BSE_EQ
BSE,ORIENTHOT,ORIENTHOT,500314,BSE_EQ
BSE,ORIENTLTD,ORIENTLTD,526325,BSE_EQ
BSE,ORIENTPPR,ORIENTPPR,502420,BSE_EQ
BSE,ORIENTTECH,ORIENTTECH,544235,BSE_EQ
BSE,ORIENTTR,ORIENTTR,531512,BSE_EQ
BSE,ORIRAIL,ORIRAIL,531859,BSE_EQ
BSE,ORISSAMINE,ORISSAMINE,590086,BSE_EQ
BSE,ORKLAINDIA,ORKLAINDIA,544595,BSE_EQ
BSE,OROSMITHS,OROSMITHS,531626,BSE_EQ
BSE,ORTEL,ORTEL,539015,BSE_EQ
BSE,ORTINGLOBE,ORTINGLOBE,539287,BSE_EQ
BSE,OSEASPR,OSEASPR,509782,BSE_EQ
BSE,OSIAJEE,OSIAJEE,540198,BSE_EQ
BSE,OSWALAGRO,OSWALAGRO,500317,BSE_EQ
BSE,OSWALGREEN,OSWALGREEN,539290,BSE_EQ
BSE,OSWALPUMPS,OSWALPUMPS,544418,BSE_EQ
BSE,OTCO,OTCO,523151,BSE_EQ
BSE,OVAL,OVAL,544498,BSE_EQ
BSE,OVOBELE,OVOBELE,530741,BSE_EQ
BSE,OXFORDIN,OXFORDIN,514414,BSE_EQ
BSE,OXYGENTAPH,OXYGENTAPH,524636,BSE_EQ
BSE,PACE,PACE,543637,BSE_EQ
BSE,PACEDIGITK,PACEDIGITK,544550,BSE_EQ
BSE,PACIFICI,PACIFICI,523483,BSE_EQ
BSE,PADALPO,PADALPO,531779,BSE_EQ
BSE,PADAMCO,PADAMCO,531395,BSE_EQ
BSE,PADMAIND,PADMAIND,526905,BSE_EQ
BSE,PADMALAYAT,PADMALAYAT,532350,BSE_EQ
BSE,PAGEIND,PAGEIND,532827,BSE_EQ
BSE,PAISALO,PAISALO,532900,BSE_EQ
BSE,PAJSON,PAJSON,544657,BSE_EQ
BSE,PAKKA,PAKKA,516030,BSE_EQ
BSE,PALASHSECU,PALASHSECU,540648,BSE_EQ
BSE,PALCO,PALCO,539121,BSE_EQ
BSE,PALMJEWELS,PALMJEWELS,541444,BSE_EQ
BSE,PALREDTEC,PALREDTEC,532521,BSE_EQ
BSE,PANABYTE,PANABYTE,538742,BSE_EQ
BSE,PANACEABIO,PANACEABIO,531349,BSE_EQ
BSE,PANAENERG,PANAENERG,504093,BSE_EQ
BSE,PANAFIC,PANAFIC,538860,BSE_EQ
BSE,PANAMAPET,PANAMAPET,524820,BSE_EQ
BSE,PANCARBON,PANCARBON,508941,BSE_EQ
BSE,PANCHMAHQ,PANCHMAHQ,513511,BSE_EQ
BSE,PANCHSHEEL,PANCHSHEEL,531726,BSE_EQ
BSE,PANCM,PANCM,500322,BSE_EQ
BSE,PANELEC,PANELEC,517397,BSE_EQ
BSE,PANHR,PANHR,544698,BSE_EQ
BSE,PANIDPR,PANIDPR,524055,BSE_EQ
BSE,PANINDIAC,PANINDIAC,511525,BSE_EQ
BSE,PANJON,PANJON,526345,BSE_EQ
BSE,PANKAJPO,PANKAJPO,531280,BSE_EQ
BSE,PANORAMA,PANORAMA,539469,BSE_EQ
BSE,PANTH,PANTH,539143,BSE_EQ
BSE,PAOS,PAOS,530291,BSE_EQ
BSE,PARACABLES,PARACABLES,530555,BSE_EQ
BSE,PARADEEP,PARADEEP,543530,BSE_EQ
BSE,PARAGMILK,PARAGMILK,539889,BSE_EQ
BSE,PARAGONF,PARAGONF,531255,BSE_EQ
BSE,PARAS,PARAS,543367,BSE_EQ
BSE,PARASPETRO,PARASPETRO,521246,BSE_EQ
BSE,PARKERAC,PARKERAC,524628,BSE_EQ
BSE,PARKHOSPS,PARKHOSPS,544645,BSE_EQ
BSE,PARKHOTELS,PARKHOTELS,544111,BSE_EQ
BSE,PARLEIND,PARLEIND,532911,BSE_EQ
BSE,PARMAX,PARMAX,540359,BSE_EQ
BSE,PARMCOS-B,PARMCOS-B,507970,BSE_EQ
BSE,PARMESHWAR,PARMESHWAR,544330,BSE_EQ
BSE,PARMSILK,PARMSILK,540467,BSE_EQ
BSE,PARNAXLAB,PARNAXLAB,506128,BSE_EQ
BSE,PARSHVA,PARSHVA,542694,BSE_EQ
BSE,PARSHWANA,PARSHWANA,511176,BSE_EQ
BSE,PARSVNATH,PARSVNATH,532780,BSE_EQ
BSE,PARVATI,PARVATI,541347,BSE_EQ
BSE,PASARI,PASARI,521080,BSE_EQ
BSE,PASHUPATI,PASHUPATI,544448,BSE_EQ
BSE,PASUPTAC,PASUPTAC,500456,BSE_EQ
BSE,PASUSPG,PASUSPG,503092,BSE_EQ
BSE,PATANJALI,PATANJALI,500368,BSE_EQ
BSE,PATELCHEM,PATELCHEM,544460,BSE_EQ
BSE,PATELENG,PATELENG,531120,BSE_EQ
BSE,PATELRMART,PATELRMART,544487,BSE_EQ
BSE,PATELSAI,PATELSAI,517417,BSE_EQ
BSE,PATIDAR,PATIDAR,524031,BSE_EQ
BSE,PATINTLOG,PATINTLOG,526381,BSE_EQ
BSE,PATRON,PATRON,543798,BSE_EQ
BSE,PATSPINLTD,PATSPINLTD,514326,BSE_EQ
BSE,PAUSHAKLTD,PAUSHAKLTD,532742,BSE_EQ
BSE,PAVNAIND,PAVNAIND,543915,BSE_EQ
BSE,PAYTM,PAYTM,543396,BSE_EQ
BSE,PBAINFRA,PBAINFRA,532676,BSE_EQ
BSE,PBFL,PBFL,539352,BSE_EQ
BSE,PBGLOBAL,PBGLOBAL,506580,BSE_EQ
BSE,PBMPOLY,PBMPOLY,514087,BSE_EQ
BSE,PCBL,PCBL,506590,BSE_EQ
BSE,PCCOSMA,PCCOSMA,524136,BSE_EQ
BSE,PCJEWELLER,PCJEWELLER,534809,BSE_EQ
BSE,PCL,PCL,543814,BSE_EQ
BSE,PCS,PCS,517119,BSE_EQ
BSE,PDMJEPAPER,PDMJEPAPER,539785,BSE_EQ
BSE,PDSL,PDSL,538730,BSE_EQ
BSE,PEARLPOLY,PEARLPOLY,523260,BSE_EQ
BSE,PECOS,PECOS,539273,BSE_EQ
BSE,PEETISEC,PEETISEC,531352,BSE_EQ
BSE,PEIL,PEIL,533100,BSE_EQ
BSE,PENIND,PENIND,513228,BSE_EQ
BSE,PENINLAND,PENINLAND,503031,BSE_EQ
BSE,PERFEPA,PERFEPA,526435,BSE_EQ
BSE,PERMAGN,PERMAGN,504132,BSE_EQ
BSE,PERSISTENT,PERSISTENT,533179,BSE_EQ
BSE,PERVASIVE,PERVASIVE,517172,BSE_EQ
BSE,PESB,PESB,544141,BSE_EQ
BSE,PETPLST,PETPLST,524046,BSE_EQ
BSE,PETRONET,PETRONET,532522,BSE_EQ
BSE,PFC,PFC,532810,BSE_EQ
BSE,PFIZER,PFIZER,500680,BSE_EQ
BSE,PFL,PFL,544259,BSE_EQ
BSE,PFLINFOTC,PFLINFOTC,531769,BSE_EQ
BSE,PFOCUS,PFOCUS,532748,BSE_EQ
BSE,PFS,PFS,533344,BSE_EQ
BSE,PGCRL,PGCRL,543540,BSE_EQ
BSE,PGEL,PGEL,533581,BSE_EQ
BSE,PGFOILQ,PGFOILQ,526747,BSE_EQ
BSE,PGHH,PGHH,500459,BSE_EQ
BSE,PGHL,PGHL,500126,BSE_EQ
BSE,PGIL,PGIL,532808,BSE_EQ
BSE,PGINVIT,PGINVIT,543290,BSE_EQ
BSE,PHARMABEES,PHARMABEES,590142,BSE_EQ
BSE,PHARMAID,PHARMAID,524572,BSE_EQ
BSE,PHCAP,PHCAP,500143,BSE_EQ
BSE,PHLSDDI,PHLSDDI,544791,BSE_EQ
BSE,PHLSDDP,PHLSDDP,544792,BSE_EQ
BSE,PHLSDG,PHLSDG,544790,BSE_EQ
BSE,PHLSRDI,PHLSRDI,544788,BSE_EQ
BSE,PHLSRDP,PHLSRDP,544789,BSE_EQ
BSE,PHLSRG,PHLSRG,544787,BSE_EQ
BSE,PHOENIXLTD,PHOENIXLTD,503100,BSE_EQ
BSE,PHOENXINTL,PHOENXINTL,526481,BSE_EQ
BSE,PHOSPHATE,PHOSPHATE,542123,BSE_EQ
BSE,PHOTON,PHOTON,509084,BSE_EQ
BSE,PHOTOQUP,PHOTOQUP,526588,BSE_EQ
BSE,PHRMASI,PHRMASI,523620,BSE_EQ
BSE,PHYTO,PHYTO,524808,BSE_EQ
BSE,PICCADIL,PICCADIL,530305,BSE_EQ
BSE,PICCASUG,PICCASUG,507498,BSE_EQ
BSE,PICTUREHS,PICTUREHS,532355,BSE_EQ
BSE,PIDILITIND,PIDILITIND,500331,BSE_EQ
BSE,PIGL,PIGL,543912,BSE_EQ
BSE,PIIND,PIIND,523642,BSE_EQ
BSE,PILANIINVS,PILANIINVS,539883,BSE_EQ
BSE,PILITA,PILITA,500327,BSE_EQ
BSE,PINELABS,PINELABS,544606,BSE_EQ
BSE,PIONAGR,PIONAGR,519439,BSE_EQ
BSE,PIONEEREMB,PIONEEREMB,514300,BSE_EQ
BSE,PIONRINV,PIONRINV,507864,BSE_EQ
BSE,PIOTEX,PIOTEX,544178,BSE_EQ
BSE,PIRAMALFIN,PIRAMALFIN,544597,BSE_EQ
BSE,PITTIENG,PITTIENG,513519,BSE_EQ
BSE,PIXTRANS,PIXTRANS,500333,BSE_EQ
BSE,PJL,PJL,539401,BSE_EQ
BSE,PLASTIBLEN,PLASTIBLEN,523648,BSE_EQ
BSE,PLATIND,PLATIND,544134,BSE_EQ
BSE,PLAZACABLE,PLAZACABLE,544003,BSE_EQ
BSE,PMCFIN,PMCFIN,534060,BSE_EQ
BSE,PML,PML,539113,BSE_EQ
BSE,PNB,PNB,532461,BSE_EQ
BSE,PNBGILTS,PNBGILTS,532366,BSE_EQ
BSE,PNBHOUSING,PNBHOUSING,540173,BSE_EQ
BSE,PNC,PNC,532387,BSE_EQ
BSE,PNCINFRA,PNCINFRA,539150,BSE_EQ
BSE,PNGJL,PNGJL,544256,BSE_EQ
BSE,PNGSREVA,PNGSREVA,544718,BSE_EQ
BSE,PNTKYOR,PNTKYOR,524210,BSE_EQ
BSE,POBS,POBS,543352,BSE_EQ
BSE,POCL,POCL,532626,BSE_EQ
BSE,PODDARMENT,PODDARMENT,524570,BSE_EQ
BSE,POEL,POEL,539195,BSE_EQ
BSE,POKARNA,POKARNA,532486,BSE_EQ
BSE,POLICYBZR,POLICYBZR,543390,BSE_EQ
BSE,POLSON,POLSON,507645,BSE_EQ
BSE,POLYCAB,POLYCAB,542652,BSE_EQ
BSE,POLYCHEM,POLYCHEM,506605,BSE_EQ
BSE,POLYCHMP,POLYCHMP,526043,BSE_EQ
BSE,POLYCON,POLYCON,531397,BSE_EQ
BSE,POLYLINK,POLYLINK,531454,BSE_EQ
BSE,POLYMAC,POLYMAC,537573,BSE_EQ
BSE,POLYMED,POLYMED,531768,BSE_EQ
BSE,POLYPLEX,POLYPLEX,524051,BSE_EQ
BSE,POLYSPIN,POLYSPIN,539354,BSE_EQ
BSE,PONNIERODE,PONNIERODE,532460,BSE_EQ
BSE,POOJA,POOJA,540727,BSE_EQ
BSE,POOJAENT,POOJAENT,532011,BSE_EQ
BSE,POONADAL,POONADAL,519359,BSE_EQ
BSE,POONAWALLA,POONAWALLA,524000,BSE_EQ
BSE,POPULARES,POPULARES,531870,BSE_EQ
BSE,PORWAL,PORWAL,532933,BSE_EQ
BSE,POWERGRID,POWERGRID,532898,BSE_EQ
BSE,POWERICA,POWERICA,544744,BSE_EQ
BSE,POWERINDIA,POWERINDIA,543187,BSE_EQ
BSE,POWERMECH,POWERMECH,539302,BSE_EQ
BSE,PPAP,PPAP,532934,BSE_EQ
BSE,PPARIVAH,PPARIVAH,544383,BSE_EQ
BSE,PPL,PPL,542684,BSE_EQ
BSE,PPLPHARMA,PPLPHARMA,543635,BSE_EQ
BSE,PQIF,PQIF,540717,BSE_EQ
BSE,PRABHA,PRABHA,544379,BSE_EQ
BSE,PRABHHANS,PRABHHANS,530361,BSE_EQ
BSE,PRADPME,PRADPME,513532,BSE_EQ
BSE,PRAENG,PRAENG,531746,BSE_EQ
BSE,PRAGBOS,PRAGBOS,500192,BSE_EQ
BSE,PRAJIND,PRAJIND,522205,BSE_EQ
BSE,PRAKASH,PRAKASH,506022,BSE_EQ
BSE,PRAKASHSTL,PRAKASHSTL,533239,BSE_EQ
BSE,PRARUH,PRARUH,544538,BSE_EQ
BSE,PRATIK,PRATIK,526490,BSE_EQ
BSE,PRATIKSH,PRATIKSH,531257,BSE_EQ
BSE,PRAVEG,PRAVEG,531637,BSE_EQ
BSE,PRAXIS,PRAXIS,540901,BSE_EQ
BSE,PRECAM,PRECAM,539636,BSE_EQ
BSE,PRECISIO,PRECISIO,517258,BSE_EQ
BSE,PRECWIRE,PRECWIRE,523539,BSE_EQ
BSE,PREMCAP,PREMCAP,511016,BSE_EQ
BSE,PREMCO,PREMCO,530331,BSE_EQ
BSE,PREMEXPLN,PREMEXPLN,526247,BSE_EQ
BSE,PREMIER,PREMIER,500540,BSE_EQ
BSE,PREMIERENE,PREMIERENE,544238,BSE_EQ
BSE,PREMIERPOL,PREMIERPOL,514354,BSE_EQ
BSE,PREMSYN,PREMSYN,509835,BSE_EQ
BSE,PRERINFRA,PRERINFRA,531802,BSE_EQ
BSE,PRESTIGE,PRESTIGE,533274,BSE_EQ
BSE,PREVEST,PREVEST,543363,BSE_EQ
BSE,PRICOLLTD,PRICOLLTD,540293,BSE_EQ
BSE,PRIMAGR,PRIMAGR,519262,BSE_EQ
BSE,PRIMAIN,PRIMAIN,531246,BSE_EQ
BSE,PRIMAPLA,PRIMAPLA,530589,BSE_EQ
BSE,PRIMECAPM,PRIMECAPM,535514,BSE_EQ
BSE,PRIMEFRESH,PRIMEFRESH,540404,BSE_EQ
BSE,PRIMEPRO,PRIMEPRO,530695,BSE_EQ
BSE,PRIMESECU,PRIMESECU,500337,BSE_EQ
BSE,PRIMEURB,PRIMEURB,521149,BSE_EQ
BSE,PRIMIND,PRIMIND,519299,BSE_EQ
BSE,PRIMO,PRIMO,506852,BSE_EQ
BSE,PRINCEPIPE,PRINCEPIPE,542907,BSE_EQ
BSE,PRISMFN,PRISMFN,531735,BSE_EQ
BSE,PRISMMEDI,PRISMMEDI,512217,BSE_EQ
BSE,PRISMX,PRISMX,501314,BSE_EQ
BSE,PRITHVIEXCH,PRITHVIEXCH,531688,BSE_EQ
BSE,PRITIKAUTO,PRITIKAUTO,539359,BSE_EQ
BSE,PRIVISCL,PRIVISCL,530117,BSE_EQ
BSE,PRIYALT,PRIYALT,524580,BSE_EQ
BSE,PROCLB,PROCLB,540703,BSE_EQ
BSE,PRODOCS,PRODOCS,544643,BSE_EQ
BSE,PROFINC,PROFINC,511557,BSE_EQ
BSE,PROMACT,PROMACT,526494,BSE_EQ
BSE,PROMAX,PROMAX,543375,BSE_EQ
BSE,PROSTARM,PROSTARM,544410,BSE_EQ
BSE,PROTEAN,PROTEAN,544021,BSE_EQ
BSE,PROZONER,PROZONER,534675,BSE_EQ
BSE,PRSMJOHNSN,PRSMJOHNSN,500338,BSE_EQ
BSE,PRSNTIN,PRSNTIN,519014,BSE_EQ
BSE,PRUDENT,PRUDENT,543527,BSE_EQ
BSE,PRUDMOULI,PRUDMOULI,500342,BSE_EQ
BSE,PSB,PSB,533295,BSE_EQ
BSE,PSCELESTIA,PSCELESTIA,544752,BSE_EQ
BSE,PSITINFRA,PSITINFRA,505502,BSE_EQ
BSE,PSPL,PSPL,544378,BSE_EQ
BSE,PSPLATINA,PSPLATINA,544295,BSE_EQ
BSE,PSPPROJECT,PSPPROJECT,540544,BSE_EQ
BSE,PSTITANIA,PSTITANIA,544462,BSE_EQ
BSE,PSUBANK,PSUBANK,590107,BSE_EQ
BSE,PSUBANKADD,PSUBANKADD,543948,BSE_EQ
BSE,PSUBNKBEES,PSUBNKBEES,590108,BSE_EQ
BSE,PSUBNKIETF,PSUBNKIETF,543819,BSE_EQ
BSE,PTC,PTC,532524,BSE_EQ
BSE,PTCIL,PTCIL,539006,BSE_EQ
BSE,PTL,PTL,509220,BSE_EQ
BSE,PULSRIN,PULSRIN,512591,BSE_EQ
BSE,PUNCTRD,PUNCTRD,512461,BSE_EQ
BSE,PUNJABCHEM,PUNJABCHEM,506618,BSE_EQ
BSE,PUNJCOMMU,PUNJCOMMU,500346,BSE_EQ
BSE,PURETROP,PURETROP,530077,BSE_EQ
BSE,PURITY,PURITY,523315,BSE_EQ
BSE,PUROHITCON,PUROHITCON,538993,BSE_EQ
BSE,PURPLE,PURPLE,540159,BSE_EQ
BSE,PURPLEFIN,PURPLEFIN,544191,BSE_EQ
BSE,PURPLEWAVE,PURPLEWAVE,544627,BSE_EQ
BSE,PURSHOTTAM,PURSHOTTAM,538647,BSE_EQ
BSE,PURVA,PURVA,532891,BSE_EQ
BSE,PUSHPIN,PUSHPIN,531562,BSE_EQ
BSE,PVP,PVP,517556,BSE_EQ
BSE,PVRINOX,PVRINOX,532689,BSE_EQ
BSE,PVSL,PVSL,544144,BSE_EQ
BSE,PVTBANIETF,PVTBANIETF,542758,BSE_EQ
BSE,PVTBANKADD,PVTBANKADD,543949,BSE_EQ
BSE,PVVINFRA,PVVINFRA,536659,BSE_EQ
BSE,PWASML,PWASML,531437,BSE_EQ
BSE,PWL,PWL,544609,BSE_EQ
BSE,PYRAMID,PYRAMID,543969,BSE_EQ
BSE,PYXISFIN,PYXISFIN,534109,BSE_EQ
BSE,QGO,QGO,538646,BSE_EQ
BSE,QGOLDHALF,QGOLDHALF,590099,BSE_EQ
BSE,QLL,QLL,544091,BSE_EQ
BSE,QNIFTY,QNIFTY,590110,BSE_EQ
BSE,QPOWER,QPOWER,544367,BSE_EQ
BSE,QRIL,QRIL,543460,BSE_EQ
BSE,QUADFUTURE,QUADFUTURE,544336,BSE_EQ
BSE,QUAL30IETF,QUAL30IETF,543956,BSE_EQ
BSE,QUANTDIA,QUANTDIA,530281,BSE_EQ
BSE,QUESS,QUESS,539978,BSE_EQ
BSE,QUESTCAP,QUESTCAP,500069,BSE_EQ
BSE,QUESTFLOW,QUESTFLOW,543982,BSE_EQ
BSE,QUICKHEAL,QUICKHEAL,539678,BSE_EQ
BSE,QUINT,QUINT,539515,BSE_EQ
BSE,RAAJMEDI,RAAJMEDI,524502,BSE_EQ
BSE,RAAMA,RAAMA,538540,BSE_EQ
BSE,RACE,RACE,537785,BSE_EQ
BSE,RACHIT,RACHIT,544503,BSE_EQ
BSE,RACLGEAR,RACLGEAR,520073,BSE_EQ
BSE,RACONTEUR,RACONTEUR,541703,BSE_EQ
BSE,RADAAN,RADAAN,590070,BSE_EQ
BSE,RADHEDE,RADHEDE,531273,BSE_EQ
BSE,RADHIKAJWE,RADHIKAJWE,540125,BSE_EQ
BSE,RADIANTCMS,RADIANTCMS,543732,BSE_EQ
BSE,RADICO,RADICO,532497,BSE_EQ
BSE,RADIOCITY,RADIOCITY,540366,BSE_EQ
BSE,RADIXIND,RADIXIND,531412,BSE_EQ
BSE,RAFL,RAFL,538921,BSE_EQ
BSE,RAGHUNAT,RAGHUNAT,526813,BSE_EQ
BSE,RAGHUSYN,RAGHUSYN,514316,BSE_EQ
BSE,RAGHUTOB,RAGHUTOB,531552,BSE_EQ
BSE,RAIDEEPIND,RAIDEEPIND,540270,BSE_EQ
BSE,RAILTEL,RAILTEL,543265,BSE_EQ
BSE,RAIN,RAIN,500339,BSE_EQ
BSE,RAINBOW,RAINBOW,543524,BSE_EQ
BSE,RAINBOWF,RAINBOWF,531694,BSE_EQ
BSE,RAJABAH,RAJABAH,503127,BSE_EQ
BSE,RAJESH,RAJESH,544291,BSE_EQ
BSE,RAJESHEXPO,RAJESHEXPO,531500,BSE_EQ
BSE,RAJINFRA,RAJINFRA,526823,BSE_EQ
BSE,RAJKOTINV,RAJKOTINV,539495,BSE_EQ
BSE,RAJKSYN,RAJKSYN,514028,BSE_EQ
BSE,RAJNISH,RAJNISH,541601,BSE_EQ
BSE,RAJOOENG,RAJOOENG,522257,BSE_EQ
BSE,RAJPACK,RAJPACK,530111,BSE_EQ
BSE,RAJPALAYAM,RAJPALAYAM,532503,BSE_EQ
BSE,RAJPUTANA,RAJPUTANA,539090,BSE_EQ
BSE,RAJRATAN,RAJRATAN,517522,BSE_EQ
BSE,RAJRILTD,RAJRILTD,530699,BSE_EQ
BSE,RAJSEC,RAJSEC,526873,BSE_EQ
BSE,RAJSPTR,RAJSPTR,506975,BSE_EQ
BSE,RAJSREESUG,RAJSREESUG,500354,BSE_EQ
BSE,RAJTUBE,RAJTUBE,530253,BSE_EQ
BSE,RAJTV,RAJTV,532826,BSE_EQ
BSE,RAJVI,RAJVI,511185,BSE_EQ
BSE,RAL,RAL,544236,BSE_EQ
BSE,RALEGRA,RALEGRA,526095,BSE_EQ
BSE,RALLIS,RALLIS,500355,BSE_EQ
BSE,RAMANEWS,RAMANEWS,500356,BSE_EQ
BSE,RAMAPHO,RAMAPHO,524037,BSE_EQ
BSE,RAMAPPR-B,RAMAPPR-B,500357,BSE_EQ
BSE,RAMASTEEL,RAMASTEEL,539309,BSE_EQ
BSE,RAMAVISION,RAMAVISION,523289,BSE_EQ
BSE,RAMBHAJO,RAMBHAJO,544803,BSE_EQ
BSE,RAMCOCEM,RAMCOCEM,500260,BSE_EQ
BSE,RAMCOIND,RAMCOIND,532369,BSE_EQ
BSE,RAMCOSYS,RAMCOSYS,532370,BSE_EQ
BSE,RAMGOPOLY,RAMGOPOLY,514223,BSE_EQ
BSE,RAMINFO,RAMINFO,530951,BSE_EQ
BSE,RAMKY,RAMKY,533262,BSE_EQ
BSE,RAMRAT,RAMRAT,522281,BSE_EQ
BSE,RAMSONS,RAMSONS,530925,BSE_EQ
BSE,RANASUG,RANASUG,507490,BSE_EQ
BSE,RANDER,RANDER,531228,BSE_EQ
BSE,RANEHOLDIN,RANEHOLDIN,505800,BSE_EQ
BSE,RANJEET,RANJEET,541945,BSE_EQ
BSE,RANJITSE,RANJITSE,531572,BSE_EQ
BSE,RAP,RAP,531583,BSE_EQ
BSE,RAPICUT,RAPICUT,500360,BSE_EQ
BSE,RAPID,RAPID,544237,BSE_EQ
BSE,RAPIDIN,RAPIDIN,501351,BSE_EQ
BSE,RASANDIK,RASANDIK,522207,BSE_EQ
BSE,RASIELEC,RASIELEC,531233,BSE_EQ
BSE,RASRESOR,RASRESOR,507966,BSE_EQ
BSE,RATEGAIN,RATEGAIN,543417,BSE_EQ
BSE,RATHIBAR,RATHIBAR,532918,BSE_EQ
BSE,RATHIST,RATHIST,504903,BSE_EQ
BSE,RATNABHUMI,RATNABHUMI,540796,BSE_EQ
BSE,RATNAMANI,RATNAMANI,520111,BSE_EQ
BSE,RATNAVEER,RATNAVEER,543978,BSE_EQ
BSE,RAUNAQ,RAUNAQ,537840,BSE_EQ
BSE,RAVALSUGAR,RAVALSUGAR,507300,BSE_EQ
BSE,RAVEL,RAVEL,544629,BSE_EQ
BSE,RAWEDGE,RAWEDGE,541634,BSE_EQ
BSE,RAYALEMA,RAYALEMA,526640,BSE_EQ
BSE,RAYMOND,RAYMOND,500330,BSE_EQ
BSE,RAYMONDLSL,RAYMONDLSL,544240,BSE_EQ
BSE,RAYMONDREL,RAYMONDREL,544420,BSE_EQ
BSE,RBA,RBA,543248,BSE_EQ
BSE,RBLBANK,RBLBANK,540065,BSE_EQ
BSE,RBZJEWEL,RBZJEWEL,544060,BSE_EQ
BSE,RCAN,RCAN,543285,BSE_EQ
BSE,RCCL,RCCL,538707,BSE_EQ
BSE,RCF,RCF,524230,BSE_EQ
BSE,RCL,RCL,539673,BSE_EQ
BSE,RCOM,RCOM,532712,BSE_EQ
BSE,RDBIPL,RDBIPL,533285,BSE_EQ
BSE,RDBRL,RDBRL,533608,BSE_EQ
BSE,RDEL,RDEL,544640,BSE_EQ
BSE,RDGAIL,RDGAIL,544552,BSE_EQ
BSE,REALECO,REALECO,530053,BSE_EQ
BSE,RECLTD,RECLTD,532955,BSE_EQ
BSE,RECODE,RECODE,544755,BSE_EQ
BSE,REDINGTON,REDINGTON,532805,BSE_EQ
BSE,REDTAPE,REDTAPE,543957,BSE_EQ
BSE,REETECH,REETECH,543617,BSE_EQ
BSE,REFEX,REFEX,532884,BSE_EQ
BSE,REGAAL,REGAAL,544485,BSE_EQ
BSE,REGAL,REGAL,531033,BSE_EQ
BSE,REGANTO,REGANTO,517393,BSE_EQ
BSE,REGENCERAM,REGENCERAM,515018,BSE_EQ
BSE,REGENCY,REGENCY,540175,BSE_EQ
BSE,REGENTRP,REGENTRP,512624,BSE_EQ
BSE,REGIS,REGIS,543208,BSE_EQ
BSE,RELAXO,RELAXO,530517,BSE_EQ
BSE,RELCHEMQ,RELCHEMQ,503162,BSE_EQ
BSE,RELIABLE,RELIABLE,544207,BSE_EQ
BSE,RELIABVEN,RELIABVEN,532124,BSE_EQ
BSE,RELIANCE,RELIANCE,500325,BSE_EQ
BSE,RELICAB,RELICAB,539760,BSE_EQ
BSE,RELICTEC,RELICTEC,511712,BSE_EQ
BSE,RELIGARE,RELIGARE,532915,BSE_EQ
BSE,RELTD,RELTD,504341,BSE_EQ
BSE,REMAGNET,REMAGNET,526570,BSE_EQ
BSE,REMIEDEL,REMIEDEL,513043,BSE_EQ
BSE,REMSONSIND,REMSONSIND,530919,BSE_EQ
BSE,RENUKA,RENUKA,532670,BSE_EQ
BSE,REPCOHOME,REPCOHOME,535322,BSE_EQ
BSE,REPONO,REPONO,544463,BSE_EQ
BSE,REPRO,REPRO,532687,BSE_EQ
BSE,RESGEN,RESGEN,543805,BSE_EQ
BSE,RESONANCE,RESONANCE,524218,BSE_EQ
BSE,RESPONIND,RESPONIND,505509,BSE_EQ
BSE,RESPONSINF,RESPONSINF,538273,BSE_EQ
BSE,RESTILE,RESTILE,515085,BSE_EQ
BSE,RETAGGIO,RETAGGIO,544391,BSE_EQ
BSE,RETAIL,RETAIL,544197,BSE_EQ
BSE,RETINA,RETINA,543902,BSE_EQ
BSE,REVAMEDIA,REVAMEDIA,524504,BSE_EQ
BSE,REXNORD,REXNORD,531888,BSE_EQ
BSE,REXSEAL,REXSEAL,543744,BSE_EQ
BSE,RFHXXIII8G,RFHXXIII8G,535429,BSE_EQ
BSE,RFHXXIV04G,RFHXXIV04G,535998,BSE_EQ
BSE,RFHXXIV05D,RFHXXIV05D,536071,BSE_EQ
BSE,RFHXXIV05G,RFHXXIV05G,536070,BSE_EQ
BSE,RFHXXIV07D,RFHXXIV07D,536156,BSE_EQ
BSE,RFHXXIV07G,RFHXXIV07G,536155,BSE_EQ
BSE,RFHXXIV10G,RFHXXIV10G,536168,BSE_EQ
BSE,RFHXXIV11G,RFHXXIV11G,536119,BSE_EQ
BSE,RFHXXIV15G,RFHXXIV15G,536251,BSE_EQ
BSE,RFHXXIV25D,RFHXXIV25D,536827,BSE_EQ
BSE,RFHXXIV25G,RFHXXIV25G,536828,BSE_EQ
BSE,RFHXXIX03G,RFHXXIX03G,535883,BSE_EQ
BSE,RFHXXVI23D,RFHXXVI23D,538430,BSE_EQ
BSE,RFHXXVI23G,RFHXXVI23G,538431,BSE_EQ
BSE,RFHXXVI24DG,RFHXXVI24DG,538392,BSE_EQ
BSE,RFHXXVI24G,RFHXXVI24G,538394,BSE_EQ
BSE,RFIL,RFIL,544771,BSE_EQ
BSE,RFL,RFL,511740,BSE_EQ
BSE,RFLL,RFLL,543256,BSE_EQ
BSE,RFSL,RFSL,539435,BSE_EQ
BSE,RFXXIII12G,RFXXIII12G,535690,BSE_EQ
BSE,RFXXIII8DG,RFXXIII8DG,535427,BSE_EQ
BSE,RFXXIV03DG,RFXXIV03DG,535881,BSE_EQ
BSE,RFXXIV04DG,RFXXIV04DG,535996,BSE_EQ
BSE,RFXXIV05DG,RFXXIV05DG,536068,BSE_EQ
BSE,RFXXIV07DD,RFXXIV07DD,536154,BSE_EQ
BSE,RFXXIV07DG,RFXXIV07DG,536153,BSE_EQ
BSE,RFXXIV10DG,RFXXIV10DG,536166,BSE_EQ
BSE,RFXXIV11DG,RFXXIV11DG,536117,BSE_EQ
BSE,RFXXIV15DG,RFXXIV15DG,536249,BSE_EQ
BSE,RFXXIV25DD,RFXXIV25DD,536823,BSE_EQ
BSE,RFXXIV25DG,RFXXIV25DG,536825,BSE_EQ
BSE,RFXXVI23DD,RFXXVI23DD,538428,BSE_EQ
BSE,RFXXVI23DG,RFXXVI23DG,538429,BSE_EQ
BSE,RGCORP,RGCORP,539691,BSE_EQ
BSE,RGF,RGF,539669,BSE_EQ
BSE,RGIL,RGIL,539922,BSE_EQ
BSE,RGL,RGL,532923,BSE_EQ
BSE,RGRL,RGRL,519191,BSE_EQ
BSE,RHETAN,RHETAN,543590,BSE_EQ
BSE,RHFL,RHFL,540709,BSE_EQ
BSE,RHIM,RHIM,534076,BSE_EQ
BSE,RHL,RHL,543901,BSE_EQ
BSE,RIBATEX,RIBATEX,531952,BSE_EQ
BSE,RICHUNV,RICHUNV,530271,BSE_EQ
BSE,RICOAUTO,RICOAUTO,520008,BSE_EQ
BSE,RIDDHI,RIDDHI,524480,BSE_EQ
BSE,RIDDHICORP,RIDDHICORP,540590,BSE_EQ
BSE,RIDHISYN,RIDHISYN,504365,BSE_EQ
BSE,RIIL,RIIL,523445,BSE_EQ
BSE,RIIT,RIIT,544734,BSE_EQ
BSE,RIKHAV,RIKHAV,544340,BSE_EQ
BSE,RIR,RIR,517035,BSE_EQ
BSE,RISAINTL,RISAINTL,530251,BSE_EQ
BSE,RISHABH,RISHABH,543977,BSE_EQ
BSE,RISHDIGA,RISHDIGA,531539,BSE_EQ
BSE,RISHILASE,RISHILASE,526861,BSE_EQ
BSE,RISHIROOP,RISHIROOP,526492,BSE_EQ
BSE,RISHITECH,RISHITECH,523021,BSE_EQ
BSE,RISHYRN,RISHYRN,514177,BSE_EQ
BSE,RITCO,RITCO,542383,BSE_EQ
BSE,RITES,RITES,541556,BSE_EQ
BSE,RITESHIN,RITESHIN,519097,BSE_EQ
BSE,RITHWIKFMS,RITHWIKFMS,540843,BSE_EQ
BSE,RIYAASAT,RIYAASAT,544804,BSE_EQ
BSE,RJSHAH,RJSHAH,509845,BSE_EQ
BSE,RKDAGRRTL,RKDAGRRTL,511169,BSE_EQ
BSE,RKDL,RKDL,533294,BSE_EQ
BSE,RKFORGE,RKFORGE,532527,BSE_EQ
BSE,RKSWAMY,RKSWAMY,544136,BSE_EQ
BSE,RLF,RLF,512618,BSE_EQ
BSE,RMC,RMC,540358,BSE_EQ
BSE,RMDRIP,RMDRIP,544456,BSE_EQ
BSE,RMFINAFDD8,RMFINAFDD8,535685,BSE_EQ
BSE,RMFINAFDG8,RMFINAFDG8,535683,BSE_EQ
BSE,RMFINAFDR8,RMFINAFDR8,535687,BSE_EQ
BSE,RMFINAFRD8,RMFINAFRD8,535686,BSE_EQ
BSE,RMFINAFRG8,RMFINAFRG8,535684,BSE_EQ
BSE,RMFINAFRR8,RMFINAFRR8,535688,BSE_EQ
BSE,RML,RML,532661,BSE_EQ
BSE,RNBDENIMS,RNBDENIMS,538119,BSE_EQ
BSE,RNITAI,RNITAI,517286,BSE_EQ
BSE,ROADSTAR,ROADSTAR,544374,BSE_EQ
BSE,ROBU,ROBU,543787,BSE_EQ
BSE,RODIUM,RODIUM,531822,BSE_EQ
BSE,ROHLTD,ROHLTD,532699,BSE_EQ
BSE,ROJL,ROJL,543171,BSE_EQ
BSE,ROLCOEN,ROLCOEN,505807,BSE_EQ
BSE,ROLEXRINGS,ROLEXRINGS,543325,BSE_EQ
BSE,ROLLT,ROLLT,502448,BSE_EQ
BSE,ROML,ROML,533093,BSE_EQ
BSE,RONI,RONI,542145,BSE_EQ
BSE,ROOPAIND,ROOPAIND,530991,BSE_EQ
BSE,ROOPSHRI,ROOPSHRI,542599,BSE_EQ
BSE,ROSELABS,ROSELABS,531324,BSE_EQ
BSE,ROSEMER,ROSEMER,512115,BSE_EQ
BSE,ROSSARI,ROSSARI,543213,BSE_EQ
BSE,ROSSELLIND,ROSSELLIND,533168,BSE_EQ
BSE,ROSSTECH,ROSSTECH,544294,BSE_EQ
BSE,ROTO,ROTO,517500,BSE_EQ
BSE,ROUTE,ROUTE,543228,BSE_EQ
BSE,ROYAL,ROYAL,544143,BSE_EQ
BSE,ROYALCU,ROYALCU,526193,BSE_EQ
BSE,ROYALIND,ROYALIND,512047,BSE_EQ
BSE,RPEL,RPEL,539837,BSE_EQ
BSE,RPGLIFE,RPGLIFE,532983,BSE_EQ
BSE,RPOWER,RPOWER,532939,BSE_EQ
BSE,RPPINFRA,RPPINFRA,533284,BSE_EQ
BSE,RPSGVENT,RPSGVENT,542333,BSE_EQ
BSE,RPTECH,RPTECH,544119,BSE_EQ
BSE,RRECL,RRECL,544346,BSE_EQ
BSE,RRETAIL,RRETAIL,530525,BSE_EQ
BSE,RRFIN,RRFIN,511626,BSE_EQ
BSE,RRIL,RRIL,531307,BSE_EQ
BSE,RRKABEL,RRKABEL,543981,BSE_EQ
BSE,RRMETAL,RRMETAL,531667,BSE_EQ
BSE,RRSECUR,RRSECUR,530917,BSE_EQ
BSE,RSCINT,RSCINT,530179,BSE_EQ
BSE,RSDFIN,RSDFIN,539875,BSE_EQ
BSE,RSL,RSL,544731,BSE_EQ
BSE,RSSOFTWARE,RSSOFTWARE,517447,BSE_EQ
BSE,RSTL,RSTL,540082,BSE_EQ
BSE,RSWM,RSWM,500350,BSE_EQ
BSE,RSYSTEMS,RSYSTEMS,532735,BSE_EQ
BSE,RTFL,RTFL,538611,BSE_EQ
BSE,RTNINDIA,RTNINDIA,534597,BSE_EQ
BSE,RTNPOWER,RTNPOWER,533122,BSE_EQ
BSE,RTSPOWR,RTSPOWR,531215,BSE_EQ
BSE,RUBFILA,RUBFILA,500367,BSE_EQ
BSE,RUBICON,RUBICON,544578,BSE_EQ
BSE,RUBYMILLS,RUBYMILLS,503169,BSE_EQ
BSE,RUCHINFRA,RUCHINFRA,509020,BSE_EQ
BSE,RUCHIRA,RUCHIRA,532785,BSE_EQ
BSE,RUDRA,RUDRA,539226,BSE_EQ
BSE,RUDRAECO,RUDRAECO,514010,BSE_EQ
BSE,RUDRAGAS,RUDRAGAS,544121,BSE_EQ
BSE,RUNGTAIR,RUNGTAIR,530449,BSE_EQ
BSE,RUPA,RUPA,533552,BSE_EQ
BSE,RUSHIL,RUSHIL,533470,BSE_EQ
BSE,RUSTOMJEE,RUSTOMJEE,543669,BSE_EQ
BSE,RVHL,RVHL,543251,BSE_EQ
BSE,RVNL,RVNL,542649,BSE_EQ
BSE,RVTH,RVTH,544246,BSE_EQ
BSE,RXXIII12DG,RXXIII12DG,535689,BSE_EQ
BSE,S&SPOWER,S&SPOWER,517273,BSE_EQ
BSE,SAATVIKGL,SAATVIKGL,544526,BSE_EQ
BSE,SAB,SAB,539112,BSE_EQ
BSE,SABEVENTS,SABEVENTS,540081,BSE_EQ
BSE,SABOOSOD,SABOOSOD,530461,BSE_EQ
BSE,SACHEMT,SACHEMT,531869,BSE_EQ
BSE,SADBHAV,SADBHAV,532710,BSE_EQ
BSE,SADBHIN,SADBHIN,539346,BSE_EQ
BSE,SADHNANIQ,SADHNANIQ,506642,BSE_EQ
BSE,SAENTER,SAENTER,526477,BSE_EQ
BSE,SAFARI,SAFARI,523025,BSE_EQ
BSE,SAFE,SAFE,544257,BSE_EQ
BSE,SAFECURE,SAFECURE,544596,BSE_EQ
BSE,SAFFRON,SAFFRON,531436,BSE_EQ
BSE,SAGARSOFT,SAGARSOFT,540143,BSE_EQ
BSE,SAGARSYST,SAGARSYST,511254,BSE_EQ
BSE,SAGCEM,SAGCEM,502090,BSE_EQ
BSE,SAGILITY,SAGILITY,544282,BSE_EQ
BSE,SAHARAHOUS,SAHARAHOUS,511533,BSE_EQ
BSE,SAHLIBHFI,SAHLIBHFI,511754,BSE_EQ
BSE,SAHYADRI,SAHYADRI,532841,BSE_EQ
BSE,SAICAPI,SAICAPI,531931,BSE_EQ
BSE,SAICOM,SAICOM,512097,BSE_EQ
BSE,SAIL,SAIL,500113,BSE_EQ
BSE,SAILANI,SAILANI,543541,BSE_EQ
BSE,SAILIFE,SAILIFE,544306,BSE_EQ
BSE,SAINIK,SAINIK,530265,BSE_EQ
BSE,SAIPARENT,SAIPARENT,544742,BSE_EQ
BSE,SAKHTISUG,SAKHTISUG,507315,BSE_EQ
BSE,SAKSOFT,SAKSOFT,590051,BSE_EQ
BSE,SAKTHIFIN,SAKTHIFIN,511066,BSE_EQ
BSE,SAKUMA,SAKUMA,532713,BSE_EQ
BSE,SALASAR,SALASAR,540642,BSE_EQ
BSE,SALAUTO,SALAUTO,539353,BSE_EQ
BSE,SALEM,SALEM,540181,BSE_EQ
BSE,SALGUTI,SALGUTI,526554,BSE_EQ
BSE,SALONA,SALONA,590056,BSE_EQ
BSE,SALORAINTL,SALORAINTL,500370,BSE_EQ
BSE,SALSAIN,SALSAIN,503635,BSE_EQ
BSE,SALSTEEL,SALSTEEL,532604,BSE_EQ
BSE,SALZERELEC,SALZERELEC,517059,BSE_EQ
BSE,SAMBANDAM,SAMBANDAM,521240,BSE_EQ
BSE,SAMBHAAV,SAMBHAAV,511630,BSE_EQ
BSE,SAMBHV,SAMBHV,544430,BSE_EQ
BSE,SAMHI,SAMHI,543984,BSE_EQ
BSE,SAMINDUS,SAMINDUS,532005,BSE_EQ
BSE,SAMKRG,SAMKRG,520075,BSE_EQ
BSE,SAMMAANCAP,SAMMAANCAP,535789,BSE_EQ
BSE,SAMOR,SAMOR,543376,BSE_EQ
BSE,SAMPANN,SAMPANN,534598,BSE_EQ
BSE,SAMPAT,SAMPAT,544520,BSE_EQ
BSE,SAMPRE,SAMPRE,530617,BSE_EQ
BSE,SAMRATFORG,SAMRATFORG,543229,BSE_EQ
BSE,SAMRATPH,SAMRATPH,530125,BSE_EQ
BSE,SAMSRITA,SAMSRITA,539267,BSE_EQ
BSE,SAMTELIN,SAMTELIN,500371,BSE_EQ
BSE,SAMTEX,SAMTEX,521206,BSE_EQ
BSE,SAMYAKINT,SAMYAKINT,530025,BSE_EQ
BSE,SANATHAN,SANATHAN,544314,BSE_EQ
BSE,SANBLUE,SANBLUE,521222,BSE_EQ
BSE,SANCF,SANCF,511563,BSE_EQ
BSE,SANCODE,SANCODE,543897,BSE_EQ
BSE,SANCTRN,SANCTRN,523116,BSE_EQ
BSE,SANDESH,SANDESH,526725,BSE_EQ
BSE,SANDHAR,SANDHAR,541163,BSE_EQ
BSE,SANDUMA,SANDUMA,504918,BSE_EQ
BSE,SANDUPHQ,SANDUPHQ,524703,BSE_EQ
BSE,SANGAMFIN,SANGAMFIN,538714,BSE_EQ
BSE,SANGAMIND,SANGAMIND,514234,BSE_EQ
BSE,SANGHVIMOV,SANGHVIMOV,530073,BSE_EQ
BSE,SANINFRA,SANINFRA,532435,BSE_EQ
BSE,SANJIVIN,SANJIVIN,531569,BSE_EQ
BSE,SANOFI,SANOFI,500674,BSE_EQ
BSE,SANOFICONR,SANOFICONR,544250,BSE_EQ
BSE,SANPA,SANPA,516096,BSE_EQ
BSE,SANSERA,SANSERA,543358,BSE_EQ
BSE,SANSTAR,SANSTAR,544217,BSE_EQ
BSE,SANTETX,SANTETX,514280,BSE_EQ
BSE,SANWARIA,SANWARIA,519260,BSE_EQ
BSE,SAPL,SAPL,538992,BSE_EQ
BSE,SAPPHIRE,SAPPHIRE,543397,BSE_EQ
BSE,SAPPL,SAPPL,538795,BSE_EQ
BSE,SARDAEN,SARDAEN,504614,BSE_EQ
BSE,SAREGAMA,SAREGAMA,532163,BSE_EQ
BSE,SARLAPOLY,SARLAPOLY,526885,BSE_EQ
BSE,SARTHAKGL,SARTHAKGL,530993,BSE_EQ
BSE,SARTHAKIND,SARTHAKIND,531930,BSE_EQ
BSE,SARUPINDUS,SARUPINDUS,514412,BSE_EQ
BSE,SARVESHWAR,SARVESHWAR,543688,BSE_EQ
BSE,SARVOTTAM,SARVOTTAM,539124,BSE_EQ
BSE,SASKEN,SASKEN,532663,BSE_EQ
BSE,SATCH,SATCH,533202,BSE_EQ
BSE,SATIA,SATIA,539201,BSE_EQ
BSE,SATIN,SATIN,539404,BSE_EQ
BSE,SATTRIX,SATTRIX,544189,BSE_EQ
BSE,SATTVASUKU,SATTVASUKU,539519,BSE_EQ
BSE,SAUMYA,SAUMYA,539218,BSE_EQ
BSE,SAURASHCEM,SAURASHCEM,502175,BSE_EQ
BSE,SAVERA,SAVERA,512634,BSE_EQ
BSE,SAWACA,SAWACA,531893,BSE_EQ
BSE,SAYAJIHOTL,SAYAJIHOTL,523710,BSE_EQ
BSE,SAYAJIIND,SAYAJIIND,540728,BSE_EQ
BSE,SBC,SBC,542725,BSE_EQ
BSE,SBCL,SBCL,513097,BSE_EQ
BSE,SBECSUG,SBECSUG,532102,BSE_EQ
BSE,SBECSYS,SBECSYS,517360,BSE_EQ
BSE,SBFC,SBFC,543959,BSE_EQ
BSE,SBFL,SBFL,521131,BSE_EQ
BSE,SBGLP,SBGLP,543218,BSE_EQ
BSE,SBIBPB,SBIBPB,544385,BSE_EQ
BSE,SBICARD,SBICARD,543066,BSE_EQ
BSE,SBILIFE,SBILIFE,540719,BSE_EQ
BSE,SBILIQETF,SBILIQETF,544478,BSE_EQ
BSE,SBIMIDMOM,SBIMIDMOM,544722,BSE_EQ
BSE,SBIN,SBIN,500112,BSE_EQ
BSE,SBINEQWETF,SBINEQWETF,544215,BSE_EQ
BSE,SBINMID150,SBINMID150,544745,BSE_EQ
BSE,SBISENSEX,SBISENSEX,535276,BSE_EQ
BSE,SBISILVER,SBISILVER,544206,BSE_EQ
BSE,SBISMLETF,SBISMLETF,544763,BSE_EQ
BSE,SBIVALETF,SBIVALETF,544762,BSE_EQ
BSE,SBLI,SBLI,543366,BSE_EQ
BSE,SBRANDS,SBRANDS,540782,BSE_EQ
BSE,SBVCL,SBVCL,544074,BSE_EQ
BSE,SCAGRO,SCAGRO,526081,BSE_EQ
BSE,SCANPRO,SCANPRO,531797,BSE_EQ
BSE,SCANSTL,SCANSTL,511672,BSE_EQ
BSE,SCARNOSE,SCARNOSE,543537,BSE_EQ
BSE,SCBL,SCBL,506906,BSE_EQ
BSE,SCC,SCC,538857,BSE_EQ
BSE,SCDL,SCDL,544746,BSE_EQ
BSE,SCHAEFFLER,SCHAEFFLER,505790,BSE_EQ
BSE,SCHAND,SCHAND,540497,BSE_EQ
BSE,SCHNEIDER,SCHNEIDER,534139,BSE_EQ
BSE,SCI,SCI,523598,BSE_EQ
BSE,SCILAL,SCILAL,544142,BSE_EQ
BSE,SCODATUBES,SCODATUBES,544411,BSE_EQ
BSE,SCOOBEEDAY,SCOOBEEDAY,531234,BSE_EQ
BSE,SCPL,SCPL,540757,BSE_EQ
BSE,SCTL,SCTL,539526,BSE_EQ
BSE,SDBL,SDBL,507514,BSE_EQ
BSE,SDC,SDC,535647,BSE_EQ
BSE,SDFSA24GD,SDFSA24GD,538341,BSE_EQ
BSE,SDL,SDL,524727,BSE_EQ
BSE,SEALMATIC,SEALMATIC,543782,BSE_EQ
BSE,SEAMECLTD,SEAMECLTD,526807,BSE_EQ
BSE,SEASONST,SEASONST,514264,BSE_EQ
BSE,SEATV,SEATV,533268,BSE_EQ
BSE,SECMARK,SECMARK,543234,BSE_EQ
BSE,SECURKLOUD,SECURKLOUD,512161,BSE_EQ
BSE,SEDEMAC,SEDEMAC,544723,BSE_EQ
BSE,SEEMAX,SEEMAX,544813,BSE_EQ
BSE,SEIL,SEIL,539921,BSE_EQ
BSE,SEJALLTD,SEJALLTD,532993,BSE_EQ
BSE,SEKURITIND,SEKURITIND,515043,BSE_EQ
BSE,SEL,SEL,509423,BSE_EQ
BSE,SELECTIPO,SELECTIPO,544376,BSE_EQ
BSE,SELECTRIC,SELECTRIC,544786,BSE_EQ
BSE,SELMC,SELMC,532886,BSE_EQ
BSE,SEMAC,SEMAC,505368,BSE_EQ
BSE,SEML,SEML,543515,BSE_EQ
BSE,SENCO,SENCO,543936,BSE_EQ
BSE,SENORES,SENORES,544319,BSE_EQ
BSE,SENSEX1,SENSEX1,532985,BSE_EQ
BSE,SENSEXADD,SENSEXADD,543947,BSE_EQ
BSE,SENSEXAXIS,SENSEXAXIS,543853,BSE_EQ
BSE,SENSEXBEES,SENSEXBEES,538683,BSE_EQ
BSE,SENSEXBETA,SENSEXBETA,539312,BSE_EQ
BSE,SENSEXETF,SENSEXETF,543999,BSE_EQ
BSE,SENSEXIETF,SENSEXIETF,555555,BSE_EQ
BSE,SEPC,SEPC,532945,BSE_EQ
BSE,SERA,SERA,512399,BSE_EQ
BSE,SESHACHAL,SESHACHAL,531794,BSE_EQ
BSE,SESHAPAPER,SESHAPAPER,502450,BSE_EQ
BSE,SETCO,SETCO,505075,BSE_EQ
BSE,SETFBSE100,SETFBSE100,539031,BSE_EQ
BSE,SETFGOLD,SETFGOLD,590098,BSE_EQ
BSE,SETFNIF50,SETFNIF50,590138,BSE_EQ
BSE,SETFNIFBK,SETFNIFBK,590137,BSE_EQ
BSE,SETFSN50,SETFSN50,541972,BSE_EQ
BSE,SETL,SETL,544333,BSE_EQ
BSE,SETUINFRA,SETUINFRA,533605,BSE_EQ
BSE,SEVL,SEVL,544428,BSE_EQ
BSE,SEYAIND,SEYAIND,524324,BSE_EQ
BSE,SFL,SFL,540203,BSE_EQ
BSE,SFMP34DD,SFMP34DD,543206,BSE_EQ
BSE,SFMP34DR,SFMP34DR,543204,BSE_EQ
BSE,SFMP34GD,SFMP34GD,543205,BSE_EQ
BSE,SFMP34GR,SFMP34GR,543203,BSE_EQ
BSE,SFMP46DD,SFMP46DD,543316,BSE_EQ
BSE,SFMP46DR,SFMP46DR,543314,BSE_EQ
BSE,SFMP46GD,SFMP46GD,543315,BSE_EQ
BSE,SFMP46GR,SFMP46GR,543313,BSE_EQ
BSE,SFMP51DD,SFMP51DD,543362,BSE_EQ
BSE,SFMP51DR,SFMP51DR,543360,BSE_EQ
BSE,SFMP51GD,SFMP51GD,543361,BSE_EQ
BSE,SFMP51GR,SFMP51GR,543359,BSE_EQ
BSE,SFMP52DD,SFMP52DD,543371,BSE_EQ
BSE,SFMP52DR,SFMP52DR,543369,BSE_EQ
BSE,SFMP52GD,SFMP52GD,543370,BSE_EQ
BSE,SFMP52GR,SFMP52GR,543368,BSE_EQ
BSE,SFMP53DD,SFMP53DD,543382,BSE_EQ
BSE,SFMP53DR,SFMP53DR,543380,BSE_EQ
BSE,SFMP53GD,SFMP53GD,543381,BSE_EQ
BSE,SFMP53GR,SFMP53GR,543379,BSE_EQ
BSE,SFMP54DD,SFMP54DD,543395,BSE_EQ
BSE,SFMP54DR,SFMP54DR,543393,BSE_EQ
BSE,SFMP54GD,SFMP54GD,543394,BSE_EQ
BSE,SFMP54GR,SFMP54GR,543392,BSE_EQ
BSE,SFMP55DD,SFMP55DD,543409,BSE_EQ
BSE,SFMP55DR,SFMP55DR,543407,BSE_EQ
BSE,SFMP55GD,SFMP55GD,543408,BSE_EQ
BSE,SFMP55GR,SFMP55GR,543406,BSE_EQ
BSE,SFMP57DD,SFMP57DD,543424,BSE_EQ
BSE,SFMP57DR,SFMP57DR,543422,BSE_EQ
BSE,SFMP57GD,SFMP57GD,543423,BSE_EQ
BSE,SFMP57GR,SFMP57GR,543421,BSE_EQ
BSE,SFMP58DD,SFMP58DD,543448,BSE_EQ
BSE,SFMP58DR,SFMP58DR,543446,BSE_EQ
BSE,SFMP58GD,SFMP58GD,543447,BSE_EQ
BSE,SFMP58GR,SFMP58GR,543445,BSE_EQ
BSE,SFMP60DD,SFMP60DD,543469,BSE_EQ
BSE,SFMP60DR,SFMP60DR,543467,BSE_EQ
BSE,SFMP60GD,SFMP60GD,543468,BSE_EQ
BSE,SFMP60GR,SFMP60GR,543466,BSE_EQ
BSE,SFMP67DD,SFMP67DD,543567,BSE_EQ
BSE,SFMP67DR,SFMP67DR,543565,BSE_EQ
BSE,SFMP67GD,SFMP67GD,543566,BSE_EQ
BSE,SFMP67GR,SFMP67GR,543564,BSE_EQ
BSE,SFPIL,SFPIL,526532,BSE_EQ
BSE,SFSL,SFSL,543519,BSE_EQ
BSE,SFTL,SFTL,501479,BSE_EQ
BSE,SGFIN,SGFIN,539199,BSE_EQ
BSE,SGFRL,SGFRL,543391,BSE_EQ
BSE,SGIL,SGIL,541929,BSE_EQ
BSE,SGL,SGL,532730,BSE_EQ
BSE,SGLRES,SGLRES,526544,BSE_EQ
BSE,SGMART,SGMART,512329,BSE_EQ
BSE,SGNTE,SGNTE,531812,BSE_EQ
BSE,SGRL,SGRL,540737,BSE_EQ
BSE,SHADOWFAX,SHADOWFAX,544685,BSE_EQ
BSE,SHAH,SHAH,533275,BSE_EQ
BSE,SHAHALLOYS,SHAHALLOYS,513436,BSE_EQ
BSE,SHAHCON,SHAHCON,509870,BSE_EQ
BSE,SHAHFOOD,SHAHFOOD,519031,BSE_EQ
BSE,SHAHISHIP,SHAHISHIP,526508,BSE_EQ
BSE,SHAHLON,SHAHLON,542862,BSE_EQ
BSE,SHAILY,SHAILY,501423,BSE_EQ
BSE,SHAKTIPR,SHAKTIPR,526841,BSE_EQ
BSE,SHAKTIPUMP,SHAKTIPUMP,531431,BSE_EQ
BSE,SHALBY,SHALBY,540797,BSE_EQ
BSE,SHALIWIR,SHALIWIR,532455,BSE_EQ
BSE,SHALPAINTS,SHALPAINTS,509874,BSE_EQ
BSE,SHALPRO,SHALPRO,512499,BSE_EQ
BSE,SHANGAR,SHANGAR,540259,BSE_EQ
BSE,SHANKARA,SHANKARA,540425,BSE_EQ
BSE,SHANMUGA,SHANMUGA,544365,BSE_EQ
BSE,SHANTIDENM,SHANTIDENM,544059,BSE_EQ
BSE,SHANTIGEAR,SHANTIGEAR,522034,BSE_EQ
BSE,SHANTIGOLD,SHANTIGOLD,544459,BSE_EQ
BSE,SHANTIGURU,SHANTIGURU,534708,BSE_EQ
BSE,SHAQUAK,SHAQUAK,531925,BSE_EQ
BSE,SHARDACROP,SHARDACROP,538666,BSE_EQ
BSE,SHARDAMOTR,SHARDAMOTR,535602,BSE_EQ
BSE,SHARDUL,SHARDUL,512393,BSE_EQ
BSE,SHAREINDIA,SHAREINDIA,540725,BSE_EQ
BSE,SHARIABEES,SHARIABEES,590109,BSE_EQ
BSE,SHARIKA,SHARIKA,540786,BSE_EQ
BSE,SHARMEH,SHARMEH,524548,BSE_EQ
BSE,SHARPINV,SHARPINV,538212,BSE_EQ
BSE,SHARPLINE,SHARPLINE,543341,BSE_EQ
BSE,SHARVAYA,SHARVAYA,544506,BSE_EQ
BSE,SHASHANK,SHASHANK,540221,BSE_EQ
BSE,SHASHIJIT,SHASHIJIT,540147,BSE_EQ
BSE,SHAWGELTIN,SHAWGELTIN,526739,BSE_EQ
BSE,SHAYONAENG,SHAYONAENG,544686,BSE_EQ
BSE,SHBAJRG,SHBAJRG,526981,BSE_EQ
BSE,SHEKHAWATI,SHEKHAWATI,533301,BSE_EQ
BSE,SHELTER,SHELTER,543963,BSE_EQ
BSE,SHEMAROO,SHEMAROO,538685,BSE_EQ
BSE,SHENTRA,SHENTRA,530757,BSE_EQ
BSE,SHERVANI,SHERVANI,526117,BSE_EQ
BSE,SHESHAINDS,SHESHAINDS,539111,BSE_EQ
BSE,SHETR,SHETR,526137,BSE_EQ
BSE,SHGANEL,SHGANEL,530797,BSE_EQ
BSE,SHHARICH,SHHARICH,524336,BSE_EQ
BSE,SHIKHAR,SHIKHAR,526883,BSE_EQ
BSE,SHIKHARLETR,SHIKHARLETR,507952,BSE_EQ
BSE,SHILCTECH,SHILCTECH,531201,BSE_EQ
BSE,SHILGRAVQ,SHILGRAVQ,513709,BSE_EQ
BSE,SHILINDORE,SHILINDORE,544080,BSE_EQ
BSE,SHILPAMED,SHILPAMED,530549,BSE_EQ
BSE,SHINDL,SHINDL,519397,BSE_EQ
BSE,SHINEFASH,SHINEFASH,543244,BSE_EQ
BSE,SHIPWAVES,SHIPWAVES,544646,BSE_EQ
BSE,SHISHIND,SHISHIND,540693,BSE_EQ
BSE,SHIVA,SHIVA,539593,BSE_EQ
BSE,SHIVAAGRO,SHIVAAGRO,530433,BSE_EQ
BSE,SHIVACEM,SHIVACEM,532323,BSE_EQ
BSE,SHIVAEXPO,SHIVAEXPO,540072,BSE_EQ
BSE,SHIVAGR,SHIVAGR,522237,BSE_EQ
BSE,SHIVALIK,SHIVALIK,539148,BSE_EQ
BSE,SHIVAM,SHIVAM,544165,BSE_EQ
BSE,SHIVAMAUTO,SHIVAMAUTO,532776,BSE_EQ
BSE,SHIVAMILLS,SHIVAMILLS,540961,BSE_EQ
BSE,SHIVATEX,SHIVATEX,511108,BSE_EQ
BSE,SHIVKAMAL,SHIVKAMAL,539683,BSE_EQ
BSE,SHIVTEXCHEM,SHIVTEXCHEM,544272,BSE_EQ
BSE,SHK,SHK,539450,BSE_EQ
BSE,SHKALYN,SHKALYN,532083,BSE_EQ
BSE,SHKARTP,SHKARTP,516106,BSE_EQ
BSE,SHLOKKA,SHLOKKA,544582,BSE_EQ
BSE,SHOORA,SHOORA,543970,BSE_EQ
BSE,SHOPERSTOP,SHOPERSTOP,532638,BSE_EQ
BSE,SHPLPUNE,SHPLPUNE,544090,BSE_EQ
BSE,SHRAAITECH,SHRAAITECH,543976,BSE_EQ
BSE,SHRADDHA,SHRADDHA,531771,BSE_EQ
BSE,SHRAJOI,SHRAJOI,530295,BSE_EQ
BSE,SHRAJSYNQ,SHRAJSYNQ,503837,BSE_EQ
BSE,SHRDAIS,SHRDAIS,513548,BSE_EQ
BSE,SHREDIGCEM,SHREDIGCEM,502180,BSE_EQ
BSE,SHREE,SHREE,544083,BSE_EQ
BSE,SHREECEM,SHREECEM,500387,BSE_EQ
BSE,SHREEGANES,SHREEGANES,539470,BSE_EQ
BSE,SHREEJISPG,SHREEJISPG,544490,BSE_EQ
BSE,SHREENATH,SHREENATH,544372,BSE_EQ
BSE,SHREEPAC,SHREEPAC,527005,BSE_EQ
BSE,SHREEPUSHK,SHREEPUSHK,539334,BSE_EQ
BSE,SHREERAMA,SHREERAMA,532310,BSE_EQ
BSE,SHREEREF,SHREEREF,544458,BSE_EQ
BSE,SHREESEC,SHREESEC,538975,BSE_EQ
BSE,SHREESHAY,SHREESHAY,541112,BSE_EQ
BSE,SHREMETAL,SHREMETAL,531962,BSE_EQ
BSE,SHRENTI,SHRENTI,503696,BSE_EQ
BSE,SHREYANIND,SHREYANIND,516016,BSE_EQ
BSE,SHREYASI,SHREYASI,526335,BSE_EQ
BSE,SHRICON,SHRICON,508961,BSE_EQ
BSE,SHRIDINE,SHRIDINE,503804,BSE_EQ
BSE,SHRIGANG,SHRIGANG,523309,BSE_EQ
BSE,SHRIKRISH,SHRIKRISH,531080,BSE_EQ
BSE,SHRINGARMS,SHRINGARMS,544512,BSE_EQ
BSE,SHRINIWAS,SHRINIWAS,538897,BSE_EQ
BSE,SHRIPISTON,SHRIPISTON,544344,BSE_EQ
BSE,SHRIRAMFIN,SHRIRAMFIN,511218,BSE_EQ
BSE,SHRIRAMPPS,SHRIRAMPPS,543419,BSE_EQ
BSE,SHRISTI,SHRISTI,511411,BSE_EQ
BSE,SHRJAGP,SHRJAGP,512453,BSE_EQ
BSE,SHRMFGC,SHRMFGC,503863,BSE_EQ
BSE,SHRYDUS,SHRYDUS,511493,BSE_EQ
BSE,SHTL,SHTL,544607,BSE_EQ
BSE,SHUBHAM,SHUBHAM,542019,BSE_EQ
BSE,SHUKJEW,SHUKJEW,523790,BSE_EQ
BSE,SHUKRAPHAR,SHUKRAPHAR,524632,BSE_EQ
BSE,SHVFL,SHVFL,532007,BSE_EQ
BSE,SHVSUIT,SHVSUIT,521003,BSE_EQ
BSE,SHYAM,SHYAM,512060,BSE_EQ
BSE,SHYAMACOMP,SHYAMACOMP,531219,BSE_EQ
BSE,SHYAMCENT,SHYAMCENT,539252,BSE_EQ
BSE,SHYAMMETL,SHYAMMETL,543299,BSE_EQ
BSE,SHYAMTEL,SHYAMTEL,517411,BSE_EQ
BSE,SHYMINV,SHYMINV,505515,BSE_EQ
BSE,SIBARAUT,SIBARAUT,520141,BSE_EQ
BSE,SICAGEN,SICAGEN,533014,BSE_EQ
BSE,SICALLOG,SICALLOG,520086,BSE_EQ
BSE,SICAPIT,SICAPIT,530907,BSE_EQ
BSE,SICL,SICL,531640,BSE_EQ
BSE,SIDDHA,SIDDHA,530439,BSE_EQ
BSE,SIDDHEGA,SIDDHEGA,526877,BSE_EQ
BSE,SIDH,SIDH,539983,BSE_EQ
BSE,SIEL,SIEL,519234,BSE_EQ
BSE,SIEMENS,SIEMENS,500550,BSE_EQ
BSE,SIGACHI,SIGACHI,543389,BSE_EQ
BSE,SIGIND,SIGIND,512131,BSE_EQ
BSE,SIGMA,SIGMA,543917,BSE_EQ
BSE,SIGMAADV,SIGMAADV,532408,BSE_EQ
BSE,SIGNATURE,SIGNATURE,543990,BSE_EQ
BSE,SIGNGCL,SIGNGCL,507663,BSE_EQ
BSE,SIGNPOST,SIGNPOST,544117,BSE_EQ
BSE,SIHORA,SIHORA,544585,BSE_EQ
BSE,SIIL,SIIL,540132,BSE_EQ
BSE,SIKA,SIKA,523606,BSE_EQ
BSE,SIL,SIL,530017,BSE_EQ
BSE,SILINV,SILINV,521194,BSE_EQ
BSE,SILL,SILL,544810,BSE_EQ
BSE,SILVER,SILVER,543471,BSE_EQ
BSE,SILVER360,SILVER360,544389,BSE_EQ
BSE,SILVERADD,SILVERADD,543572,BSE_EQ
BSE,SILVERAG,SILVERAG,543922,BSE_EQ
BSE,SILVERBEES,SILVERBEES,590145,BSE_EQ
BSE,SILVERBETA,SILVERBETA,543900,BSE_EQ
BSE,SILVERBND,SILVERBND,544639,BSE_EQ
BSE,SILVERCASE,SILVERCASE,544384,BSE_EQ
BSE,SILVERIETF,SILVERIETF,543452,BSE_EQ
BSE,SILVERO,SILVERO,512197,BSE_EQ
BSE,SILVERPRL,SILVERPRL,543536,BSE_EQ
BSE,SILVERTUC,SILVERTUC,543525,BSE_EQ
BSE,SILVOAK,SILVOAK,531635,BSE_EQ
BSE,SIMANDHAR,SIMANDHAR,544662,BSE_EQ
BSE,SIMBHALS,SIMBHALS,539742,BSE_EQ
BSE,SIMMOND,SIMMOND,507998,BSE_EQ
BSE,SIMPLEXCAS,SIMPLEXCAS,513472,BSE_EQ
BSE,SIMPLEXINF,SIMPLEXINF,523838,BSE_EQ
BSE,SIMPLXMIL,SIMPLXMIL,533018,BSE_EQ
BSE,SIMPLXPAP,SIMPLXPAP,533019,BSE_EQ
BSE,SIMPLXREA,SIMPLXREA,503229,BSE_EQ
BSE,SIMRAN,SIMRAN,519566,BSE_EQ
BSE,SINCLAIR,SINCLAIR,523023,BSE_EQ
BSE,SINDHUTRAD,SINDHUTRAD,532029,BSE_EQ
BSE,SINGERIND,SINGERIND,505729,BSE_EQ
BSE,SINNAR,SINNAR,509887,BSE_EQ
BSE,SIPL,SIPL,526839,BSE_EQ
BSE,SIRCA,SIRCA,543686,BSE_EQ
BSE,SIROHIA,SIROHIA,538667,BSE_EQ
BSE,SIS,SIS,540673,BSE_EQ
BSE,SISL,SISL,543598,BSE_EQ
BSE,SITAENT,SITAENT,512589,BSE_EQ
BSE,SITINET,SITINET,532795,BSE_EQ
BSE,SIYARAM,SIYARAM,544047,BSE_EQ
BSE,SIYSIL,SIYSIL,503811,BSE_EQ
BSE,SIZEMASTER,SIZEMASTER,513496,BSE_EQ
BSE,SJCORP,SJCORP,504398,BSE_EQ
BSE,SJS,SJS,543387,BSE_EQ
BSE,SJVN,SJVN,533206,BSE_EQ
BSE,SKCIL,SKCIL,530977,BSE_EQ
BSE,SKFINDIA,SKFINDIA,500472,BSE_EQ
BSE,SKFINDUS,SKFINDUS,544572,BSE_EQ
BSE,SKIEL,SKIEL,542728,BSE_EQ
BSE,SKIFL,SKIFL,542146,BSE_EQ
BSE,SKIPPER,SKIPPER,538562,BSE_EQ
BSE,SKL,SKL,540269,BSE_EQ
BSE,SKM,SKM,544584,BSE_EQ
BSE,SKMEGGPROD,SKMEGGPROD,532143,BSE_EQ
BSE,SKPMIL,SKPMIL,500388,BSE_EQ
BSE,SKPSEC,SKPSEC,531169,BSE_EQ
BSE,SKRABUL,SKRABUL,531506,BSE_EQ
BSE,SKYBIOTECH,SKYBIOTECH,512036,BSE_EQ
BSE,SKYGOLD,SKYGOLD,541967,BSE_EQ
BSE,SKYIND,SKYIND,526479,BSE_EQ
BSE,SKYLMILAR,SKYLMILAR,505650,BSE_EQ
BSE,SLSTLQ,SLSTLQ,521161,BSE_EQ
BSE,SMALL250,SMALL250,544605,BSE_EQ
BSE,SMALLADD,SMALLADD,544654,BSE_EQ
BSE,SMALLCAP,SMALLCAP,544130,BSE_EQ
BSE,SMALLIETF,SMALLIETF,544795,BSE_EQ
BSE,SMARITIME,SMARITIME,544056,BSE_EQ
BSE,SMARTFIN,SMARTFIN,539494,BSE_EQ
BSE,SMARTLINK,SMARTLINK,532419,BSE_EQ
BSE,SMARTWORKS,SMARTWORKS,544447,BSE_EQ
BSE,SMAUTO,SMAUTO,543065,BSE_EQ
BSE,SMCGLOBAL,SMCGLOBAL,543263,BSE_EQ
BSE,SMCREDT,SMCREDT,532138,BSE_EQ
BSE,SMEL,SMEL,541799,BSE_EQ
BSE,SMFIL,SMFIL,513418,BSE_EQ
BSE,SMGOLD,SMGOLD,542034,BSE_EQ
BSE,SML,SML,539378,BSE_EQ
BSE,SML100CASE,SML100CASE,544507,BSE_EQ
BSE,SMLMAH,SMLMAH,505192,BSE_EQ
BSE,SMLT,SMLT,540393,BSE_EQ
BSE,SMR,SMR,544774,BSE_EQ
BSE,SMRUTHIORG,SMRUTHIORG,540686,BSE_EQ
BSE,SMSPHARMA,SMSPHARMA,532815,BSE_EQ
BSE,SMTEL,SMTEL,538563,BSE_EQ
BSE,SNIM,SNIM,539911,BSE_EQ
BSE,SNL,SNL,505827,BSE_EQ
BSE,SNOWMAN,SNOWMAN,538635,BSE_EQ
BSE,SNXT30BEES,SNXT30BEES,544415,BSE_EQ
BSE,SNXT50BEES,SNXT50BEES,542747,BSE_EQ
BSE,SNXT50BETA,SNXT50BETA,542513,BSE_EQ
BSE,SOBHA,SOBHA,532784,BSE_EQ
BSE,SOBME,SOBME,512014,BSE_EQ
BSE,SODHACAP,SODHACAP,544560,BSE_EQ
BSE,SOFCOM,SOFCOM,538923,BSE_EQ
BSE,SOFTRAKV,SOFTRAKV,531529,BSE_EQ
BSE,SOFTTECH,SOFTTECH,543470,BSE_EQ
BSE,SOLARA,SOLARA,541540,BSE_EQ
BSE,SOLARINDS,SOLARINDS,532725,BSE_EQ
BSE,SOLARIUM,SOLARIUM,544354,BSE_EQ
BSE,SOLARWORLD,SOLARWORLD,544532,BSE_EQ
BSE,SOLIDSTON,SOLIDSTON,513699,BSE_EQ
BSE,SOLIMAC,SOLIMAC,522152,BSE_EQ
BSE,SOLVEX,SOLVEX,544539,BSE_EQ
BSE,SOMANYCERA,SOMANYCERA,531548,BSE_EQ
BSE,SOMATEX,SOMATEX,521034,BSE_EQ
BSE,SOMICONVEY,SOMICONVEY,533001,BSE_EQ
BSE,SONACOMS,SONACOMS,543300,BSE_EQ
BSE,SONAL,SONAL,538943,BSE_EQ
BSE,SONALAD,SONALAD,526901,BSE_EQ
BSE,SONALIS,SONALIS,543924,BSE_EQ
BSE,SONATSOFTW,SONATSOFTW,532221,BSE_EQ
BSE,SOTL,SOTL,524667,BSE_EQ
BSE,SOURCEIND,SOURCEIND,521036,BSE_EQ
BSE,SOURCENTRL,SOURCENTRL,531398,BSE_EQ
BSE,SOUTHBANK,SOUTHBANK,532218,BSE_EQ
BSE,SOUTHERNIN,SOUTHERNIN,540174,BSE_EQ
BSE,SOUTHMG,SOUTHMG,513498,BSE_EQ
BSE,SOUTHWEST,SOUTHWEST,543986,BSE_EQ
BSE,SOUTLAT,SOUTLAT,514454,BSE_EQ
BSE,SOVERDIA,SOVERDIA,523826,BSE_EQ
BSE,SPACAPS,SPACAPS,542376,BSE_EQ
BSE,SPACEINCUBA,SPACEINCUBA,541890,BSE_EQ
BSE,SPAL,SPAL,540048,BSE_EQ
BSE,SPANDANA,SPANDANA,542759,BSE_EQ
BSE,SPAR,SPAR,531370,BSE_EQ
BSE,SPARC,SPARC,532872,BSE_EQ
BSE,SPARKLEGR,SPARKLEGR,530037,BSE_EQ
BSE,SPCAPIT,SPCAPIT,530289,BSE_EQ
BSE,SPECFOOD,SPECFOOD,531982,BSE_EQ
BSE,SPECIALITY,SPECIALITY,534425,BSE_EQ
BSE,SPECTRA,SPECTRA,513687,BSE_EQ
BSE,SPECTRUM,SPECTRUM,544386,BSE_EQ
BSE,SPELS,SPELS,517166,BSE_EQ
BSE,SPENCERS,SPENCERS,542337,BSE_EQ
BSE,SPENTA,SPENTA,526161,BSE_EQ
BSE,SPIC,SPIC,590030,BSE_EQ
BSE,SPICEISLIN,SPICEISLIN,526827,BSE_EQ
BSE,SPICEJET,SPICEJET,500285,BSE_EQ
BSE,SPICELOUNG,SPICELOUNG,539895,BSE_EQ
BSE,SPINAROO,SPINAROO,544392,BSE_EQ
BSE,SPITZE,SPITZE,543464,BSE_EQ
BSE,SPL,SPL,544035,BSE_EQ
BSE,SPLIL,SPLIL,532651,BSE_EQ
BSE,SPLPETRO,SPLPETRO,500405,BSE_EQ
BSE,SPML,SPML,544738,BSE_EQ
BSE,SPMLINFRA,SPMLINFRA,500402,BSE_EQ
BSE,SPORTKING,SPORTKING,539221,BSE_EQ
BSE,SPRAYKING,SPRAYKING,540079,BSE_EQ
BSE,SPRIGHT,SPRIGHT,531205,BSE_EQ
BSE,SPSL,SPSL,533110,BSE_EQ
BSE,SPTRSHI,SPTRSHI,519238,BSE_EQ
BSE,SPVGLOBAL,SPVGLOBAL,512221,BSE_EQ
BSE,SRAMSET,SRAMSET,531359,BSE_EQ
BSE,SRD,SRD,542232,BSE_EQ
BSE,SRECR,SRECR,514248,BSE_EQ
BSE,SREEL,SREEL,535601,BSE_EQ
BSE,SRESTHA,SRESTHA,539217,BSE_EQ
BSE,SRF,SRF,503806,BSE_EQ
BSE,SRGFFL,SRGFFL,536710,BSE_EQ
BSE,SRGHFL,SRGHFL,534680,BSE_EQ
BSE,SRHHYPOLTD,SRHHYPOLTD,532842,BSE_EQ
BSE,SRICC,SRICC,518053,BSE_EQ
BSE,SRIGEE,SRIGEE,544399,BSE_EQ
BSE,SRIKPRIND,SRIKPRIND,514442,BSE_EQ
BSE,SRINACHA,SRINACHA,521234,BSE_EQ
BSE,SRM,SRM,544158,BSE_EQ
BSE,SRMCL,SRMCL,521178,BSE_EQ
BSE,SRMENERGY,SRMENERGY,523222,BSE_EQ
BSE,SRSOLTD,SRSOLTD,543615,BSE_EQ
BSE,SRTL,SRTL,544716,BSE_EQ
BSE,SRUSTEELS,SRUSTEELS,540914,BSE_EQ
BSE,SSDL,SSDL,544230,BSE_EQ
BSE,SSL,SSL,544251,BSE_EQ
BSE,SSMD,SSMD,544621,BSE_EQ
BSE,SSPDL,SSPDL,530821,BSE_EQ
BSE,SSPNFIN,SSPNFIN,539026,BSE_EQ
BSE,SSTL,SSTL,543461,BSE_EQ
BSE,SSWL,SSWL,513262,BSE_EQ
BSE,SSWRL,SSWRL,513488,BSE_EQ
BSE,STAL,STAL,544171,BSE_EQ
BSE,STALLION,STALLION,544342,BSE_EQ
BSE,STANBIK,STANBIK,544659,BSE_EQ
BSE,STANCAP,STANCAP,511700,BSE_EQ
BSE,STANLEY,STANLEY,544202,BSE_EQ
BSE,STANPACK,STANPACK,530931,BSE_EQ
BSE,STANROS,STANROS,506105,BSE_EQ
BSE,STAR,STAR,532531,BSE_EQ
BSE,STARCEMENT,STARCEMENT,540575,BSE_EQ
BSE,STARDELTA,STARDELTA,539255,BSE_EQ
BSE,STARHEALTH,STARHEALTH,543412,BSE_EQ
BSE,STARHFL,STARHFL,539017,BSE_EQ
BSE,STARIMAGIN,STARIMAGIN,544482,BSE_EQ
BSE,STARLENT,STARLENT,540492,BSE_EQ
BSE,STARLOG,STARLOG,520155,BSE_EQ
BSE,STARPAPER,STARPAPER,516022,BSE_EQ
BSE,STARSOURCE,STARSOURCE,506365,BSE_EQ
BSE,STARTECK,STARTECK,512381,BSE_EQ
BSE,STCINDIA,STCINDIA,512531,BSE_EQ
BSE,STCORP,STCORP,514197,BSE_EQ
BSE,STDBAT,STDBAT,504180,BSE_EQ
BSE,STDSFAC,STDSFAC,526231,BSE_EQ
BSE,STEELCAS,STEELCAS,513517,BSE_EQ
BSE,STEELXIND,STEELXIND,534748,BSE_EQ
BSE,STEL,STEL,533316,BSE_EQ
BSE,STELLANT,STELLANT,526071,BSE_EQ
BSE,STELLAR,STELLAR,536738,BSE_EQ
BSE,STEP2COR,STEP2COR,531509,BSE_EQ
BSE,STERPOW,STERPOW,513575,BSE_EQ
BSE,STERTOOLS,STERTOOLS,530759,BSE_EQ
BSE,STHINPA,STHINPA,516108,BSE_EQ
BSE,STL,STL,540738,BSE_EQ
BSE,STLNETWORK,STLNETWORK,544395,BSE_EQ
BSE,STLSTRINF,STLSTRINF,513173,BSE_EQ
BSE,STLTECH,STLTECH,532374,BSE_EQ
BSE,STML,STML,543622,BSE_EQ
BSE,STOVACQ,STOVACQ,504959,BSE_EQ
BSE,STOVEKRAFT,STOVEKRAFT,543260,BSE_EQ
BSE,STRAEXPO,STRAEXPO,541633,BSE_EQ
BSE,STRATMONT,STRATMONT,530495,BSE_EQ
BSE,STRGRENWO,STRGRENWO,526500,BSE_EQ
BSE,STUDDS,STUDDS,544599,BSE_EQ
BSE,STYL,STYL,544533,BSE_EQ
BSE,STYLAMIND,STYLAMIND,526951,BSE_EQ
BSE,STYLEBAAZA,STYLEBAAZA,544243,BSE_EQ
BSE,STYRENIX,STYRENIX,506222,BSE_EQ
BSE,SUBAM,SUBAM,544267,BSE_EQ
BSE,SUBEXLTD,SUBEXLTD,532348,BSE_EQ
BSE,SUBROS,SUBROS,517168,BSE_EQ
BSE,SUBSM,SUBSM,530231,BSE_EQ
BSE,SUCROSA,SUCROSA,530883,BSE_EQ
BSE,SUDAI,SUDAI,506003,BSE_EQ
BSE,SUDARCOLOR,SUDARCOLOR,506390,BSE_EQ
BSE,SUDARSCHEM,SUDARSCHEM,506655,BSE_EQ
BSE,SUDARSHAN,SUDARSHAN,543828,BSE_EQ
BSE,SUDEEPPHRM,SUDEEPPHRM,544619,BSE_EQ
BSE,SUDTIND-B,SUDTIND-B,521113,BSE_EQ
BSE,SUERYAAKNI,SUERYAAKNI,540318,BSE_EQ
BSE,SUGALDAM,SUGALDAM,511654,BSE_EQ
BSE,SUGSLLOYD,SUGSLLOYD,544501,BSE_EQ
BSE,SUJALA,SUJALA,539117,BSE_EQ
BSE,SUKHJITS,SUKHJITS,524542,BSE_EQ
BSE,SULA,SULA,543711,BSE_EQ
BSE,SULABEN,SULABEN,508969,BSE_EQ
BSE,SUMEDHA,SUMEDHA,530419,BSE_EQ
BSE,SUMEETINDS,SUMEETINDS,514211,BSE_EQ
BSE,SUMERUIND,SUMERUIND,530445,BSE_EQ
BSE,SUMICHEM,SUMICHEM,542920,BSE_EQ
BSE,SUMMITSEC,SUMMITSEC,533306,BSE_EQ
BSE,SUNCITYSY,SUNCITYSY,530795,BSE_EQ
BSE,SUNCLAY,SUNCLAY,544066,BSE_EQ
BSE,SUNDARAM,SUNDARAM,533166,BSE_EQ
BSE,SUNDARMFIN,SUNDARMFIN,590071,BSE_EQ
BSE,SUNDRMBRAK,SUNDRMBRAK,590072,BSE_EQ
BSE,SUNDRMFAST,SUNDRMFAST,500403,BSE_EQ
BSE,SUNDROP,SUNDROP,500215,BSE_EQ
BSE,SUNFLAG,SUNFLAG,500404,BSE_EQ
BSE,SUNGOLD,SUNGOLD,531433,BSE_EQ
BSE,SUNILAGR,SUNILAGR,530953,BSE_EQ
BSE,SUNILTX,SUNILTX,521232,BSE_EQ
BSE,SUNITATOOL,SUNITATOOL,544001,BSE_EQ
BSE,SUNLOC,SUNLOC,537253,BSE_EQ
BSE,SUNPHARMA,SUNPHARMA,524715,BSE_EQ
BSE,SUNRAJDI,SUNRAJDI,523425,BSE_EQ
BSE,SUNRAKSHAK,SUNRAKSHAK,539300,BSE_EQ
BSE,SUNRETAIL,SUNRETAIL,542025,BSE_EQ
BSE,SUNRINV,SUNRINV,501110,BSE_EQ
BSE,SUNSHIEL,SUNSHIEL,530845,BSE_EQ
BSE,SUNSKY,SUNSKY,544566,BSE_EQ
BSE,SUNTECK,SUNTECK,512179,BSE_EQ
BSE,SUNTV,SUNTV,532733,BSE_EQ
BSE,SUPER,SUPER,512527,BSE_EQ
BSE,SUPERBAK,SUPERBAK,530735,BSE_EQ
BSE,SUPERHOUSE,SUPERHOUSE,523283,BSE_EQ
BSE,SUPERIOR,SUPERIOR,539835,BSE_EQ
BSE,SUPERIRON,SUPERIRON,544381,BSE_EQ
BSE,SUPERSHAKT,SUPERSHAKT,541701,BSE_EQ
BSE,SUPERSPIN,SUPERSPIN,521180,BSE_EQ
BSE,SUPERTEX,SUPERTEX,526133,BSE_EQ
BSE,SUPHA,SUPHA,539561,BSE_EQ
BSE,SUPRAJIT,SUPRAJIT,532509,BSE_EQ
BSE,SUPRAPFSL,SUPRAPFSL,540168,BSE_EQ
BSE,SUPRATRE,SUPRATRE,511539,BSE_EQ
BSE,SUPREME,SUPREME,530677,BSE_EQ
BSE,SUPREMEIND,SUPREMEIND,509930,BSE_EQ
BSE,SUPREMEINF,SUPREMEINF,532904,BSE_EQ
BSE,SUPRIYA,SUPRIYA,543434,BSE_EQ
BSE,SUPTANERY,SUPTANERY,523842,BSE_EQ
BSE,SURAJ,SURAJ,518075,BSE_EQ
BSE,SURAJEST,SURAJEST,544054,BSE_EQ
BSE,SURAJLTD,SURAJLTD,531638,BSE_EQ
BSE,SURAKSHA,SURAKSHA,544293,BSE_EQ
BSE,SURANASOL,SURANASOL,533298,BSE_EQ
BSE,SURANAT&P,SURANAT&P,517530,BSE_EQ
BSE,SURATRAML,SURATRAML,530185,BSE_EQ
BSE,SURBHIN,SURBHIN,514260,BSE_EQ
BSE,SURFI,SURFI,519604,BSE_EQ
BSE,SURJIND,SURJIND,526211,BSE_EQ
BSE,SURYAAMBA,SURYAAMBA,533101,BSE_EQ
BSE,SURYAINDIA,SURYAINDIA,539253,BSE_EQ
BSE,SURYALA,SURYALA,514138,BSE_EQ
BSE,SURYALAXMI,SURYALAXMI,521200,BSE_EQ
BSE,SURYAROSNI,SURYAROSNI,500336,BSE_EQ
BSE,SURYODAY,SURYODAY,543279,BSE_EQ
BSE,SUSAN,SUSAN,544793,BSE_EQ
BSE,SUTLEJTEX,SUTLEJTEX,532782,BSE_EQ
BSE,SUVEN,SUVEN,530239,BSE_EQ
BSE,SUVIDHAA,SUVIDHAA,543281,BSE_EQ
BSE,SUYOG,SUYOG,537259,BSE_EQ
BSE,SUZLON,SUZLON,532667,BSE_EQ
BSE,SVAINDIA,SVAINDIA,531885,BSE_EQ
BSE,SVAMSOF,SVAMSOF,523722,BSE_EQ
BSE,SVARTCORP,SVARTCORP,512257,BSE_EQ
BSE,SVCIND,SVCIND,524488,BSE_EQ
BSE,SVGLOBAL,SVGLOBAL,535621,BSE_EQ
BSE,SVJ,SVJ,543799,BSE_EQ
BSE,SVPGLOB,SVPGLOB,505590,BSE_EQ
BSE,SVRL,SVRL,543373,BSE_EQ
BSE,SVS,SVS,543745,BSE_EQ
BSE,SW1,SW1,503659,BSE_EQ
BSE,SWADEIN,SWADEIN,506863,BSE_EQ
BSE,SWADHATURE,SWADHATURE,531039,BSE_EQ
BSE,SWADPOL,SWADPOL,503816,BSE_EQ
BSE,SWAGTAM,SWAGTAM,539406,BSE_EQ
BSE,SWANAGRO,SWANAGRO,544082,BSE_EQ
BSE,SWANCORP,SWANCORP,503310,BSE_EQ
BSE,SWANDEF,SWANDEF,533107,BSE_EQ
BSE,SWARAJENG,SWARAJENG,500407,BSE_EQ
BSE,SWARNSAR,SWARNSAR,526365,BSE_EQ
BSE,SWASTH,SWASTH,544368,BSE_EQ
BSE,SWASTIKA,SWASTIKA,530585,BSE_EQ
BSE,SWASTIKAAL,SWASTIKAAL,544452,BSE_EQ
BSE,SWASTIVI,SWASTIVI,510245,BSE_EQ
BSE,SWATIPRO,SWATIPRO,543914,BSE_EQ
BSE,SWELECTES,SWELECTES,532051,BSE_EQ
BSE,SWIGGY,SWIGGY,544285,BSE_EQ
BSE,SWISSMLTRY,SWISSMLTRY,523558,BSE_EQ
BSE,SWITCHTE,SWITCHTE,517201,BSE_EQ
BSE,SWOJAS,SWOJAS,530217,BSE_EQ
BSE,SWRNASE,SWRNASE,531003,BSE_EQ
BSE,SWSOLAR,SWSOLAR,542760,BSE_EQ
BSE,SYLPH,SYLPH,511447,BSE_EQ
BSE,SYMBIOX,SYMBIOX,539278,BSE_EQ
BSE,SYMPHONY,SYMPHONY,517385,BSE_EQ
BSE,SYNCOMF,SYNCOMF,524470,BSE_EQ
BSE,SYNGENE,SYNGENE,539268,BSE_EQ
BSE,SYRMA,SYRMA,543573,BSE_EQ
BSE,SYSCHEM,SYSCHEM,531173,BSE_EQ
BSE,SYSTEMATIC,SYSTEMATIC,544541,BSE_EQ
BSE,SYSTMTXC,SYSTMTXC,526506,BSE_EQ
BSE,SYTIXSE,SYTIXSE,531432,BSE_EQ
BSE,TAALTECH,TAALTECH,539956,BSE_EQ
BSE,TAHMARENT,TAHMARENT,516032,BSE_EQ
BSE,TAIIND,TAIIND,519483,BSE_EQ
BSE,TAINWALCHM,TAINWALCHM,507785,BSE_EQ
BSE,TAJGVK,TAJGVK,532390,BSE_EQ
BSE,TAKE,TAKE,532890,BSE_EQ
BSE,TAKYON,TAKYON,544471,BSE_EQ
BSE,TALBROAUTO,TALBROAUTO,505160,BSE_EQ
BSE,TALBROSENG,TALBROSENG,538987,BSE_EQ
BSE,TAMBOLIIN,TAMBOLIIN,533170,BSE_EQ
BSE,TANAA,TANAA,522229,BSE_EQ
BSE,TANDHANIN,TANDHANIN,512062,BSE_EQ
BSE,TANFACIND,TANFACIND,506854,BSE_EQ
BSE,TANLA,TANLA,532790,BSE_EQ
BSE,TANVI,TANVI,540332,BSE_EQ
BSE,TAPARIA,TAPARIA,505685,BSE_EQ
BSE,TARAI,TARAI,519285,BSE_EQ
BSE,TARAPUR,TARAPUR,533203,BSE_EQ
BSE,TARC,TARC,543249,BSE_EQ
BSE,TARIL,TARIL,532928,BSE_EQ
BSE,TARINI,TARINI,538496,BSE_EQ
BSE,TARMAT,TARMAT,532869,BSE_EQ
BSE,TARSONS,TARSONS,543399,BSE_EQ
BSE,TASHIND,TASHIND,512271,BSE_EQ
BSE,TASTYBITE,TASTYBITE,519091,BSE_EQ
BSE,TATACAP,TATACAP,544574,BSE_EQ
BSE,TATACHEM,TATACHEM,500770,BSE_EQ
BSE,TATACOMM,TATACOMM,500483,BSE_EQ
BSE,TATACONSUM,TATACONSUM,500800,BSE_EQ
BSE,TATAELXSI,TATAELXSI,500408,BSE_EQ
BSE,TATAGOLD,TATAGOLD,590140,BSE_EQ
BSE,TATAINVEST,TATAINVEST,501301,BSE_EQ
BSE,TATAPOWER,TATAPOWER,500400,BSE_EQ
BSE,TATASTEEL,TATASTEEL,500470,BSE_EQ
BSE,TATATECH,TATATECH,544028,BSE_EQ
BSE,TATIAGLOB,TATIAGLOB,521228,BSE_EQ
BSE,TATSILV,TATSILV,590161,BSE_EQ
BSE,TATVA,TATVA,543321,BSE_EQ
BSE,TBOTEK,TBOTEK,544174,BSE_EQ
BSE,TBZ,TBZ,534369,BSE_EQ
BSE,TCC,TCC,512038,BSE_EQ
BSE,TCFCFINQ,TCFCFINQ,532284,BSE_EQ
BSE,TCI,TCI,532349,BSE_EQ
BSE,TCIEXP,TCIEXP,540212,BSE_EQ
BSE,TCIFINANCE,TCIFINANCE,501242,BSE_EQ
BSE,TCIIND,TCIIND,532262,BSE_EQ
BSE,TCMLMTD,TCMLMTD,524156,BSE_EQ
BSE,TCPLPACK,TCPLPACK,523301,BSE_EQ
BSE,TCS,TCS,532540,BSE_EQ
BSE,TDPOWERSYS,TDPOWERSYS,533553,BSE_EQ
BSE,TDSL,TDSL,540955,BSE_EQ
BSE,TEAM24,TEAM24,500458,BSE_EQ
BSE,TEAMGTY,TEAMGTY,511559,BSE_EQ
BSE,TEAMLEASE,TEAMLEASE,539658,BSE_EQ
BSE,TECH,TECH,543472,BSE_EQ
BSE,TECHCON,TECHCON,509917,BSE_EQ
BSE,TECHKGREEN,TECHKGREEN,543991,BSE_EQ
BSE,TECHM,TECHM,532755,BSE_EQ
BSE,TECHNICHEM,TECHNICHEM,544327,BSE_EQ
BSE,TECHNOE,TECHNOE,542141,BSE_EQ
BSE,TECHNOPACK,TECHNOPACK,543656,BSE_EQ
BSE,TECHNVISN,TECHNVISN,501421,BSE_EQ
BSE,TECILCHEM,TECILCHEM,506680,BSE_EQ
BSE,TEEAI,TEEAI,524204,BSE_EQ
BSE,TEGA,TEGA,543413,BSE_EQ
BSE,TEJASNET,TEJASNET,540595,BSE_EQ
BSE,TEJASSVI,TEJASSVI,531628,BSE_EQ
BSE,TEJNAKSH,TEJNAKSH,539428,BSE_EQ
BSE,TELECANOR,TELECANOR,530595,BSE_EQ
BSE,TELGE,TELGE,544544,BSE_EQ
BSE,TELOGICA,TELOGICA,532975,BSE_EQ
BSE,TENNIND,TENNIND,544612,BSE_EQ
BSE,TERAI,TERAI,530533,BSE_EQ
BSE,TERASOFT,TERASOFT,533982,BSE_EQ
BSE,TERRAFORM,TERRAFORM,506162,BSE_EQ
BSE,TERRAREAL,TERRAREAL,512157,BSE_EQ
BSE,TEXELIN,TEXELIN,526638,BSE_EQ
BSE,TEXINFRA,TEXINFRA,505400,BSE_EQ
BSE,TEXMOPIPES,TEXMOPIPES,533164,BSE_EQ
BSE,TEXRAIL,TEXRAIL,533326,BSE_EQ
BSE,TFCILTD,TFCILTD,526650,BSE_EQ
BSE,TFL,TFL,532812,BSE_EQ
BSE,TFLL,TFLL,539488,BSE_EQ
BSE,TFSL,TFSL,539468,BSE_EQ
BSE,TGBHOTELS,TGBHOTELS,532845,BSE_EQ
BSE,TGIF,TGIF,544175,BSE_EQ
BSE,TGVSL,TGVSL,507753,BSE_EQ
BSE,THACKER,THACKER,509945,BSE_EQ
BSE,THAKDEV,THAKDEV,526654,BSE_EQ
BSE,THAKKERS,THAKKERS,507530,BSE_EQ
BSE,THAKRAL,THAKRAL,509015,BSE_EQ
BSE,THANGAMAYL,THANGAMAYL,533158,BSE_EQ
BSE,THEINVEST,THEINVEST,530023,BSE_EQ
BSE,THELEELA,THELEELA,544408,BSE_EQ
BSE,THEMISMED,THEMISMED,530199,BSE_EQ
BSE,THERMAX,THERMAX,500411,BSE_EQ
BSE,THINKINK,THINKINK,539310,BSE_EQ
BSE,THOMASCOOK,THOMASCOOK,500413,BSE_EQ
BSE,THOMASCOTT,THOMASCOTT,533941,BSE_EQ
BSE,THREEMPAPE,THREEMPAPE,544214,BSE_EQ
BSE,THRIVE,THRIVE,523120,BSE_EQ
BSE,THYROCARE,THYROCARE,539871,BSE_EQ
BSE,TI,TI,507205,BSE_EQ
BSE,TICL,TICL,532738,BSE_EQ
BSE,TIERRA,TIERRA,543531,BSE_EQ
BSE,TIGERLOGS,TIGERLOGS,536264,BSE_EQ
BSE,TIGLOB,TIGLOB,522294,BSE_EQ
BSE,TIHIL,TIHIL,523752,BSE_EQ
BSE,TIIL,TIIL,532804,BSE_EQ
BSE,TIINDIA,TIINDIA,540762,BSE_EQ
BSE,TIJARIA,TIJARIA,533629,BSE_EQ
BSE,TIL,TIL,505196,BSE_EQ
BSE,TILAK,TILAK,503663,BSE_EQ
BSE,TIMESGREEN,TIMESGREEN,543310,BSE_EQ
BSE,TIMETECHNO,TIMETECHNO,532856,BSE_EQ
BSE,TIMEX,TIMEX,500414,BSE_EQ
BSE,TIMKEN,TIMKEN,522113,BSE_EQ
BSE,TINNARUBR,TINNARUBR,530475,BSE_EQ
BSE,TIPCO,TIPCO,544740,BSE_EQ
BSE,TIPSFILMS,TIPSFILMS,543614,BSE_EQ
BSE,TIPSMUSIC,TIPSMUSIC,532375,BSE_EQ
BSE,TIRSARJ,TIRSARJ,531814,BSE_EQ
BSE,TIRTPLS,TIRTPLS,526675,BSE_EQ
BSE,TIRUFOAM,TIRUFOAM,540904,BSE_EQ
BSE,TIRUMALCHM,TIRUMALCHM,500412,BSE_EQ
BSE,TIRUPATIIN,TIRUPATIIN,539040,BSE_EQ
BSE,TIRUSTA,TIRUSTA,524582,BSE_EQ
BSE,TITAANIUM,TITAANIUM,539985,BSE_EQ
BSE,TITAGARH,TITAGARH,532966,BSE_EQ
BSE,TITAN,TITAN,500114,BSE_EQ
BSE,TITANBIO,TITANBIO,524717,BSE_EQ
BSE,TITANIN,TITANIN,521005,BSE_EQ
BSE,TITANSEC,TITANSEC,530045,BSE_EQ
BSE,TLL,TLL,543616,BSE_EQ
BSE,TMB,TMB,543596,BSE_EQ
BSE,TMCV,TMCV,544569,BSE_EQ
BSE,TMPV,TMPV,500570,BSE_EQ
BSE,TNPETRO,TNPETRO,500777,BSE_EQ
BSE,TNPL,TNPL,531426,BSE_EQ
BSE,TNSTLTU,TNSTLTU,513540,BSE_EQ
BSE,TNTELE,TNTELE,523419,BSE_EQ
BSE,TOKYOFIN,TOKYOFIN,531644,BSE_EQ
BSE,TOKYOPLAST,TOKYOPLAST,500418,BSE_EQ
BSE,TOLINS,TOLINS,544254,BSE_EQ
BSE,TOP100CASE,TOP100CASE,544194,BSE_EQ
BSE,TOP10ADD,TOP10ADD,544247,BSE_EQ
BSE,TOP15IETF,TOP15IETF,544427,BSE_EQ
BSE,TOP20,TOP20,544660,BSE_EQ
BSE,TORNTPHARM,TORNTPHARM,500420,BSE_EQ
BSE,TORNTPOWER,TORNTPOWER,532779,BSE_EQ
BSE,TOTEM,TOTEM,544186,BSE_EQ
BSE,TOYAMSL,TOYAMSL,538607,BSE_EQ
BSE,TPHQ,TPHQ,533048,BSE_EQ
BSE,TPINDIA,TPINDIA,500421,BSE_EQ
BSE,TPLPLASTEH,TPLPLASTEH,526582,BSE_EQ
BSE,TPROJECT,TPROJECT,538464,BSE_EQ
BSE,TRABI,TRABI,526139,BSE_EQ
BSE,TRACXN,TRACXN,543638,BSE_EQ
BSE,TRADEUNO,TRADEUNO,544594,BSE_EQ
BSE,TRADEWELL,TRADEWELL,531203,BSE_EQ
BSE,TRADWIN,TRADWIN,509953,BSE_EQ
BSE,TRANOCE,TRANOCE,509003,BSE_EQ
BSE,TRANSCHEM,TRANSCHEM,500422,BSE_EQ
BSE,TRANSCOR,TRANSCOR,532410,BSE_EQ
BSE,TRANSFD,TRANSFD,519367,BSE_EQ
BSE,TRANSFRE,TRANSFRE,513063,BSE_EQ
BSE,TRANSPACT,TRANSPACT,542765,BSE_EQ
BSE,TRANSPEK,TRANSPEK,506687,BSE_EQ
BSE,TRANSRAILL,TRANSRAILL,544317,BSE_EQ
BSE,TRANSVOY,TRANSVOY,543754,BSE_EQ
BSE,TRANSWORLD,TRANSWORLD,520151,BSE_EQ
BSE,TRANWAY21,TRANWAY21,542923,BSE_EQ
BSE,TRAVELFOOD,TRAVELFOOD,544443,BSE_EQ
BSE,TRAVELS,TRAVELS,544242,BSE_EQ
BSE,TREEHOUSE,TREEHOUSE,533540,BSE_EQ
BSE,TREJHARA,TREJHARA,542233,BSE_EQ
BSE,TREL,TREL,543955,BSE_EQ
BSE,TRENT,TRENT,500251,BSE_EQ
BSE,TRESCON,TRESCON,532159,BSE_EQ
BSE,TRF,TRF,505854,BSE_EQ
BSE,TRICOMFRU,TRICOMFRU,531716,BSE_EQ
BSE,TRIDENT,TRIDENT,521064,BSE_EQ
BSE,TRIGYN,TRIGYN,517562,BSE_EQ
BSE,TRILIANCE,TRILIANCE,509046,BSE_EQ
BSE,TRINITYLEA,TRINITYLEA,531846,BSE_EQ
BSE,TRIOMERC,TRIOMERC,534755,BSE_EQ
BSE,TRIPR,TRIPR,512101,BSE_EQ
BSE,TRISHAKT,TRISHAKT,531279,BSE_EQ
BSE,TRITONV,TRITONV,505978,BSE_EQ
BSE,TRITURBINE,TRITURBINE,533655,BSE_EQ
BSE,TRIUMPIN,TRIUMPIN,532131,BSE_EQ
BSE,TRIVENI,TRIVENI,532356,BSE_EQ
BSE,TRIVENIENT,TRIVENIENT,538569,BSE_EQ
BSE,TRIVENIGQ,TRIVENIGQ,502281,BSE_EQ
BSE,TRL,TRL,541228,BSE_EQ
BSE,TRU,TRU,540268,BSE_EQ
BSE,TRUALT,TRUALT,544545,BSE_EQ
BSE,TRUECOLORS,TRUECOLORS,544531,BSE_EQ
BSE,TRUEGREEN,TRUEGREEN,533407,BSE_EQ
BSE,TRUSTEDGE,TRUSTEDGE,532056,BSE_EQ
BSE,TSIFDG,TSIFDG,544649,BSE_EQ
BSE,TSIFDIR,TSIFDIR,544650,BSE_EQ
BSE,TSIFRG,TSIFRG,544651,BSE_EQ
BSE,TSIFRIP,TSIFRIP,544652,BSE_EQ
BSE,TSIFRIR,TSIFRIR,544653,BSE_EQ
BSE,TSPIRITUAL,TSPIRITUAL,532444,BSE_EQ
BSE,TTC,TTC,544303,BSE_EQ
BSE,TTFL,TTFL,540726,BSE_EQ
BSE,TTGIL,TTGIL,512018,BSE_EQ
BSE,TTIENT,TTIENT,538597,BSE_EQ
BSE,TTKHLTCARE,TTKHLTCARE,507747,BSE_EQ
BSE,TTKPRESTIG,TTKPRESTIG,517506,BSE_EQ
BSE,TTL,TTL,514142,BSE_EQ
BSE,TTLEL,TTLEL,514236,BSE_EQ
BSE,TTML,TTML,532371,BSE_EQ
BSE,TULASEEBIOE,TULASEEBIOE,524514,BSE_EQ
BSE,TULSYAN,TULSYAN,513629,BSE_EQ
BSE,TUNITEX,TUNITEX,531411,BSE_EQ
BSE,TURTLEMINT,TURTLEMINT,544799,BSE_EQ
BSE,TUSALDAH,TUSALDAH,531301,BSE_EQ
BSE,TUTIALKA,TUTIALKA,506808,BSE_EQ
BSE,TVOLCON,TVOLCON,511096,BSE_EQ
BSE,TVSELECT,TVSELECT,532513,BSE_EQ
BSE,TVSHLTD,TVSHLTD,520056,BSE_EQ
BSE,TVSMOTOR,TVSMOTOR,532343,BSE_EQ
BSE,TVSSCS,TVSSCS,543965,BSE_EQ
BSE,TVSSRICHAK,TVSSRICHAK,509243,BSE_EQ
BSE,TVTODAY,TVTODAY,532515,BSE_EQ
BSE,TVVISION,TVVISION,540083,BSE_EQ
BSE,TWCGOLDETF,TWCGOLDETF,544672,BSE_EQ
BSE,TWIROST,TWIROST,512117,BSE_EQ
BSE,TYCHE,TYCHE,532384,BSE_EQ
BSE,TYPHOON,TYPHOON,512307,BSE_EQ
BSE,TYROON,TYROON,526945,BSE_EQ
BSE,UBL,UBL,532478,BSE_EQ
BSE,UCAL,UCAL,500464,BSE_EQ
BSE,UCIL,UCIL,541358,BSE_EQ
BSE,UCOBANK,UCOBANK,532505,BSE_EQ
BSE,UDAYJEW,UDAYJEW,539518,BSE_EQ
BSE,UDS,UDS,543996,BSE_EQ
BSE,UEL,UEL,533644,BSE_EQ
BSE,UFBL,UFBL,543283,BSE_EQ
BSE,UFLEX,UFLEX,500148,BSE_EQ
BSE,UFMINDL,UFMINDL,531610,BSE_EQ
BSE,UFO,UFO,539141,BSE_EQ
BSE,UGARSUGAR,UGARSUGAR,530363,BSE_EQ
BSE,UGROCAP,UGROCAP,511742,BSE_EQ
BSE,UHMVL,UHMVL,544779,BSE_EQ
BSE,UHZAVERI,UHZAVERI,541338,BSE_EQ
BSE,UJJIVANSFB,UJJIVANSFB,542904,BSE_EQ
BSE,ULTRACAB,ULTRACAB,538706,BSE_EQ
BSE,ULTRACEMCO,ULTRACEMCO,532538,BSE_EQ
BSE,ULTRAMAR,ULTRAMAR,506685,BSE_EQ
BSE,UMAEXPORTS,UMAEXPORTS,543513,BSE_EQ
BSE,UMESLTD,UMESLTD,532398,BSE_EQ
BSE,UMIYA,UMIYA,539798,BSE_EQ
BSE,UMIYA-MRO,UMIYA-MRO,532376,BSE_EQ
BSE,UML,UML,544464,BSE_EQ
BSE,UNIABEXAL,UNIABEXAL,504605,BSE_EQ
BSE,UNIAUTO,UNIAUTO,539314,BSE_EQ
BSE,UNICHEMLAB,UNICHEMLAB,506690,BSE_EQ
BSE,UNICK,UNICK,541503,BSE_EQ
BSE,UNIDT,UNIDT,522014,BSE_EQ
BSE,UNIECOM,UNIECOM,544227,BSE_EQ
BSE,UNIENTER,UNIENTER,500429,BSE_EQ
BSE,UNIFIED,UNIFIED,544406,BSE_EQ
BSE,UNIJOLL,UNIJOLL,503671,BSE_EQ
BSE,UNIMECH,UNIMECH,544322,BSE_EQ
BSE,UNIOFFICE,UNIOFFICE,523519,BSE_EQ
BSE,UNIONBANK,UNIONBANK,532477,BSE_EQ
BSE,UNIONGOLD,UNIONGOLD,544363,BSE_EQ
BSE,UNIPARTS,UNIPARTS,543689,BSE_EQ
BSE,UNIQUEO,UNIQUEO,530997,BSE_EQ
BSE,UNIROYAL,UNIROYAL,521226,BSE_EQ
BSE,UNISEM,UNISEM,544648,BSE_EQ
BSE,UNISHIRE,UNISHIRE,537582,BSE_EQ
BSE,UNISON,UNISON,538610,BSE_EQ
BSE,UNITDCR,UNITDCR,531091,BSE_EQ
BSE,UNITDSPR,UNITDSPR,532432,BSE_EQ
BSE,UNITECH,UNITECH,507878,BSE_EQ
BSE,UNITEDINT,UNITEDINT,502893,BSE_EQ
BSE,UNITEDPOLY,UNITEDPOLY,544756,BSE_EQ
BSE,UNITINT,UNITINT,531867,BSE_EQ
BSE,UNIVARTS,UNIVARTS,532378,BSE_EQ
BSE,UNIVCABLES,UNIVCABLES,504212,BSE_EQ
BSE,UNIVPHOTO,UNIVPHOTO,542933,BSE_EQ
BSE,UNIVSTAR,UNIVSTAR,524408,BSE_EQ
BSE,UNIWSEC,UNIWSEC,512408,BSE_EQ
BSE,UNJHAFOR,UNJHAFOR,531762,BSE_EQ
BSE,UNOMINDA,UNOMINDA,532539,BSE_EQ
BSE,UNRYLMA,UNRYLMA,526113,BSE_EQ
BSE,UNTTEMI,UNTTEMI,507808,BSE_EQ
BSE,UPHOT,UPHOT,509960,BSE_EQ
BSE,UPL,UPL,512070,BSE_EQ
BSE,UPROTECH,UPROTECH,540189,BSE_EQ
BSE,UPSURGE,UPSURGE,531390,BSE_EQ
BSE,URAVIDEF,URAVIDEF,543930,BSE_EQ
BSE,URBANCO,URBANCO,544515,BSE_EQ
BSE,URJA,URJA,526987,BSE_EQ
BSE,URSUGAR,URSUGAR,539097,BSE_EQ
BSE,USGTECH,USGTECH,532402,BSE_EQ
BSE,USHAKIRA,USHAKIRA,511507,BSE_EQ
BSE,USHAMART,USHAMART,517146,BSE_EQ
BSE,USK,USK,543861,BSE_EQ
BSE,UTCRFS2DAP,UTCRFS2DAP,543100,BSE_EQ
BSE,UTCRFS2DAR,UTCRFS2DAR,543101,BSE_EQ
BSE,UTCRFS2DFP,UTCRFS2DFP,543104,BSE_EQ
BSE,UTCRFS2DFR,UTCRFS2DFR,543105,BSE_EQ
BSE,UTCRFS2DGR,UTCRFS2DGR,543099,BSE_EQ
BSE,UTCRFS2DHP,UTCRFS2DHP,543102,BSE_EQ
BSE,UTCRFS2DHR,UTCRFS2DHR,543103,BSE_EQ
BSE,UTCRFS2DMP,UTCRFS2DMP,543106,BSE_EQ
BSE,UTCRFS2DMR,UTCRFS2DMR,543107,BSE_EQ
BSE,UTCRFS2DQP,UTCRFS2DQP,543097,BSE_EQ
BSE,UTCRFS2DQR,UTCRFS2DQR,543098,BSE_EQ
BSE,UTCRFS2RAP,UTCRFS2RAP,543111,BSE_EQ
BSE,UTCRFS2RAR,UTCRFS2RAR,543112,BSE_EQ
BSE,UTCRFS2RFP,UTCRFS2RFP,543115,BSE_EQ
BSE,UTCRFS2RFR,UTCRFS2RFR,543116,BSE_EQ
BSE,UTCRFS2RGR,UTCRFS2RGR,543110,BSE_EQ
BSE,UTCRFS2RHP,UTCRFS2RHP,543113,BSE_EQ
BSE,UTCRFS2RHR,UTCRFS2RHR,543114,BSE_EQ
BSE,UTCRFS2RMP,UTCRFS2RMP,543117,BSE_EQ
BSE,UTCRFS2RMR,UTCRFS2RMR,543118,BSE_EQ
BSE,UTCRFS2RQP,UTCRFS2RQP,543108,BSE_EQ
BSE,UTCRFS2RQR,UTCRFS2RQR,543109,BSE_EQ
BSE,UTIAMC,UTIAMC,543238,BSE_EQ
BSE,UTIQUE,UTIQUE,500014,BSE_EQ
BSE,UTKARSHBNK,UTKARSHBNK,543942,BSE_EQ
BSE,UTLINDS,UTLINDS,500426,BSE_EQ
BSE,UTLSOLAR,UTLSOLAR,544613,BSE_EQ
BSE,UTMTFS2DAP,UTMTFS2DAP,543122,BSE_EQ
BSE,UTMTFS2DAR,UTMTFS2DAR,543123,BSE_EQ
BSE,UTMTFS2DFP,UTMTFS2DFP,543126,BSE_EQ
BSE,UTMTFS2DFR,UTMTFS2DFR,543127,BSE_EQ
BSE,UTMTFS2DGR,UTMTFS2DGR,543121,BSE_EQ
BSE,UTMTFS2DHP,UTMTFS2DHP,543124,BSE_EQ
BSE,UTMTFS2DHR,UTMTFS2DHR,543125,BSE_EQ
BSE,UTMTFS2DMP,UTMTFS2DMP,543128,BSE_EQ
BSE,UTMTFS2DMR,UTMTFS2DMR,543129,BSE_EQ
BSE,UTMTFS2DQP,UTMTFS2DQP,543119,BSE_EQ
BSE,UTMTFS2DQR,UTMTFS2DQR,543120,BSE_EQ
BSE,UTMTFS2RAP,UTMTFS2RAP,543133,BSE_EQ
BSE,UTMTFS2RAR,UTMTFS2RAR,543134,BSE_EQ
BSE,UTMTFS2RFP,UTMTFS2RFP,543137,BSE_EQ
BSE,UTMTFS2RFR,UTMTFS2RFR,543138,BSE_EQ
BSE,UTMTFS2RGR,UTMTFS2RGR,543132,BSE_EQ
BSE,UTMTFS2RHP,UTMTFS2RHP,543135,BSE_EQ
BSE,UTMTFS2RHR,UTMTFS2RHR,543136,BSE_EQ
BSE,UTMTFS2RMP,UTMTFS2RMP,543139,BSE_EQ
BSE,UTMTFS2RMR,UTMTFS2RMR,543140,BSE_EQ
BSE,UTMTFS2RQP,UTMTFS2RQP,543130,BSE_EQ
BSE,UTMTFS2RQR,UTMTFS2RQR,543131,BSE_EQ
BSE,UTTAMSUGAR,UTTAMSUGAR,532729,BSE_EQ
BSE,UVDRHOR,UVDRHOR,522091,BSE_EQ
BSE,UVS,UVS,531652,BSE_EQ
BSE,UYFINCORP,UYFINCORP,530579,BSE_EQ
BSE,V2RETAIL,V2RETAIL,532867,BSE_EQ
BSE,VAARAD,VAARAD,532320,BSE_EQ
BSE,VADILALIND,VADILALIND,519156,BSE_EQ
BSE,VADILENT,VADILENT,519152,BSE_EQ
BSE,VAHH,VAHH,544778,BSE_EQ
BSE,VAIBHAVGBL,VAIBHAVGBL,532156,BSE_EQ
BSE,VAICC,VAICC,526941,BSE_EQ
BSE,VAKRANGEE,VAKRANGEE,511431,BSE_EQ
BSE,VAL30IETF,VAL30IETF,544275,BSE_EQ
BSE,VALENCIA,VALENCIA,542910,BSE_EQ
BSE,VALIANT,VALIANT,526775,BSE_EQ
BSE,VALIANTLAB,VALIANTLAB,543998,BSE_EQ
BSE,VALIANTORG,VALIANTORG,540145,BSE_EQ
BSE,VALINDIA,VALINDIA,544433,BSE_EQ
BSE,VALLABHSQ,VALLABHSQ,513397,BSE_EQ
BSE,VALLEY,VALLEY,539543,BSE_EQ
BSE,VALPLAST,VALPLAST,544565,BSE_EQ
BSE,VALSONQ,VALSONQ,530459,BSE_EQ
BSE,VALUE,VALUE,544737,BSE_EQ
BSE,VALUEAXIS,VALUEAXIS,544382,BSE_EQ
BSE,VAMA,VAMA,512175,BSE_EQ
BSE,VAML,VAML,544780,BSE_EQ
BSE,VAMSHIRU,VAMSHIRU,530369,BSE_EQ
BSE,VANDAN,VANDAN,544436,BSE_EQ
BSE,VANDU,VANDU,544329,BSE_EQ
BSE,VANICOM,VANICOM,538918,BSE_EQ
BSE,VANTABIO,VANTABIO,540729,BSE_EQ
BSE,VAPIENTER,VAPIENTER,502589,BSE_EQ
BSE,VARDHANCFL,VARDHANCFL,542931,BSE_EQ
BSE,VARDMNPOLY,VARDMNPOLY,514175,BSE_EQ
BSE,VARIMAN,VARIMAN,540570,BSE_EQ
BSE,VARROC,VARROC,541578,BSE_EQ
BSE,VARUNME,VARUNME,512511,BSE_EQ
BSE,VARYAA,VARYAA,544168,BSE_EQ
BSE,VASCONEQ,VASCONEQ,533156,BSE_EQ
BSE,VASHISHTHA,VASHISHTHA,544508,BSE_EQ
BSE,VASINFRA,VASINFRA,531574,BSE_EQ
BSE,VASUPRADA,VASUPRADA,538092,BSE_EQ
BSE,VASWANI,VASWANI,533576,BSE_EQ
BSE,VBDESAI,VBDESAI,511110,BSE_EQ
BSE,VBIND,VBIND,539123,BSE_EQ
BSE,VBL,VBL,540180,BSE_EQ
BSE,VCU,VCU,536672,BSE_EQ
BSE,VEDANTASSET,VEDANTASSET,543623,BSE_EQ
BSE,VEDAVAAG,VEDAVAAG,533056,BSE_EQ
BSE,VEDL,VEDL,500295,BSE_EQ
BSE,VEDPOWER,VEDPOWER,544781,BSE_EQ
BSE,VEEDOL,VEEDOL,590005,BSE_EQ
BSE,VEEFIN,VEEFIN,543931,BSE_EQ
BSE,VEERENRGY,VEERENRGY,503657,BSE_EQ
BSE,VEERHEALTH,VEERHEALTH,511523,BSE_EQ
BSE,VEERKRUPA,VEERKRUPA,543545,BSE_EQ
BSE,VEGA,VEGA,512026,BSE_EQ
BSE,VEL,VEL,542803,BSE_EQ
BSE,VELHO,VELHO,526755,BSE_EQ
BSE,VELJAN,VELJAN,505232,BSE_EQ
BSE,VELOX,VELOX,506178,BSE_EQ
BSE,VENKEYS,VENKEYS,523261,BSE_EQ
BSE,VENLONENT,VENLONENT,524038,BSE_EQ
BSE,VENMAX,VENMAX,531015,BSE_EQ
BSE,VENTIVE,VENTIVE,544321,BSE_EQ
BSE,VENTURA,VENTURA,516098,BSE_EQ
BSE,VENUSPIPES,VENUSPIPES,543528,BSE_EQ
BSE,VENUSREM,VENUSREM,526953,BSE_EQ
BSE,VERANDA,VERANDA,543514,BSE_EQ
BSE,VERITAS,VERITAS,512229,BSE_EQ
BSE,VERTEX,VERTEX,531950,BSE_EQ
BSE,VESUVIUS,VESUVIUS,520113,BSE_EQ
BSE,VETO,VETO,539331,BSE_EQ
BSE,VGCL,VGCL,538732,BSE_EQ
BSE,VGIL,VGIL,543241,BSE_EQ
BSE,VGL,VGL,514274,BSE_EQ
BSE,VGUARD,VGUARD,532953,BSE_EQ
BSE,VHL,VHL,500439,BSE_EQ
BSE,VHLTD,VHLTD,523796,BSE_EQ
BSE,VICTMILL,VICTMILL,503349,BSE_EQ
BSE,VIDHIING,VIDHIING,531717,BSE_EQ
BSE,VIDYAWIRES,VIDYAWIRES,544633,BSE_EQ
BSE,VIJAYA,VIJAYA,543350,BSE_EQ
BSE,VIJIFIN,VIJIFIN,537820,BSE_EQ
BSE,VIJSOLX,VIJSOLX,531069,BSE_EQ
BSE,VIKALPS,VIKALPS,531334,BSE_EQ
BSE,VIKASECO,VIKASECO,530961,BSE_EQ
BSE,VIKASLIFE,VIKASLIFE,542655,BSE_EQ
BSE,VIKASPROP,VIKASPROP,531518,BSE_EQ
BSE,VIKASWSP,VIKASWSP,519307,BSE_EQ
BSE,VIKRAMAR,VIKRAMAR,544371,BSE_EQ
BSE,VIKRAMSOLR,VIKRAMSOLR,544488,BSE_EQ
BSE,VIKRAMTH,VIKRAMTH,530477,BSE_EQ
BSE,VIKRAN,VIKRAN,544496,BSE_EQ
BSE,VIKSHEN,VIKSHEN,506196,BSE_EQ
BSE,VIMTALABS,VIMTALABS,524394,BSE_EQ
BSE,VINATIORGA,VINATIORGA,524200,BSE_EQ
BSE,VINAYAKPOL,VINAYAKPOL,534639,BSE_EQ
BSE,VINCOFE,VINCOFE,538920,BSE_EQ
BSE,VINDHYATEL,VINDHYATEL,517015,BSE_EQ
BSE,VINEETLAB,VINEETLAB,543298,BSE_EQ
BSE,VINNY,VINNY,543670,BSE_EQ
BSE,VINRKLB,VINRKLB,526075,BSE_EQ
BSE,VINTAGES,VINTAGES,531051,BSE_EQ
BSE,VINVANI,VINVANI,512517,BSE_EQ
BSE,VINYLINDIA,VINYLINDIA,524129,BSE_EQ
BSE,VINYOFL,VINYOFL,530401,BSE_EQ
BSE,VIPCLOTHNG,VIPCLOTHNG,532613,BSE_EQ
BSE,VIPIND,VIPIND,507880,BSE_EQ
BSE,VIPPYSP,VIPPYSP,514302,BSE_EQ
BSE,VIPULLTD,VIPULLTD,511726,BSE_EQ
BSE,VIPULORG,VIPULORG,530627,BSE_EQ
BSE,VIRAT,VIRAT,530521,BSE_EQ
BSE,VIRATCRA,VIRATCRA,519457,BSE_EQ
BSE,VIRGOGLOB,VIRGOGLOB,532354,BSE_EQ
BSE,VIRINCHI,VIRINCHI,532372,BSE_EQ
BSE,VIRTUALG,VIRTUALG,534741,BSE_EQ
BSE,VIRYA,VIRYA,512479,BSE_EQ
BSE,VISACHROME,VISACHROME,532721,BSE_EQ
BSE,VISAGAR,VISAGAR,531025,BSE_EQ
BSE,VISAKAIND,VISAKAIND,509055,BSE_EQ
BSE,VISHAL,VISHAL,538598,BSE_EQ
BSE,VISHALBL,VISHALBL,539398,BSE_EQ
BSE,VISHNU,VISHNU,516072,BSE_EQ
BSE,VISHWARAJ,VISHWARAJ,542852,BSE_EQ
BSE,VISIONCINE,VISIONCINE,526441,BSE_EQ
BSE,VISIONCO,VISIONCO,531668,BSE_EQ
BSE,VISL,VISL,544784,BSE_EQ
BSE,VISTAPH,VISTAPH,524711,BSE_EQ
BSE,VISTARAMAR,VISTARAMAR,538565,BSE_EQ
BSE,VISVEN,VISVEN,512064,BSE_EQ
BSE,VIVAA,VIVAA,544002,BSE_EQ
BSE,VIVANTA,VIVANTA,541735,BSE_EQ
BSE,VIVANZA,VIVANZA,530057,BSE_EQ
BSE,VIVIDHA,VIVIDHA,506146,BSE_EQ
BSE,VIVIDIND,VIVIDIND,524576,BSE_EQ
BSE,VIVIDM,VIVIDM,542046,BSE_EQ
BSE,VIVIMEDLAB,VIVIMEDLAB,532660,BSE_EQ
BSE,VIVOBIOT,VIVOBIOT,511509,BSE_EQ
BSE,VIYASH,VIYASH,512529,BSE_EQ
BSE,VJLAXMIE,VJLAXMIE,522267,BSE_EQ
BSE,VJTFEDU,VJTFEDU,509026,BSE_EQ
BSE,VKAL,VKAL,539761,BSE_EQ
BSE,VLEGOV,VLEGOV,543958,BSE_EQ
BSE,VLL,VLL,539167,BSE_EQ
BSE,VLSFINANCE,VLSFINANCE,511333,BSE_EQ
BSE,VMART,VMART,534976,BSE_EQ
BSE,VMM,VMM,544307,BSE_EQ
BSE,VMS,VMS,533427,BSE_EQ
BSE,VMSTMT,VMSTMT,544521,BSE_EQ
BSE,VOEPL,VOEPL,543597,BSE_EQ
BSE,VOGL,VOGL,544782,BSE_EQ
BSE,VOITHPAPR,VOITHPAPR,522122,BSE_EQ
BSE,VOLKAI,VOLKAI,506122,BSE_EQ
BSE,VOLLF,VOLLF,509038,BSE_EQ
BSE,VOLTAMP,VOLTAMP,532757,BSE_EQ
BSE,VOLTAS,VOLTAS,500575,BSE_EQ
BSE,VPAL,VPAL,544765,BSE_EQ
BSE,VPL,VPL,544011,BSE_EQ
BSE,VPRPL,VPRPL,543974,BSE_EQ
BSE,VRAJ,VRAJ,544204,BSE_EQ
BSE,VRFILMS,VRFILMS,542654,BSE_EQ
BSE,VRL,VRL,538634,BSE_EQ
BSE,VRLLOG,VRLLOG,539118,BSE_EQ
BSE,VRUDDHI,VRUDDHI,544157,BSE_EQ
BSE,VSDCONF,VSDCONF,531696,BSE_EQ
BSE,VSFPROJ,VSFPROJ,519331,BSE_EQ
BSE,VSL,VSL,540252,BSE_EQ
BSE,VSSL,VSSL,534392,BSE_EQ
BSE,VSTIND,VSTIND,509966,BSE_EQ
BSE,VSTL,VSTL,544124,BSE_EQ
BSE,VSTTILLERS,VSTTILLERS,531266,BSE_EQ
BSE,VTL,VTL,502986,BSE_EQ
BSE,VTMLTD,VTMLTD,532893,BSE_EQ
BSE,VVIPIL,VVIPIL,544219,BSE_EQ
BSE,VXLINSTR,VXLINSTR,517399,BSE_EQ
BSE,W5AD,W5AD,543604,BSE_EQ
BSE,W5AG,W5AG,543603,BSE_EQ
BSE,W5DP,W5DP,543602,BSE_EQ
BSE,W5GP,W5GP,543601,BSE_EQ
BSE,WAA,WAA,541445,BSE_EQ
BSE,WAAREE,WAAREE,539337,BSE_EQ
BSE,WAAREEENER,WAAREEENER,544277,BSE_EQ
BSE,WAAREEINDO,WAAREEINDO,533257,BSE_EQ
BSE,WAAREERTL,WAAREERTL,534618,BSE_EQ
BSE,WABAG,WABAG,533269,BSE_EQ
BSE,WAGEND,WAGEND,503675,BSE_EQ
BSE,WAKEFIT,WAKEFIT,544642,BSE_EQ
BSE,WALCHANNAG,WALCHANNAG,507410,BSE_EQ
BSE,WALCHPF,WALCHPF,501370,BSE_EQ
BSE,WALLFORT,WALLFORT,532053,BSE_EQ
BSE,WANBURY,WANBURY,524212,BSE_EQ
BSE,WARDHEALTH,WARDHEALTH,512063,BSE_EQ
BSE,WARDINMOBI,WARDINMOBI,538970,BSE_EQ
BSE,WARDWIZFBL,WARDWIZFBL,539132,BSE_EQ
BSE,WARRENTEA,WARRENTEA,508494,BSE_EQ
BSE,WATERBASE,WATERBASE,523660,BSE_EQ
BSE,WCIL,WCIL,544258,BSE_EQ
BSE,WEALTH,WEALTH,544536,BSE_EQ
BSE,WEBELSOLAR,WEBELSOLAR,517498,BSE_EQ
BSE,WEIZMANIND,WEIZMANIND,523011,BSE_EQ
BSE,WEL,WEL,543449,BSE_EQ
BSE,WELCORP,WELCORP,532144,BSE_EQ
BSE,WELCURE,WELCURE,524661,BSE_EQ
BSE,WELENT,WELENT,532553,BSE_EQ
BSE,WELINV,WELINV,533252,BSE_EQ
BSE,WELSPLSOL,WELSPLSOL,500365,BSE_EQ
BSE,WELSPUNLIV,WELSPUNLIV,514162,BSE_EQ
BSE,WENDT,WENDT,505412,BSE_EQ
BSE,WEPSOLN,WEPSOLN,532373,BSE_EQ
BSE,WESTLEIRES,WESTLEIRES,538382,BSE_EQ
BSE,WESTLIFE,WESTLIFE,505533,BSE_EQ
BSE,WEWIN,WEWIN,543535,BSE_EQ
BSE,WEWORK,WEWORK,544570,BSE_EQ
BSE,WHBRADY,WHBRADY,501391,BSE_EQ
BSE,WHEELS,WHEELS,590073,BSE_EQ
BSE,WHIRLPOOL,WHIRLPOOL,500238,BSE_EQ
BSE,WHITEORG,WHITEORG,513713,BSE_EQ
BSE,WHITHAL,WHITHAL,512431,BSE_EQ
BSE,WILLAMAGOR,WILLAMAGOR,519224,BSE_EQ
BSE,WILLIMFI,WILLIMFI,519214,BSE_EQ
BSE,WINDLAS,WINDLAS,543329,BSE_EQ
BSE,WINDMACHIN,WINDMACHIN,522029,BSE_EQ
BSE,WINROC,WINROC,512022,BSE_EQ
BSE,WINSOMBR,WINSOMBR,526471,BSE_EQ
BSE,WINSOME,WINSOME,514348,BSE_EQ
BSE,WINSOMTX,WINSOMTX,514470,BSE_EQ
BSE,WIPRO,WIPRO,507685,BSE_EQ
BSE,WIREFABR,WIREFABR,507817,BSE_EQ
BSE,WITS,WITS,543436,BSE_EQ
BSE,WMINIMT,WMINIMT,504998,BSE_EQ
BSE,WOCKPHARMA,WOCKPHARMA,532300,BSE_EQ
BSE,WOMENNET,WOMENNET,531396,BSE_EQ
BSE,WONDERLA,WONDERLA,538268,BSE_EQ
BSE,WOODSVILA,WOODSVILA,526959,BSE_EQ
BSE,WORKMATES,WORKMATES,544610,BSE_EQ
BSE,WORTH,WORTH,538451,BSE_EQ
BSE,WORTHPERI,WORTHPERI,544577,BSE_EQ
BSE,WOSAL,WOSAL,544636,BSE_EQ
BSE,WPIL,WPIL,505872,BSE_EQ
BSE,WSFX,WSFX,511147,BSE_EQ
BSE,WSI,WSI,504220,BSE_EQ
BSE,WSTCSTPAPR,WSTCSTPAPR,500444,BSE_EQ
BSE,WWALUM,WWALUM,526525,BSE_EQ
BSE,XCHANGING,XCHANGING,532616,BSE_EQ
BSE,XELPMOC,XELPMOC,542367,BSE_EQ
BSE,XPROINDIA,XPROINDIA,590013,BSE_EQ
BSE,XTGLOBAL,XTGLOBAL,531225,BSE_EQ
BSE,YAANENT,YAANENT,538521,BSE_EQ
BSE,YAASHVI,YAASHVI,544770,BSE_EQ
BSE,YAJUR,YAJUR,544676,BSE_EQ
BSE,YAMNINV,YAMNINV,511012,BSE_EQ
BSE,YARNSYN,YARNSYN,514378,BSE_EQ
BSE,YASHCHEM,YASHCHEM,539939,BSE_EQ
BSE,YASHHTEJ,YASHHTEJ,544708,BSE_EQ
BSE,YASHHV,YASHHV,544310,BSE_EQ
BSE,YASHINNO,YASHINNO,523650,BSE_EQ
BSE,YASHMGM,YASHMGM,511601,BSE_EQ
BSE,YASHO,YASHO,541167,BSE_EQ
BSE,YASHRAJC,YASHRAJC,530063,BSE_EQ
BSE,YATHARTH,YATHARTH,543950,BSE_EQ
BSE,YATRA,YATRA,543992,BSE_EQ
BSE,YESBANK,YESBANK,532648,BSE_EQ
BSE,YOGI,YOGI,511702,BSE_EQ
BSE,YOGISUNG,YOGISUNG,522209,BSE_EQ
BSE,YORKEXP,YORKEXP,530675,BSE_EQ
BSE,YSL,YSL,540980,BSE_EQ
BSE,YUG,YUG,540550,BSE_EQ
BSE,YUKEN,YUKEN,522108,BSE_EQ
BSE,YUNIKM,YUNIKM,533149,BSE_EQ
BSE,YURANUS,YURANUS,536846,BSE_EQ
BSE,YUVRAAJHPL,YUVRAAJHPL,531663,BSE_EQ
BSE,ZAGGLE,ZAGGLE,543985,BSE_EQ
BSE,ZAPPFRESH,ZAPPFRESH,544568,BSE_EQ
BSE,ZARCOLEA,ZARCOLEA,511038,BSE_EQ
BSE,ZBINTXPP,ZBINTXPP,523054,BSE_EQ
BSE,ZDHJERK,ZDHJERK,531043,BSE_EQ
BSE,ZEAL,ZEAL,539963,BSE_EQ
BSE,ZEEL,ZEEL,505537,BSE_EQ
BSE,ZEELEARN,ZEELEARN,533287,BSE_EQ
BSE,ZEEMEDIA,ZEEMEDIA,532794,BSE_EQ
BSE,ZELIO,ZELIO,544563,BSE_EQ
BSE,ZENIFIB,ZENIFIB,514266,BSE_EQ
BSE,ZENITHEXPO,ZENITHEXPO,512553,BSE_EQ
BSE,ZENITHHE,ZENITHHE,530665,BSE_EQ
BSE,ZENITHSTL,ZENITHSTL,531845,BSE_EQ
BSE,ZENLABS,ZENLABS,530697,BSE_EQ
BSE,ZENOTECH,ZENOTECH,532039,BSE_EQ
BSE,ZENSARTECH,ZENSARTECH,504067,BSE_EQ
BSE,ZENTEC,ZENTEC,533339,BSE_EQ
BSE,ZFCVINDIA,ZFCVINDIA,533023,BSE_EQ
BSE,ZFSTEERING,ZFSTEERING,505163,BSE_EQ
BSE,ZGAEKWAR,ZGAEKWAR,502850,BSE_EQ
BSE,ZGOLDINV,ZGOLDINV,501111,BSE_EQ
BSE,ZHEMHOLD,ZHEMHOLD,505520,BSE_EQ
BSE,ZHINDHSG,ZHINDHSG,509650,BSE_EQ
BSE,ZHINUDYP,ZHINUDYP,513039,BSE_EQ
BSE,ZIMLAB,ZIMLAB,541400,BSE_EQ
BSE,ZINEMA,ZINEMA,538579,BSE_EQ
BSE,ZJEETMAC,ZJEETMAC,513012,BSE_EQ
BSE,ZKHANDEN,ZKHANDEN,519064,BSE_EQ
BSE,ZKOVALIN,ZKOVALIN,505585,BSE_EQ
BSE,ZMANSOON,ZMANSOON,512303,BSE_EQ
BSE,ZMILGFIN,ZMILGFIN,511018,BSE_EQ
BSE,ZMULTIPU,ZMULTIPU,504356,BSE_EQ
BSE,ZNILKENG,ZNILKENG,512004,BSE_EQ
BSE,ZNIVITRD,ZNIVITRD,512245,BSE_EQ
BSE,ZODIAC,ZODIAC,543416,BSE_EQ
BSE,ZODIACLOTH,ZODIACLOTH,521163,BSE_EQ
BSE,ZODIACVEN,ZODIACVEN,503641,BSE_EQ
BSE,ZODJRDMKJ,ZODJRDMKJ,512587,BSE_EQ
BSE,ZPRBHSTE,ZPRBHSTE,506042,BSE_EQ
BSE,ZR2,ZR2,506640,BSE_EQ
BSE,ZSARACOM,ZSARACOM,512020,BSE_EQ
BSE,ZSARVAMA,ZSARVAMA,506190,BSE_EQ
BSE,ZSATYASL,ZSATYASL,503893,BSE_EQ
BSE,ZSHERAPR,ZSHERAPR,512367,BSE_EQ
BSE,ZSOUTGAS,ZSOUTGAS,509910,BSE_EQ
BSE,ZSPEEDCO,ZSPEEDCO,512291,BSE_EQ
BSE,ZSVARAJT,ZSVARAJT,503624,BSE_EQ
BSE,ZSVTRADI,ZSVTRADI,503622,BSE_EQ
BSE,ZUARI,ZUARI,534742,BSE_EQ
BSE,ZUARIIND,ZUARIIND,500780,BSE_EQ
BSE,ZWELCAST,ZWELCAST,504988,BSE_EQ
BSE,ZYDUSLIFE,ZYDUSLIFE,532321,BSE_EQ
BSE,ZYDUSWELL,ZYDUSWELL,531335,BSE_EQ
NSE,011NSETEST,011NSETEST,14747,EQ
NSE,021NSETEST,021NSETEST,14751,EQ
NSE,031NSETEST,031NSETEST,14753,EQ
NSE,041NSETEST,041NSETEST,14755,EQ
NSE,051NSETEST,051NSETEST,14758,EQ
NSE,061NSETEST,061NSETEST,14762,EQ
NSE,071NSETEST,071NSETEST,14764,EQ
NSE,081NSETEST,081NSETEST,14767,EQ
NSE,091NSETEST,091NSETEST,14769,EQ
NSE,101NSETEST,101NSETEST,14772,EQ
NSE,111NSETEST,111NSETEST,14774,EQ
NSE,11NSETEST,11NSETEST,12841,EQ
NSE,121NSETEST,121NSETEST,14777,EQ
NSE,131NSETEST,131NSETEST,14778,EQ
NSE,141NSETEST,141NSETEST,14781,EQ
NSE,151NSETEST,151NSETEST,14782,EQ
NSE,161NSETEST,161NSETEST,14784,EQ
NSE,171NSETEST,171NSETEST,23446,EQ
NSE,181NSETEST,181NSETEST,23447,EQ
NSE,20MICRONS,20MICRONS,16921,EQ
NSE,21STCENMGM,21STCENMGM,4,EQ
NSE,360ONE,360ONE,13061,EQ
NSE,3BBLACKBIO,3BBLACKBIO,762518,EQ
NSE,3IINFOLTD,3IINFOLTD,6232,EQ
NSE,3MINDIA,3MINDIA,474,EQ
NSE,3PLAND,3PLAND,2595,EQ
NSE,5PAISA,5PAISA,445,EQ
NSE,63MOONS,63MOONS,11868,EQ
NSE,A2ZINFRA,A2ZINFRA,20906,EQ
NSE,AAATECH,AAATECH,12533,EQ
NSE,AADHARHFC,AADHARHFC,23729,EQ
NSE,AAKAAR,AAKAAR,757579,SM
NSE,AAKASH,AAKASH,235,EQ
NSE,AARADHYA,AARADHYA,758120,SM
NSE,AAREYDRUGS,AAREYDRUGS,5248,BE
NSE,AARNAV,AARNAV,761821,EQ
NSE,AARON,AARON,1030,EQ
NSE,AARTECH,AARTECH,17164,BE
NSE,AARTIDRUGS,AARTIDRUGS,4481,EQ
NSE,AARTIIND,AARTIIND,7,EQ
NSE,AARTIPHARM,AARTIPHARM,13868,EQ
NSE,AARTISURF,AARTISURF,19233,EQ
NSE,AARVI,AARVI,19073,EQ
NSE,AASTHA,AASTHA,763801,BE
NSE,AATMAJ,AATMAJ,16961,SM
NSE,AAVAS,AAVAS,5385,EQ
NSE,ABAN,ABAN,7759,BE
NSE,ABANSENT,ABANSENT,762526,BE
NSE,ABB,ABB,13,EQ
NSE,ABBOTINDIA,ABBOTINDIA,17903,EQ
NSE,ABCAPITAL,ABCAPITAL,21614,EQ
NSE,ABCOTS,ABCOTS,759130,EQ
NSE,ABDL,ABDL,24308,EQ
NSE,ABFRL,ABFRL,30108,EQ
NSE,ABGSEC,ABGSEC,24404,EQ
NSE,ABHAPOWER,ABHAPOWER,27284,SM
NSE,ABINFRA,ABINFRA,27020,EQ
NSE,ABLBL,ABLBL,756843,EQ
NSE,ABMINTLLTD,ABMINTLLTD,5549,EQ
NSE,ABMKNO,ABMKNO,762528,EQ
NSE,ABREL,ABREL,625,EQ
NSE,ABSL10BANK,ABSL10BANK,760247,EQ
NSE,ABSLAMC,ABSLAMC,6018,EQ
NSE,ABSLBANETF,ABSLBANETF,13987,EQ
NSE,ABSLLIQUID,ABSLLIQUID,14518,EQ
NSE,ABSLMSCIN,ABSLMSCIN,761066,EQ
NSE,ABSLNN50ET,ABSLNN50ET,7339,EQ
NSE,ABSLPSE,ABSLPSE,23806,EQ
NSE,ABSMARINE,ABSMARINE,23786,ST
NSE,ACC,ACC,22,EQ
NSE,ACCELYA,ACCELYA,7053,EQ
NSE,ACCENTMIC,ACCENTMIC,20488,SM
NSE,ACCORD,ACCORD,21218,ST
NSE,ACCPL,ACCPL,757024,ST
NSE,ACCURACY,ACCURACY,1472,BE
NSE,ACE,ACE,13587,EQ
NSE,ACEINTEG,ACEINTEG,11779,EQ
NSE,ACETEC,ACETEC,761112,SM
NSE,ACI,ACI,12024,EQ
NSE,ACL,ACL,15420,EQ
NSE,ACMESOLAR,ACMESOLAR,27061,EQ
NSE,ACSTECH,ACSTECH,762533,EQ
NSE,ACTIVEINFR,ACTIVEINFR,30464,SM
NSE,ACUTAAS,ACUTAAS,5578,EQ
NSE,ADANIENSOL,ADANIENSOL,10217,EQ
NSE,ADANIENT,ADANIENT,25,EQ
NSE,ADANIGREEN,ADANIGREEN,3563,EQ
NSE,ADANIPORTS,ADANIPORTS,15083,EQ
NSE,ADANIPOWER,ADANIPOWER,17388,EQ
NSE,ADDICTIVE,ADDICTIVE,22468,SM
NSE,ADFFOODS,ADFFOODS,19761,EQ
NSE,ADISOFT,ADISOFT,763156,SM
NSE,ADL,ADL,245,EQ
NSE,ADOR,ADOR,34,EQ
NSE,ADROITINFO,ADROITINFO,4953,EQ
NSE,ADSL,ADSL,14813,EQ
NSE,ADVAIT,ADVAIT,760657,EQ
NSE,ADVANCE,ADVANCE,759402,EQ
NSE,ADVANIHOTR,ADVANIHOTR,14745,EQ
NSE,ADVENTHTL,ADVENTHTL,759769,EQ
NSE,ADVENZYMES,ADVENZYMES,18039,EQ
NSE,AEGISLOG,AEGISLOG,40,EQ
NSE,AEGISVOPAK,AEGISVOPAK,757336,EQ
NSE,AEPL,AEPL,761330,EQ
NSE,AEQUS,AEQUS,760234,EQ
NSE,AEROENTER,AEROENTER,12015,EQ
NSE,AEROFLEX,AEROFLEX,18268,EQ
NSE,AERON,AERON,25065,SM
NSE,AERONEU,AERONEU,13689,EQ
NSE,AESTHETIK,AESTHETIK,24830,SM
NSE,AETHER,AETHER,9810,EQ
NSE,AFCONS,AFCONS,25977,EQ
NSE,AFFLE,AFFLE,11343,EQ
NSE,AFFORDABLE,AFFORDABLE,25857,BE
NSE,AFIL,AFIL,24160,BE
NSE,AFSL,AFSL,13288,EQ
NSE,AGARIND,AGARIND,3389,EQ
NSE,AGARWALEYE,AGARWALEYE,29452,EQ
NSE,AGARWALFT,AGARWALFT,14267,ST
NSE,AGARWALTUF,AGARWALTUF,27309,SM
NSE,AGI,AGI,1412,EQ
NSE,AGIIL,AGIIL,24445,EQ
NSE,AGL,AGL,763784,EQ
NSE,AGNI,AGNI,10491,SM
NSE,AGRITECH,AGRITECH,11076,BE
NSE,AGROPHOS,AGROPHOS,9046,EQ
NSE,AGUL,AGUL,15147,SM
NSE,AHCL,AHCL,758968,EQ
NSE,AHIMSA,AHIMSA,10770,ST
NSE,AHLADA,AHLADA,2004,EQ
NSE,AHLEAST,AHLEAST,19438,EQ
NSE,AHLUCONT,AHLUCONT,17833,EQ
NSE,AHLWEST,AHLWEST,19370,BE
NSE,AIAENG,AIAENG,13086,EQ
NSE,AIIL,AIIL,23553,EQ
NSE,AILIMITED,AILIMITED,4654,ST
NSE,AIMTRON,AIMTRON,23984,SM
NSE,AIRAN,AIRAN,9897,EQ
NSE,AIROLAM,AIROLAM,6068,EQ
NSE,AISL,AISL,482,SM
NSE,AJANTPHARM,AJANTPHARM,8124,EQ
NSE,AJAXENGG,AJAXENGG,29624,EQ
NSE,AJMERA,AJMERA,17307,EQ
NSE,AJOONI,AJOONI,3403,EQ
NSE,AKANKSHA,AKANKSHA,21132,ST
NSE,AKASH,AKASH,13510,EQ
NSE,AKCAPIT,AKCAPIT,762538,EQ
NSE,AKG,AKG,2176,EQ
NSE,AKI,AKI,14890,EQ
NSE,AKIKO,AKIKO,24307,ST
NSE,AKSHAR,AKSHAR,9558,EQ
NSE,AKSHARCHEM,AKSHARCHEM,20194,BE
NSE,AKSHOPTFBR,AKSHOPTFBR,8595,BE
NSE,AKUMS,AKUMS,24715,EQ
NSE,ALANKIT,ALANKIT,9921,EQ
NSE,ALBERTDAVD,ALBERTDAVD,17256,EQ
NSE,ALCODIS,ALCODIS,18763,ST
NSE,ALEMBICLTD,ALEMBICLTD,79,EQ
NSE,ALGOQUANT,ALGOQUANT,761270,EQ
NSE,ALICON,ALICON,13656,EQ
NSE,ALIVUS,ALIVUS,5265,EQ
NSE,ALKALI,ALKALI,16963,BE
NSE,ALKEM,ALKEM,11703,EQ
NSE,ALKYLAMINE,ALKYLAMINE,4487,EQ
NSE,ALLCARGO,ALLCARGO,13501,EQ
NSE,ALLDIGI,ALLDIGI,11798,EQ
NSE,ALLETEC,ALLETEC,13212,ST
NSE,ALLTIME,ALLTIME,758448,EQ
NSE,ALMONDZ,ALMONDZ,16719,EQ
NSE,ALOKINDS,ALOKINDS,17675,EQ
NSE,ALPA,ALPA,14848,EQ
NSE,ALPEXSOLAR,ALPEXSOLAR,22688,SM
NSE,ALPHA,ALPHA,7412,EQ
NSE,ALPHAETF,ALPHAETF,19640,EQ
NSE,ALPHAGEO,ALPHAGEO,14597,EQ
NSE,ALPL30IETF,ALPL30IETF,22344,EQ
NSE,ALUWIND,ALUWIND,23474,SM
NSE,AMAGI,AMAGI,760740,EQ
NSE,AMANTA,AMANTA,758910,BE
NSE,AMBAAUTO,AMBAAUTO,763256,SM
NSE,AMBALALSA,AMBALALSA,762543,EQ
NSE,AMBANIORGO,AMBANIORGO,4083,SM
NSE,AMBER,AMBER,1185,EQ
NSE,AMBICAAGAR,AMBICAAGAR,11496,EQ
NSE,AMBIKCO,AMBIKCO,15234,EQ
NSE,AMBUJACEM,AMBUJACEM,1270,EQ
NSE,AMCL,AMCL,758427,SM
NSE,AMDIND,AMDIND,14398,EQ
NSE,AMEYA,AMEYA,10898,SM
NSE,AMIABLE,AMIABLE,11939,SM
NSE,AMIRCHAND,AMIRCHAND,761670,EQ
NSE,AMJLAND,AMJLAND,2598,EQ
NSE,AMNPLST,AMNPLST,19867,EQ
NSE,AMRUTANJAN,AMRUTANJAN,17547,EQ
NSE,ANANDRATHI,ANANDRATHI,7145,EQ
NSE,ANANTRAJ,ANANTRAJ,13620,EQ
NSE,ANDHRAPAP,ANDHRAPAP,166,EQ
NSE,ANDHRSUGAR,ANDHRSUGAR,136,EQ
NSE,ANGELONE,ANGELONE,324,EQ
NSE,ANIKINDS,ANIKINDS,16661,BE
NSE,ANKITMETAL,ANKITMETAL,25878,BZ
NSE,ANLON,ANLON,13664,ST
NSE,ANMOL,ANMOL,3727,EQ
NSE,ANNAPURNA,ANNAPURNA,11198,SM
NSE,ANONDITA,ANONDITA,758740,SM
NSE,ANSALAPI,ANSALAPI,19677,BZ
NSE,ANTELOPUS,ANTELOPUS,13598,EQ
NSE,ANTGRAPHIC,ANTGRAPHIC,5194,EQ
NSE,ANTHEM,ANTHEM,757885,EQ
NSE,ANUHPHR,ANUHPHR,28314,EQ
NSE,ANUP,ANUP,9014,EQ
NSE,ANURAS,ANURAS,2829,EQ
NSE,ANYA,ANYA,28983,SM
NSE,AONEGOLD,AONEGOLD,758904,EQ
NSE,AONELIQUID,AONELIQUID,30472,EQ
NSE,AONENIFTY,AONENIFTY,757096,EQ
NSE,AONESILVER,AONESILVER,760193,EQ
NSE,AONETMMQ50,AONETMMQ50,759992,EQ
NSE,AONETOTAL,AONETOTAL,29975,EQ
NSE,APARINDS,APARINDS,11491,EQ
NSE,APCL,APCL,20453,EQ
NSE,APCOTEXIND,APCOTEXIND,154,EQ
NSE,APEX,APEX,21623,EQ
NSE,APEXECO,APEXECO,27291,ST
NSE,APLAPOLLO,APLAPOLLO,25780,EQ
NSE,APLLTD,APLLTD,25328,EQ
NSE,APOLLO,APOLLO,1134,EQ
NSE,APOLLOHOSP,APOLLOHOSP,157,EQ
NSE,APOLLOPIPE,APOLLOPIPE,14361,EQ
NSE,APOLLOTYRE,APOLLOTYRE,163,EQ
NSE,APOLSINHOT,APOLSINHOT,6302,EQ
NSE,APRAMEYA,APRAMEYA,24638,SM
NSE,APS,APS,21451,SM
NSE,APSISAERO,APSISAERO,761435,ST
NSE,APTECHT,APTECHT,14074,BE
NSE,APTUS,APTUS,5435,EQ
NSE,AQYLON,AQYLON,23365,EQ
NSE,ARABIAN,ARABIAN,19253,SM
NSE,ARCHIDPLY,ARCHIDPLY,16795,EQ
NSE,ARCHIES,ARCHIES,5688,EQ
NSE,ARCIIL,ARCIIL,758673,ST
NSE,ARE&M,ARE&M,100,EQ
NSE,ARENTERP,ARENTERP,181,EQ
NSE,ARFIN,ARFIN,758700,EQ
NSE,ARHAM,ARHAM,13092,SM
NSE,ARIES,ARIES,15204,EQ
NSE,ARIHANT,ARIHANT,13885,EQ
NSE,ARIHANTACA,ARIHANTACA,13340,SM
NSE,ARIHANTCAP,ARIHANTCAP,3813,EQ
NSE,ARIHANTSUP,ARIHANTSUP,20159,EQ
NSE,ARIS,ARIS,757614,EQ
NSE,ARISTO,ARISTO,13931,ST
NSE,ARKADE,ARKADE,25398,EQ
NSE,ARMANFIN,ARMANFIN,17263,EQ
NSE,ARMOUR,ARMOUR,760752,ST
NSE,AROGRANITE,AROGRANITE,14557,EQ
NSE,ARROWGREEN,ARROWGREEN,9264,BE
NSE,ARSHIYA,ARSHIYA,29015,BZ
NSE,ARSSBL,ARSSBL,759956,EQ
NSE,ARTEMISMED,ARTEMISMED,16913,EQ
NSE,ARTNIRMAN,ARTNIRMAN,6156,EQ
NSE,ARUNAYA,ARUNAYA,756899,ST
NSE,ARVEE,ARVEE,2814,EQ
NSE,ARVIND,ARVIND,193,EQ
NSE,ARVINDFASN,ARVINDFASN,9111,EQ
NSE,ARVINDPORT,ARVINDPORT,19587,ST
NSE,ARVSMART,ARVSMART,10457,EQ
NSE,ASAHIINDIA,ASAHIINDIA,5378,EQ
NSE,ASAHISONG,ASAHISONG,25088,EQ
NSE,ASAL,ASAL,10634,EQ
NSE,ASALCBR,ASALCBR,17598,EQ
NSE,ASCOM,ASCOM,15030,ST
NSE,ASHALOG,ASHALOG,24711,SM
NSE,ASHAPURMIN,ASHAPURMIN,203,EQ
NSE,ASHIANA,ASHIANA,24403,EQ
NSE,ASHIKA,ASHIKA,762548,EQ
NSE,ASHIMASYN,ASHIMASYN,206,EQ
NSE,ASHOKA,ASHOKA,20182,EQ
NSE,ASHOKAMET,ASHOKAMET,16943,EQ
NSE,ASHOKLEY,ASHOKLEY,212,EQ
NSE,ASHWINI,ASHWINI,760418,SM
NSE,ASIANENE,ASIANENE,7030,EQ
NSE,ASIANHOTNR,ASIANHOTNR,18422,EQ
NSE,ASIANPAINT,ASIANPAINT,236,EQ
NSE,ASIANTILES,ASIANTILES,14889,EQ
NSE,ASKAUTOLTD,ASKAUTOLTD,20152,EQ
NSE,ASMS,ASMS,14069,BE
NSE,ASPINWALL,ASPINWALL,17270,EQ
NSE,ASPIRE,ASPIRE,23396,SM
NSE,ASTAR,ASTAR,762553,EQ
NSE,ASTEC,ASTEC,17728,EQ
NSE,ASTERDM,ASTERDM,1508,EQ
NSE,ASTRAL,ASTRAL,14418,EQ
NSE,ASTRAMICRO,ASTRAMICRO,11618,EQ
NSE,ASTRAZEN,ASTRAZEN,5610,EQ
NSE,ASTRON,ASTRON,880,BE
NSE,ATALREAL,ATALREAL,15649,EQ
NSE,ATAM,ATAM,15404,EQ
NSE,ATCENERGY,ATCENERGY,756405,ST
NSE,ATGL,ATGL,6066,EQ
NSE,ATHERENERG,ATHERENERG,757645,EQ
NSE,ATL,ATL,17778,EQ
NSE,ATLANTAA,ATLANTAA,13585,EQ
NSE,ATLANTAELE,ATLANTAELE,759007,EQ
NSE,ATLASCYCLE,ATLASCYCLE,4568,EQ
NSE,ATMASTCO,ATMASTCO,22788,ST
NSE,ATUL,ATUL,263,EQ
NSE,ATULAUTO,ATULAUTO,30023,EQ
NSE,AUBANK,AUBANK,21238,EQ
NSE,AURIONPRO,AURIONPRO,12022,EQ
NSE,AUROIMPEX,AUROIMPEX,15869,SM
NSE,AUROPHARMA,AUROPHARMA,275,EQ
NSE,AURUM,AURUM,10310,EQ
NSE,AURUS,AURUS,31468,EQ
NSE,AUSL,AUSL,25248,SM
NSE,AUSOMENT,AUSOMENT,9035,BE
NSE,AUTOAXLES,AUTOAXLES,278,EQ
NSE,AUTOBEES,AUTOBEES,7880,EQ
NSE,AUTOIETF,AUTOIETF,7844,EQ
NSE,AUTOIND,AUTOIND,14110,BE
NSE,AVADHSUGAR,AVADHSUGAR,21410,BE
NSE,AVALON,AVALON,15058,EQ
NSE,AVANA,AVANA,760736,ST
NSE,AVANTEL,AVANTEL,24610,EQ
NSE,AVANTIFEED,AVANTIFEED,7936,EQ
NSE,AVATAR,AVATAR,20503,ST
NSE,AVG,AVG,15638,BE
NSE,AVIANSH,AVIANSH,25520,SM
NSE,AVIENCE,AVIENCE,755092,SM
NSE,AVL,AVL,25984,EQ
NSE,AVONMORE,AVONMORE,13557,EQ
NSE,AVPINFRA,AVPINFRA,23159,SM
NSE,AVROIND,AVROIND,8827,EQ
NSE,AVSL,AVSL,18693,ST
NSE,AVTNPL,AVTNPL,14008,EQ
NSE,AWFIS,AWFIS,23864,EQ
NSE,AWHCL,AWHCL,1797,EQ
NSE,AWL,AWL,8110,EQ
NSE,AXISBANK,AXISBANK,5900,EQ
NSE,AXISCADES,AXISCADES,9436,EQ
NSE,AXITA,AXITA,9902,EQ
NSE,AYE,AYE,760981,EQ
NSE,AYMSYNTEX,AYMSYNTEX,10285,EQ
NSE,AZAD,AZAD,20905,EQ
NSE,BABAFP,BABAFP,20141,SM
NSE,BAFNAPH,BAFNAPH,17735,BE
NSE,BAGDIGITAL,BAGDIGITAL,759420,SM
NSE,BAGFILMS,BAGFILMS,11226,EQ
NSE,BAHETI,BAHETI,12989,SM
NSE,BAIDFIN,BAIDFIN,13794,EQ
NSE,BAJAJ,BAJAJ-AUTO,16669,EQ
NSE,BAJAJCON,BAJAJCON,19531,EQ
NSE,BAJAJELEC,BAJAJELEC,15034,EQ
NSE,BAJAJFINSV,BAJAJFINSV,16675,EQ
NSE,BAJAJHCARE,BAJAJHCARE,6863,EQ
NSE,BAJAJHFL,BAJAJHFL,25270,EQ
NSE,BAJAJHIND,BAJAJHIND,308,EQ
NSE,BAJAJHLDNG,BAJAJHLDNG,305,EQ
NSE,BAJAJINDEF,BAJAJINDEF,29678,EQ
NSE,BAJAJST,BAJAJST,762563,EQ
NSE,BAJEL,BAJEL,20531,EQ
NSE,BAJFINANCE,BAJFINANCE,317,EQ
NSE,BALAJEE,BALAJEE,25203,EQ
NSE,BALAJIPHOS,BALAJIPHOS,30030,SM
NSE,BALAJITELE,BALAJITELE,9158,EQ
NSE,BALAMINES,BALAMINES,14501,EQ
NSE,BALAXI,BALAXI,11314,BE
NSE,BALCO,BALCO,24882,ST
NSE,BALKRISHNA,BALKRISHNA,10181,EQ
NSE,BALKRISIND,BALKRISIND,335,EQ
NSE,BALMLAWRIE,BALMLAWRIE,338,EQ
NSE,BALPHARMA,BALPHARMA,13441,EQ
NSE,BALRAMCHIN,BALRAMCHIN,341,EQ
NSE,BALUFORGE,BALUFORGE,23607,EQ
NSE,BANARBEADS,BANARBEADS,347,EQ
NSE,BANARISUG,BANARISUG,350,EQ
NSE,BANCOINDIA,BANCOINDIA,13880,EQ
NSE,BANDHANBNK,BANDHANBNK,2263,EQ
NSE,BANG,BANG,15303,EQ
NSE,BANK10ADD,BANK10ADD,761364,EQ
NSE,BANKA,BANKA,828,BE
NSE,BANKADD,BANKADD,13644,EQ
NSE,BANKBARODA,BANKBARODA,4668,EQ
NSE,BANKBEES,BANKBEES,11439,EQ
NSE,BANKBETA,BANKBETA,22440,EQ
NSE,BANKBETF,BANKBETF,21986,EQ
NSE,BANKETF,BANKETF,17419,EQ
NSE,BANKIETF,BANKIETF,11037,EQ
NSE,BANKINDIA,BANKINDIA,4745,EQ
NSE,BANKNIFTY,BANKNIFTY,26009,EQ
NSE,BANKNIFTY1,BANKNIFTY1,5851,EQ
NSE,BANKPSU,BANKPSU,25725,EQ
NSE,BANSALWIRE,BANSALWIRE,24386,EQ
NSE,BANSWRAS,BANSWRAS,14511,EQ
NSE,BARFLEX,BARFLEX,29176,SM
NSE,BASF,BASF,368,EQ
NSE,BASILIC,BASILIC,18442,SM
NSE,BASML,BASML,12037,BE
NSE,BATAINDIA,BATAINDIA,371,EQ
NSE,BATLIBOI,BATLIBOI,762568,EQ
NSE,BAWEJA,BAWEJA,22574,ST
NSE,BAYERCROP,BAYERCROP,17927,EQ
NSE,BBETF0432,BBETF0432,7196,EQ
NSE,BBL,BBL,13761,EQ
NSE,BBNPNBETF,BBNPNBETF,24117,EQ
NSE,BBNPPGOLD,BBNPPGOLD,20547,EQ
NSE,BBOX,BBOX,3435,EQ
NSE,BBTC,BBTC,380,EQ
NSE,BBTCL,BBTCL,12153,EQ
NSE,BCG,BCG,8833,EQ
NSE,BCLIND,BCLIND,2513,EQ
NSE,BCONCEPTS,BCONCEPTS,7780,EQ
NSE,BCPL,BCPL,761494,EQ
NSE,BDL,BDL,2144,EQ
NSE,BEACON,BEACON,23925,ST
NSE,BEARDSELL,BEARDSELL,17933,EQ
NSE,BECTORFOOD,BECTORFOOD,1628,EQ
NSE,BEDMUTHA,BEDMUTHA,20196,EQ
NSE,BEEKAY,BEEKAY,762573,EQ
NSE,BEL,BEL,383,EQ
NSE,BELLACASA,BELLACASA,757938,EQ
NSE,BELRISE,BELRISE,757102,EQ
NSE,BEML,BEML,395,EQ
NSE,BENGALASM,BENGALASM,762578,EQ
NSE,BEPL,BEPL,419,EQ
NSE,BERGEPAINT,BERGEPAINT,404,EQ
NSE,BESTAGRO,BESTAGRO,2306,EQ
NSE,BETA,BETA,759842,EQ
NSE,BEWLTD,BEWLTD,5662,SM
NSE,BFINVEST,BFINVEST,21113,EQ
NSE,BFSI,BFSI,5220,EQ
NSE,BFUTILITIE,BFUTILITIE,14567,EQ
NSE,BGRENERGY,BGRENERGY,15193,BE
NSE,BHADORA,BHADORA,758228,ST
NSE,BHAGCHEM,BHAGCHEM,6164,EQ
NSE,BHAGERIA,BHAGERIA,13427,BE
NSE,BHAGYANGR,BHAGYANGR,20799,BE
NSE,BHANDARI,BHANDARI,19560,BE
NSE,BHARATCOAL,BHARATCOAL,760726,EQ
NSE,BHARATFORG,BHARATFORG,422,EQ
NSE,BHARATGEAR,BHARATGEAR,9397,BE
NSE,BHARATRAS,BHARATRAS,3834,EQ
NSE,BHARATSE,BHARATSE,30244,EQ
NSE,BHARATWIRE,BHARATWIRE,16123,EQ
NSE,BHARTIARTL,BHARTIARTL,10604,EQ
NSE,BHARTIHEXA,BHARTIHEXA,23489,EQ
NSE,BHEL,BHEL,438,EQ
NSE,BI,BI,762583,EQ
NSE,BIGBLOC,BIGBLOC,18431,EQ
NSE,BIKAJI,BIKAJI,11966,EQ
NSE,BIKEWO,BIKEWO,25527,ST
NSE,BIL,BIL,7848,EQ
NSE,BILVYAPAR,BILVYAPAR,13622,BE
NSE,BIMETAL,BIMETAL,762588,EQ
NSE,BIOCON,BIOCON,11373,EQ
NSE,BIOFILCHEM,BIOFILCHEM,4136,EQ
NSE,BIOPOL,BIOPOL,760942,SM
NSE,BIRDYS,BIRDYS,23562,ST
NSE,BIRLACABLE,BIRLACABLE,6815,BE
NSE,BIRLACORPN,BIRLACORPN,480,EQ
NSE,BIRLAMONEY,BIRLAMONEY,15239,EQ
NSE,BIRLANU,BIRLANU,1455,EQ
NSE,BIRLAPREC,BIRLAPREC,762593,EQ
NSE,BLACKBUCK,BLACKBUCK,27144,EQ
NSE,BLACKROSE,BLACKROSE,762601,BE
NSE,BLAL,BLAL,15067,EQ
NSE,BLBLIMITED,BLBLIMITED,8132,EQ
NSE,BLIL,BLIL,762603,EQ
NSE,BLISSGVS,BLISSGVS,19269,BE
NSE,BLKASHYAP,BLKASHYAP,13290,EQ
NSE,BLS,BLS,17279,EQ
NSE,BLSE,BLSE,22566,EQ
NSE,BLUECHIP,BLUECHIP,8650,BE
NSE,BLUECOAST,BLUECOAST,8552,BE
NSE,BLUEDART,BLUEDART,495,EQ
NSE,BLUEJET,BLUEJET,19686,EQ
NSE,BLUEPEBBLE,BLUEPEBBLE,23410,SM
NSE,BLUESTARCO,BLUESTARCO,8311,EQ
NSE,BLUESTONE,BLUESTONE,759291,EQ
NSE,BLUEWATER,BLUEWATER,758185,ST
NSE,BLUSPRING,BLUSPRING,757520,EQ
NSE,BMETRICS,BMETRICS,6052,SM
NSE,BMLL,BMLL,763598,SM
NSE,BMWVENTLTD,BMWVENTLTD,759256,EQ
NSE,BNAGROCHEM,BNAGROCHEM,762611,BE
NSE,BNALTD,BNALTD,762613,EQ
NSE,BNKETFAXIS,BNKETFAXIS,1044,EQ
NSE,BODALCHEM,BODALCHEM,25021,BE
NSE,BOHRAIND,BOHRAIND,11640,EQ
NSE,BOMDYEING,BOMDYEING,513,EQ
NSE,BONLON,BONLON,761056,EQ
NSE,BORANA,BORANA,757919,EQ
NSE,BOROLTD,BOROLTD,19401,EQ
NSE,BORORENEW,BORORENEW,3149,EQ
NSE,BOROSCI,BOROSCI,24014,EQ
NSE,BOSCH,BOSCH-HCIL,4491,EQ
NSE,BOSCHLTD,BOSCHLTD,2181,EQ
NSE,BOSS,BOSS,25119,SM
NSE,BPCL,BPCL,526,EQ
NSE,BPL,BPL,530,EQ
NSE,BRACEPORT,BRACEPORT,24905,SM
NSE,BRANDMAN,BRANDMAN,760975,ST
NSE,BRIGADE,BRIGADE,15184,EQ
NSE,BRIGHOTEL,BRIGHOTEL,757794,EQ
NSE,BRITANNIA,BRITANNIA,547,EQ
NSE,BRNL,BRNL,21683,EQ
NSE,BROOKS,BROOKS,25140,BE
NSE,BSE,BSE,19585,EQ
NSE,BSE500IETF,BSE500IETF,3001,EQ
NSE,BSHSL,BSHSL,812,BE
NSE,BSL,BSL,559,EQ
NSE,BSLGOLDETF,BSLGOLDETF,23804,EQ
NSE,BSLNIFTY,BSLNIFTY,24781,EQ
NSE,BSLSENETFG,BSLSENETFG,5957,EQ
NSE,BSOFT,BSOFT,6994,EQ
NSE,BTML,BTML,14150,EQ
NSE,BTTL,BTTL,762621,BE
NSE,BUILDPRO,BUILDPRO,760594,EQ
NSE,BULKCORP,BULKCORP,24701,SM
NSE,BUTTERFLY,BUTTERFLY,2716,EQ
NSE,BVCL,BVCL,15073,EQ
NSE,BYKE,BYKE,7930,BE
NSE,C2C,C2C,27274,SM
NSE,CADSYS,CADSYS,21824,ST
NSE,CALSOFT,CALSOFT,8400,BE
NSE,CAMLINFINE,CAMLINFINE,6216,EQ
NSE,CAMPUS,CAMPUS,9362,EQ
NSE,CAMS,CAMS,342,EQ
NSE,CANARYS,CANARYS,19368,SM
NSE,CANBK,CANBK,10794,EQ
NSE,CANFINHOME,CANFINHOME,583,EQ
NSE,CANHLIFE,CANHLIFE,759477,EQ
NSE,CANTABIL,CANTABIL,20160,EQ
NSE,CAPACITE,CAPACITE,21749,EQ
NSE,CAPILLARY,CAPILLARY,759867,EQ
NSE,CAPITALSFB,CAPITALSFB,22675,EQ
NSE,CAPLIPOINT,CAPLIPOINT,3906,EQ
NSE,CAPTRUST,CAPTRUST,19447,EQ
NSE,CARBORUNIV,CARBORUNIV,595,EQ
NSE,CARERATING,CARERATING,29113,EQ
NSE,CARRARO,CARRARO,28879,EQ
NSE,CARTRADE,CARTRADE,5407,EQ
NSE,CARYSIL,CARYSIL,1879,EQ
NSE,CASHIETF,CASHIETF,30139,EQ
NSE,CASTROLIND,CASTROLIND,1250,EQ
NSE,CBAZAAR,CBAZAAR,20409,ST
NSE,CCAVENUE,CCAVENUE,16249,EQ
NSE,CCCL,CCCL,14992,EQ
NSE,CCHHL,CCHHL,6385,EQ
NSE,CCL,CCL,11452,EQ
NSE,CDSL,CDSL,21174,EQ
NSE,CEATLTD,CEATLTD,15254,EQ
NSE,CEDAAR,CEDAAR,757690,ST
NSE,CEIGALL,CEIGALL,24742,EQ
NSE,CEINSYS,CEINSYS,761037,EQ
NSE,CELEBRITY,CELEBRITY,13162,EQ
NSE,CELLECOR,CELLECOR,18811,ST
NSE,CELLO,CELLO,19795,EQ
NSE,CELLPOINT,CELLPOINT,16950,SM
NSE,CEMPRO,CEMPRO,5622,EQ
NSE,CENTENKA,CENTENKA,619,EQ
NSE,CENTEXT,CENTEXT,11511,EQ
NSE,CENTRALBK,CENTRALBK,14894,EQ
NSE,CENTRUM,CENTRUM,2454,EQ
NSE,CENTUM,CENTUM,14982,EQ
NSE,CENTURYPLY,CENTURYPLY,13305,EQ
NSE,CERA,CERA,15039,EQ
NSE,CEREBRAINT,CEREBRAINT,29016,BZ
NSE,CESC,CESC,628,EQ
NSE,CEWATER,CEWATER,28764,EQ
NSE,CGCL,CGCL,20329,EQ
NSE,CGPOWER,CGPOWER,760,EQ
NSE,CGRAPHICS,CGRAPHICS,23468,SM
NSE,CHALET,CHALET,8546,EQ
NSE,CHAMBLFERT,CHAMBLFERT,637,EQ
NSE,CHAMUNDA,CHAMUNDA,29541,SM
NSE,CHANDAN,CHANDAN,29633,SM
NSE,CHAVDA,CHAVDA,18654,SM
NSE,CHEMBOND,CHEMBOND,14620,BE
NSE,CHEMBONDCH,CHEMBONDCH,757991,BE
NSE,CHEMCON,CHEMCON,276,BE
NSE,CHEMFAB,CHEMFAB,2815,BE
NSE,CHEMICAL,CHEMICAL,759885,EQ
NSE,CHEMPLASTS,CHEMPLASTS,5449,EQ
NSE,CHENNPETRO,CHENNPETRO,2049,EQ
NSE,CHETANA,CHETANA,24628,ST
NSE,CHEVIOT,CHEVIOT,9879,EQ
NSE,CHOICEGOLD,CHOICEGOLD,759610,EQ
NSE,CHOICEIN,CHOICEIN,8866,EQ
NSE,CHOLAFIN,CHOLAFIN,685,EQ
NSE,CHOLAHLDNG,CHOLAHLDNG,21740,EQ
NSE,CIEINDIA,CIEINDIA,14937,EQ
NSE,CIFL,CIFL,756015,EQ
NSE,CINELINE,CINELINE,27161,EQ
NSE,CINEVISTA,CINEVISTA,8024,EQ
NSE,CIPLA,CIPLA,694,EQ
NSE,CKKRETAIL,CKKRETAIL,760854,SM
NSE,CLASSICEIL,CLASSICEIL,758739,ST
NSE,CLAYCRAFT,CLAYCRAFT,754695,SM
NSE,CLEAN,CLEAN,5049,EQ
NSE,CLEANMAX,CLEANMAX,760183,EQ
NSE,CLEDUCATE,CLEDUCATE,20233,BE
NSE,CLSEL,CLSEL,3482,EQ
NSE,CLSL,CLSL,18260,SM
NSE,CMNL,CMNL,13731,SM
NSE,CMPDI,CMPDI,761581,EQ
NSE,CMRGREEN,CMRGREEN,30893,EQ
NSE,CMRSL,CMRSL,11447,SM
NSE,CMSINFO,CMSINFO,7603,EQ
NSE,CNL,CNL,11155,EQ
NSE,COALINDIA,COALINDIA,20374,EQ
NSE,COASTCORP,COASTCORP,6006,EQ
NSE,COCHINSHIP,COCHINSHIP,21508,EQ
NSE,COCKERILL,COCKERILL,762623,EQ
NSE,COFFEEDAY,COFFEEDAY,11169,BE
NSE,COFORGE,COFORGE,11543,EQ
NSE,COHANCE,COHANCE,17945,EQ
NSE,COLPAL,COLPAL,15141,EQ
NSE,COMFINTE,COMFINTE,762628,EQ
NSE,COMMITTED,COMMITTED,19516,ST
NSE,COMMOIETF,COMMOIETF,13198,EQ
NSE,COMPINFO,COMPINFO,19670,BZ
NSE,COMPUSOFT,COMPUSOFT,31138,EQ
NSE,COMSYN,COMSYN,21578,EQ
NSE,CONCOR,CONCOR,4749,EQ
NSE,CONCORDBIO,CONCORDBIO,18060,EQ
NSE,CONFIPET,CONFIPET,10238,EQ
NSE,CONNPLEX,CONNPLEX,758453,SM
NSE,CONS,CONS,10512,EQ
NSE,CONSOFINVT,CONSOFINVT,11731,EQ
NSE,CONSUMAXIS,CONSUMAXIS,5732,EQ
NSE,CONSUMBEES,CONSUMBEES,2435,EQ
NSE,CONSUMER,CONSUMER,28969,EQ
NSE,CONSUMIETF,CONSUMIETF,6446,EQ
NSE,CONTI,CONTI,2531,SM
NSE,CONTROLPR,CONTROLPR,17477,EQ
NSE,COOLCAPS,COOLCAPS,8567,ST
NSE,CORALFINAC,CORALFINAC,4007,EQ
NSE,CORDELIA,CORDELIA,762163,EQ
NSE,CORDSCABLE,CORDSCABLE,15275,BE
NSE,COROMANDEL,COROMANDEL,739,EQ
NSE,CORONA,CORONA,760254,EQ
NSE,COSMOFIRST,COSMOFIRST,742,EQ
NSE,COUNCODOS,COUNCODOS,16986,EQ
NSE,CPCAP,CPCAP,20090,BE
NSE,CPEDU,CPEDU,758941,EQ
NSE,CPPLUS,CPPLUS,758858,EQ
NSE,CPS,CPS,18372,SM
NSE,CPSEETF,CPSEETF,2328,EQ
NSE,CRAFTSMAN,CRAFTSMAN,2854,EQ
NSE,CRAMC,CRAMC,759311,EQ
NSE,CRAYONS,CRAYONS,16419,SM
NSE,CREATIVEYE,CREATIVEYE,9384,EQ
NSE,CREDITACC,CREDITACC,4421,EQ
NSE,CREST,CREST,13900,EQ
NSE,CRISIL,CRISIL,757,EQ
NSE,CRIZAC,CRIZAC,757850,EQ
NSE,CROMPTON,CROMPTON,17094,EQ
NSE,CROWN,CROWN,8083,EQ
NSE,CSBBANK,CSBBANK,14966,EQ
NSE,CSLFINANCE,CSLFINANCE,10350,EQ
NSE,CSM,CSM,763753,EQ
NSE,CSSL,CSSL,760143,SM
NSE,CTE,CTE,14218,EQ
NSE,CUB,CUB,5701,EQ
NSE,CUBEXTUB,CUBEXTUB,4064,EQ
NSE,CUDML,CUDML,758156,ST
NSE,CUMMINSIND,CUMMINSIND,1901,EQ
NSE,CUPID,CUPID,18520,EQ
NSE,CURAA,CURAA,30189,EQ
NSE,CURIS,CURIS,759825,SM
NSE,CURRENT,CURRENT,758964,SM
NSE,CYBERMEDIA,CYBERMEDIA,11845,BE
NSE,CYBERTECH,CYBERTECH,6054,BE
NSE,CYIENT,CYIENT,5748,EQ
NSE,CYIENTDLM,CYIENTDLM,17187,EQ
NSE,DABUR,DABUR,772,EQ
NSE,DAICHI,DAICHI,762636,BE
NSE,DALBHARAT,DALBHARAT,8075,EQ
NSE,DALMIASUG,DALMIASUG,781,EQ
NSE,DAMCAPITAL,DAMCAPITAL,28662,EQ
NSE,DAMODARIND,DAMODARIND,17569,BE
NSE,DANGEE,DANGEE,1110,EQ
NSE,DANISH,DANISH,25927,SM
NSE,DATAMATICS,DATAMATICS,11423,EQ
NSE,DATAPATTNS,DATAPATTNS,7358,EQ
NSE,DAVANGERE,DAVANGERE,21794,EQ
NSE,DBCORP,DBCORP,17881,EQ
NSE,DBEIL,DBEIL,25894,BE
NSE,DBL,DBL,18086,EQ
NSE,DBOL,DBOL,10895,BE
NSE,DBREALTY,DBREALTY,18128,BE
NSE,DBSTOCKBRO,DBSTOCKBRO,31111,BE
NSE,DCAL,DCAL,21704,EQ
NSE,DCBBANK,DCBBANK,13725,EQ
NSE,DCCL,DCCL,757107,SM
NSE,DCG,DCG,23520,SM
NSE,DCI,DCI,11566,EQ
NSE,DCM,DCM,7323,BE
NSE,DCMFINSERV,DCMFINSERV,8704,BE
NSE,DCMNVL,DCMNVL,11041,BE
NSE,DCMSHRIRAM,DCMSHRIRAM,811,EQ
NSE,DCMSIL,DCMSIL,760898,BE
NSE,DCMSRIND,DCMSRIND,7325,EQ
NSE,DCW,DCW,817,EQ
NSE,DCXINDIA,DCXINDIA,11895,EQ
NSE,DDEVPLSTIK,DDEVPLSTIK,29098,EQ
NSE,DECCANCE,DECCANCE,14838,EQ
NSE,DECCANTRAN,DECCANTRAN,25421,SM
NSE,DECNGOLD,DECNGOLD,762638,EQ
NSE,DEEDEV,DEEDEV,24156,BE
NSE,DEEM,DEEM,22802,ST
NSE,DEEPAKFERT,DEEPAKFERT,827,EQ
NSE,DEEPAKNTR,DEEPAKNTR,19943,EQ
NSE,DEEPINDS,DEEPINDS,3292,EQ
NSE,DEFENCE,DEFENCE,761046,EQ
NSE,DELAPLEX,DELAPLEX,22527,SM
NSE,DELHIVERY,DELHIVERY,9599,EQ
NSE,DELPHIFX,DELPHIFX,24395,BE
NSE,DELTACORP,DELTACORP,15044,EQ
NSE,DELTAMAGNT,DELTAMAGNT,1214,EQ
NSE,DELTIC,DELTIC,29095,ST
NSE,DEN,DEN,17722,EQ
NSE,DENEERS,DENEERS,15449,SM
NSE,DENORA,DENORA,4279,EQ
NSE,DENTA,DENTA,29256,EQ
NSE,DENTALKART,DENTALKART,16454,SM
NSE,DESTINY,DESTINY,6087,SM
NSE,DEVIT,DEVIT,8146,EQ
NSE,DEVX,DEVX,759079,EQ
NSE,DEVYANI,DEVYANI,5373,EQ
NSE,DGCONTENT,DGCONTENT,10346,EQ
NSE,DHAMPURSUG,DHAMPURSUG,857,EQ
NSE,DHANBANK,DHANBANK,11359,EQ
NSE,DHANLAXMI,DHANLAXMI,27723,SM
NSE,DHANSA,DHANSA,24418,ST
NSE,DHANUKA,DHANUKA,24409,EQ
NSE,DHARAN,DHARAN,759203,BZ
NSE,DHARARAIL,DHARARAIL,760492,ST
NSE,DHARIWAL,DHARIWAL,24747,SM
NSE,DHARMAJ,DHARMAJ,13001,EQ
NSE,DHRUV,DHRUV,6860,BE
NSE,DHTL,DHTL,22533,SM
NSE,DHUNINV,DHUNINV,22233,EQ
NSE,DIACABS,DIACABS,18543,EQ
NSE,DIAMINESQ,DIAMINESQ,18644,EQ
NSE,DIAMONDYD,DIAMONDYD,21840,EQ
NSE,DICIND,DICIND,703,EQ
NSE,DIFFNKG,DIFFNKG,25672,EQ
NSE,DIGIDRIVE,DIGIDRIVE,21247,EQ
NSE,DIGIKORE,DIGIKORE,19138,SM
NSE,DIGISPICE,DIGISPICE,16687,BE
NSE,DIGITIDE,DIGITIDE,757515,EQ
NSE,DIGJAMLMTD,DIGJAMLMTD,6127,EQ
NSE,DIRL,DIRL,18769,SM
NSE,DISAQ,DISAQ,762643,EQ
NSE,DISHTV,DISHTV,14540,BE
NSE,DIVGIITTS,DIVGIITTS,14479,EQ
NSE,DIVIDEND,DIVIDEND,760412,EQ
NSE,DIVINEHIRA,DIVINEHIRA,30262,ST
NSE,DIVISLAB,DIVISLAB,10940,EQ
NSE,DIVOPPBEES,DIVOPPBEES,2636,EQ
NSE,DIVYADHAN,DIVYADHAN,25680,ST
NSE,DIXON,DIXON,21690,EQ
NSE,DJML,DJML,12749,EQ
NSE,DKEGL,DKEGL,6249,SM
NSE,DLF,DLF,14732,EQ
NSE,DLINKINDIA,DLINKINDIA,17851,EQ
NSE,DMART,DMART,19913,EQ
NSE,DMCC,DMCC,6973,EQ
NSE,DNAMEDIA,DNAMEDIA,641,EQ
NSE,DODLA,DODLA,4822,EQ
NSE,DOLATALGO,DOLATALGO,12124,EQ
NSE,DOLLAR,DOLLAR,20560,EQ
NSE,DOLLEX,DOLLEX,13323,SM
NSE,DOLPHIN,DOLPHIN,18139,EQ
NSE,DOMS,DOMS,20551,EQ
NSE,DONEAR,DONEAR,13839,EQ
NSE,DPABHUSHAN,DPABHUSHAN,936,EQ
NSE,DPEL,DPEL,24286,SM
NSE,DPSCLTD,DPSCLTD,15423,BE
NSE,DPWIRES,DPWIRES,16902,BE
NSE,DRAGARWQ,DRAGARWQ,762648,EQ
NSE,DRCSYSTEMS,DRCSYSTEMS,2645,EQ
NSE,DREAMFOLKS,DREAMFOLKS,10859,EQ
NSE,DREDGECORP,DREDGECORP,11271,EQ
NSE,DRONE,DRONE,17383,ST
NSE,DRREDDY,DRREDDY,881,EQ
NSE,DRSCARGO,DRSCARGO,23485,SM
NSE,DRSDILIP,DRSDILIP,6686,SM
NSE,DSFCL,DSFCL,760893,BE
NSE,DSSL,DSSL,25690,EQ
NSE,DTIL,DTIL,6227,EQ
NSE,DTL,DTL,24313,SM
NSE,DUCOL,DUCOL,13766,SM
NSE,DUCON,DUCON,28952,EQ
NSE,DUGLOBAL,DUGLOBAL,5466,ST
NSE,DURLAX,DURLAX,24167,ST
NSE,DVL,DVL,15214,EQ
NSE,DWARKESH,DWARKESH,11667,EQ
NSE,DYCL,DYCL,10417,EQ
NSE,DYNAMATECH,DYNAMATECH,4525,EQ
NSE,DYNAMIC,DYNAMIC,6082,ST
NSE,DYNPRO,DYNPRO,21314,EQ
NSE,E2E,E2E,8937,EQ
NSE,E2ERAIL,E2ERAIL,760534,ST
NSE,EASEMYTRIP,EASEMYTRIP,2792,EQ
NSE,EASTSILK,EASTSILK,9769,BE
NSE,EBANKNIFTY,EBANKNIFTY,25258,EQ
NSE,EBBETF0430,EBBETF0430,16253,EQ
NSE,EBBETF0431,EBBETF0431,22239,EQ
NSE,EBBETF0433,EBBETF0433,13139,EQ
NSE,EBGNG,EBGNG,757862,EQ
NSE,ECAPINSURE,ECAPINSURE,29019,EQ
NSE,ECLERX,ECLERX,15179,EQ
NSE,ECOLINE,ECOLINE,759964,ST
NSE,ECOSMOBLTY,ECOSMOBLTY,25062,BE
NSE,EDELWEISS,EDELWEISS,15119,EQ
NSE,EEPL,EEPL,758346,SM
NSE,EFACTOR,EFACTOR,19267,SM
NSE,EFCIL,EFCIL,758675,EQ
NSE,EFFWA,EFFWA,24438,ST
NSE,EFORCE,EFORCE,20899,SM
NSE,EGOLD,EGOLD,19933,EQ
NSE,EICHERMOT,EICHERMOT,910,EQ
NSE,EIDPARRY,EIDPARRY,916,EQ
NSE,EIEL,EIEL,27213,EQ
NSE,EIFFL,EIFFL,6042,BE
NSE,EIHAHOTELS,EIHAHOTELS,15399,EQ
NSE,EIHOTEL,EIHOTEL,919,EQ
NSE,EIMCOELECO,EIMCOELECO,4040,EQ
NSE,EKC,EKC,13091,EQ
NSE,ELANTAS,ELANTAS,762653,EQ
NSE,ELCIDIN,ELCIDIN,762658,EQ
NSE,ELDEHSG,ELDEHSG,8953,EQ
NSE,ELECON,ELECON,13643,EQ
NSE,ELECTCAST,ELECTCAST,928,EQ
NSE,ELECTHERM,ELECTHERM,4469,EQ
NSE,ELGIEQUIP,ELGIEQUIP,937,EQ
NSE,ELGIRUBCO,ELGIRUBCO,24924,EQ
NSE,ELGNZ,ELGNZ,29595,SM
NSE,ELIN,ELIN,13423,EQ
NSE,ELIQUID,ELIQUID,759466,EQ
NSE,ELITECON,ELITECON,762663,EQ
NSE,ELLEN,ELLEN,758563,EQ
NSE,ELM250,ELM250,758952,EQ
NSE,ELPROINTL,ELPROINTL,4471,EQ
NSE,EMAMILTD,EMAMILTD,13517,EQ
NSE,EMAMIPAP,EMAMIPAP,10074,EQ
NSE,EMAMIREAL,EMAMIREAL,19281,BE
NSE,EMAPARTNER,EMAPARTNER,29229,SM
NSE,EMBDL,EMBDL,14450,EQ
NSE,EMCURE,EMCURE,24398,EQ
NSE,EMIL,EMIL,11530,EQ
NSE,EMKAY,EMKAY,13421,EQ
NSE,EMKAYTOOLS,EMKAYTOOLS,10253,SM
NSE,EMMBI,EMMBI,18146,BE
NSE,EMMIL,EMMIL,23745,SM
NSE,EMMVEE,EMMVEE,759728,EQ
NSE,EMPOWER,EMPOWER,762673,BE
NSE,EMSLIMITED,EMSLIMITED,18593,EQ
NSE,EMUDHRA,EMUDHRA,9756,EQ
NSE,EMULTIMQ,EMULTIMQ,25996,EQ
NSE,ENCOMPAS,ENCOMPAS,760321,SM
NSE,ENDURANCE,ENDURANCE,18822,EQ
NSE,ENERGY,ENERGY,759780,EQ
NSE,ENERGYDEV,ENERGYDEV,15049,EQ
NSE,ENEXT50,ENEXT50,763540,EQ
NSE,ENFUSE,ENFUSE,23224,SM
NSE,ENGINERSIN,ENGINERSIN,4907,EQ
NSE,ENIFTY,ENIFTY,759998,EQ
NSE,ENIL,ENIL,13192,EQ
NSE,ENRIN,ENRIN,756871,EQ
NSE,ENSER,ENSER,23233,ST
NSE,ENTERO,ENTERO,22717,EQ
NSE,ENVIRO,ENVIRO,25412,SM
NSE,EPACK,EPACK,22463,EQ
NSE,EPACKPEB,EPACKPEB,759251,EQ
NSE,EPIGRAL,EPIGRAL,5382,EQ
NSE,EPL,EPL,981,EQ
NSE,EPWINDIA,EPWINDIA,761217,ST
NSE,EQUAL200,EQUAL200,30121,EQ
NSE,EQUAL50,EQUAL50,757142,EQ
NSE,EQUAL50ADD,EQUAL50ADD,6606,EQ
NSE,EQUIPPP,EQUIPPP,3553,BE
NSE,EQUITASBNK,EQUITASBNK,913,EQ
NSE,ERIS,ERIS,21154,EQ
NSE,ESABINDIA,ESABINDIA,955,EQ
NSE,ESAFSFB,ESAFSFB,19878,EQ
NSE,ESCONET,ESCONET,22767,ST
NSE,ESCORTS,ESCORTS,958,EQ
NSE,ESENSEX,ESENSEX,759995,EQ
NSE,ESFL,ESFL,17087,ST
NSE,ESG,ESG,1200,EQ
NSE,ESILVER,ESILVER,20257,EQ
NSE,ESPRIT,ESPRIT,24678,SM
NSE,ESSARSHPNG,ESSARSHPNG,25634,EQ
NSE,ESSENTIA,ESSENTIA,30327,BE
NSE,ESTER,ESTER,24265,EQ
NSE,ETERNAL,ETERNAL,5097,EQ
NSE,ETHOSLTD,ETHOSLTD,9750,EQ
NSE,ETL,ETL,758591,SM
NSE,ETML,ETML,27629,SM
NSE,EUREKAFORB,EUREKAFORB,25162,EQ
NSE,EUROBOND,EUROBOND,757953,EQ
NSE,EUROPRATIK,EUROPRATIK,759797,EQ
NSE,EUROTEXIND,EUROTEXIND,8886,BE
NSE,EVEREADY,EVEREADY,11782,EQ
NSE,EVERESTIND,EVERESTIND,6017,BE
NSE,EVIETF,EVIETF,755881,EQ
NSE,EVINDIA,EVINDIA,24461,EQ
NSE,EXCELINDUS,EXCELINDUS,11471,EQ
NSE,EXCELLENT,EXCELLENT,25327,ST
NSE,EXCELSOFT,EXCELSOFT,760007,EQ
NSE,EXICOM,EXICOM,22947,EQ
NSE,EXIDEIND,EXIDEIND,676,EQ
NSE,EXIMROUTES,EXIMROUTES,760422,SM
NSE,EXPLEOSOL,EXPLEOSOL,17486,EQ
NSE,EXXARO,EXXARO,5352,EQ
NSE,FABTECH,FABTECH,760125,EQ
NSE,FACT,FACT,1008,EQ
NSE,FAIRCHEMOR,FAIRCHEMOR,1619,BE
NSE,FALCONTECH,FALCONTECH,24150,SM
NSE,FAZE3Q,FAZE3Q,12000,EQ
NSE,FCL,FCL,6198,EQ
NSE,FCSSOFT,FCSSOFT,12002,BE
NSE,FDC,FDC,4898,EQ
NSE,FEDDERSHOL,FEDDERSHOL,762675,EQ
NSE,FEDERALBNK,FEDERALBNK,1023,EQ
NSE,FEDFINA,FEDFINA,20322,EQ
NSE,FEL,FEL,13812,BZ
NSE,FELDVR,FELDVR,30491,BZ
NSE,FELIX,FELIX,573,SM
NSE,FERMENTA,FERMENTA,762680,EQ
NSE,FIBERWEB,FIBERWEB,8159,EQ
NSE,FIDEL,FIDEL,9858,SM
NSE,FIEMIND,FIEMIND,13710,EQ
NSE,FILATEX,FILATEX,24532,EQ
NSE,FILATFASH,FILATFASH,23651,BE
NSE,FINBUD,FINBUD,759776,SM
NSE,FINCABLES,FINCABLES,1038,EQ
NSE,FINEORG,FINEORG,3744,EQ
NSE,FINIETF,FINIETF,12578,EQ
NSE,FINKURVE,FINKURVE,759239,EQ
NSE,FINNIFTY,FINNIFTY,26037,EQ
NSE,FINOPB,FINOPB,6579,EQ
NSE,FINPIPE,FINPIPE,1041,EQ
NSE,FIRSTCRY,FIRSTCRY,24814,EQ
NSE,FISCHER,FISCHER,757658,EQ
NSE,FIVESTAR,FIVESTAR,12032,EQ
NSE,FLAIR,FLAIR,20372,EQ
NSE,FLEXIADD,FLEXIADD,759368,EQ
NSE,FLEXITUFF,FLEXITUFF,25516,BE
NSE,FLFL,FLFL,14868,BZ
NSE,FLUOROCHEM,FLUOROCHEM,13750,EQ
NSE,FLYSBS,FLYSBS,758208,SM
NSE,FMCGADD,FMCGADD,763530,EQ
NSE,FMCGIETF,FMCGIETF,5306,EQ
NSE,FMGOETZE,FMGOETZE,1190,EQ
NSE,FMNL,FMNL,21021,BE
NSE,FOCE,FOCE,7385,SM
NSE,FOCUS,FOCUS,6839,BE
NSE,FONEBOX,FONEBOX,22517,SM
NSE,FOODSIN,FOODSIN,6673,EQ
NSE,FORCAS,FORCAS,24914,SM
NSE,FORCEMOT,FORCEMOT,11573,EQ
NSE,FORGEAUTO,FORGEAUTO,25664,SM
NSE,FORTIS,FORTIS,14592,EQ
NSE,FOSECOIND,FOSECOIND,1073,EQ
NSE,FRACTAL,FRACTAL,760961,EQ
NSE,FRESHARA,FRESHARA,25868,SM
NSE,FROG,FROG,11504,ST
NSE,FRONTSP,FRONTSP,762685,EQ
NSE,FSL,FSL,14304,EQ
NSE,FUSION,FUSION,11932,EQ
NSE,FWSTC,FWSTC,760331,SM
NSE,G1NSETEST,G1NSETEST,12842,EQ
NSE,GABRIEL,GABRIEL,1085,EQ
NSE,GAEL,GAEL,8828,EQ
NSE,GAIL,GAIL,4717,EQ
NSE,GAJANAND,GAJANAND,25244,SM
NSE,GALAPREC,GALAPREC,25134,EQ
NSE,GALAXYSURF,GALAXYSURF,1315,EQ
NSE,GALLANTT,GALLANTT,13337,EQ
NSE,GANDHAR,GANDHAR,20303,EQ
NSE,GANDHITUBE,GANDHITUBE,14116,EQ
NSE,GANECOS,GANECOS,6944,EQ
NSE,GANESHBE,GANESHBE,5614,EQ
NSE,GANESHCP,GANESHCP,759012,EQ
NSE,GANESHHOU,GANESHHOU,14339,EQ
NSE,GANESHIN,GANESHIN,27351,ST
NSE,GANGABATH,GANGABATH,757525,SM
NSE,GANGAFORGE,GANGAFORGE,4959,BE
NSE,GANGESSECU,GANGESSECU,21399,EQ
NSE,GARFIBRES,GARFIBRES,1100,EQ
NSE,GARUDA,GARUDA,25800,EQ
NSE,GATECH,GATECH,17888,EQ
NSE,GATECHDVR,GATECHDVR,17,EQ
NSE,GATEWAY,GATEWAY,8510,EQ
NSE,GAUDIUMIVF,GAUDIUMIVF,760179,BE
NSE,GAYAHWS,GAYAHWS,3693,EQ
NSE,GAYAPROJ,GAYAPROJ,25027,BE
NSE,GCHOTELS,GCHOTELS,30289,ST
NSE,GCSL,GCSL,758986,EQ
NSE,GEECEE,GEECEE,13662,BE
NSE,GEEKAYWIRE,GEEKAYWIRE,17922,EQ
NSE,GEMAROMA,GEMAROMA,759461,EQ
NSE,GENCON,GENCON,2188,EQ
NSE,GENESYS,GENESYS,10905,EQ
NSE,GENUSPAPER,GENUSPAPER,6600,EQ
NSE,GENUSPOWER,GENUSPOWER,11905,EQ
NSE,GENXAI,GENXAI,31942,SM
NSE,GEOJITFSL,GEOJITFSL,11896,EQ
NSE,GESHIP,GESHIP,13776,EQ
NSE,GFLLIMITED,GFLLIMITED,1289,EQ
NSE,GGBL,GGBL,24439,SM
NSE,GHCL,GHCL,1127,EQ
NSE,GHCLTEXTIL,GHCLTEXTIL,16696,EQ
NSE,GICHSGFIN,GICHSGFIN,1139,EQ
NSE,GICL,GICL,761025,EQ
NSE,GICRE,GICRE,277,EQ
NSE,GILLANDERS,GILLANDERS,17839,EQ
NSE,GILLETTE,GILLETTE,1576,EQ
NSE,GILT10BETA,GILT10BETA,22524,EQ
NSE,GILT5BETA,GILT5BETA,22521,EQ
NSE,GILT5YBEES,GILT5YBEES,3172,EQ
NSE,GINNIFILA,GINNIFILA,9294,BE
NSE,GIPCL,GIPCL,1145,EQ
NSE,GIRIRAJ,GIRIRAJ,2365,SM
NSE,GJL,GJL,760971,ST
NSE,GKENERGY,GKENERGY,759048,EQ
NSE,GKSL,GKSL,761197,EQ
NSE,GKWLIMITED,GKWLIMITED,17357,EQ
NSE,GLAND,GLAND,1186,EQ
NSE,GLAXO,GLAXO,1153,EQ
NSE,GLENMARK,GLENMARK,7406,EQ
NSE,GLFL,GLFL,8412,BE
NSE,GLOBAL,GLOBAL,1415,EQ
NSE,GLOBALE,GLOBALE,24934,BE
NSE,GLOBALPET,GLOBALPET,17170,ST
NSE,GLOBALVECT,GLOBALVECT,13735,EQ
NSE,GLOBE,GLOBE,393,EQ
NSE,GLOBECIVIL,GLOBECIVIL,758573,BE
NSE,GLOBUSSPR,GLOBUSSPR,17424,EQ
NSE,GLOSTERLTD,GLOSTERLTD,23590,EQ
NSE,GLOTTIS,GLOTTIS,760118,BE
NSE,GMBREW,GMBREW,1168,EQ
NSE,GMDCLTD,GMDCLTD,5204,EQ
NSE,GML,GML,759089,SM
NSE,GMMPFAUDLR,GMMPFAUDLR,1570,EQ
NSE,GMRAIRPORT,GMRAIRPORT,13528,EQ
NSE,GMRP&UI,GMRP&UI,8529,EQ
NSE,GNA,GNA,18571,EQ
NSE,GNFC,GNFC,1174,EQ
NSE,GNRL,GNRL,762690,EQ
NSE,GOACARBON,GOACARBON,14687,EQ
NSE,GOCLCORP,GOCLCORP,3963,EQ
NSE,GOCOLORS,GOCOLORS,6964,EQ
NSE,GODAVARIB,GODAVARIB,25941,EQ
NSE,GODFRYPHLP,GODFRYPHLP,1181,EQ
NSE,GODIGIT,GODIGIT,23799,EQ
NSE,GODREJAGRO,GODREJAGRO,144,EQ
NSE,GODREJCP,GODREJCP,10099,EQ
NSE,GODREJIND,GODREJIND,10925,EQ
NSE,GODREJPROP,GODREJPROP,17875,EQ
NSE,GOKEX,GOKEX,11778,EQ
NSE,GOKUL,GOKUL,16705,EQ
NSE,GOKULAGRO,GOKULAGRO,14480,EQ
NSE,GOLD1,GOLD1,14858,EQ
NSE,GOLD360,GOLD360,30105,EQ
NSE,GOLDADD,GOLDADD,15356,EQ
NSE,GOLDAXIS,GOLDAXIS,20532,EQ
NSE,GOLDBEES,GOLDBEES,14428,EQ
NSE,GOLDBETA,GOLDBETA,14535,EQ
NSE,GOLDBND,GOLDBND,760325,EQ
NSE,GOLDCASE,GOLDCASE,22901,EQ
NSE,GOLDENTOBC,GOLDENTOBC,11619,BZ
NSE,GOLDETF,GOLDETF,14286,EQ
NSE,GOLDIAM,GOLDIAM,11971,EQ
NSE,GOLDIETF,GOLDIETF,19679,EQ
NSE,GOLDKART,GOLDKART,13616,SM
NSE,GOLDSTAR,GOLDSTAR,1,SM
NSE,GOLDTECH,GOLDTECH,9878,BE
NSE,GOODLUCK,GOODLUCK,6125,EQ
NSE,GOODYEAR,GOODYEAR,1205,EQ
NSE,GOPAL,GOPAL,23066,EQ
NSE,GOYALALUM,GOYALALUM,11787,EQ
NSE,GOYALSALT,GOYALSALT,19356,SM
NSE,GPECO,GPECO,24113,ST
NSE,GPIL,GPIL,13409,EQ
NSE,GPPL,GPPL,19731,EQ
NSE,GPTHEALTH,GPTHEALTH,22846,EQ
NSE,GPTINFRA,GPTINFRA,17685,EQ
NSE,GRADIENTE,GRADIENTE,763301,BE
NSE,GRANDOAK,GRANDOAK,762695,EQ
NSE,GRANULES,GRANULES,11872,EQ
NSE,GRAPHISAD,GRAPHISAD,20454,SM
NSE,GRAPHITE,GRAPHITE,592,EQ
NSE,GRASIM,GRASIM,1232,EQ
NSE,GRAUWEIL,GRAUWEIL,5200,EQ
NSE,GRAVISSHO,GRAVISSHO,762700,EQ
NSE,GRAVITA,GRAVITA,20534,EQ
NSE,GRCL,GRCL,14055,ST
NSE,GREAVESCOT,GREAVESCOT,1235,EQ
NSE,GREENCHEF,GREENCHEF,17092,SM
NSE,GREENLAM,GREENLAM,6848,EQ
NSE,GREENLEAF,GREENLEAF,759427,ST
NSE,GREENPANEL,GREENPANEL,13810,EQ
NSE,GREENPLY,GREENPLY,3987,EQ
NSE,GREENPOWER,GREENPOWER,20110,EQ
NSE,GRETEX,GRETEX,18741,SM
NSE,GRINDWELL,GRINDWELL,13560,EQ
NSE,GRINFRA,GRINFRA,5054,EQ
NSE,GRMOVER,GRMOVER,10871,EQ
NSE,GROBTEA,GROBTEA,17770,EQ
NSE,GROWW,GROWW,759806,EQ
NSE,GROWWCAPM,GROWWCAPM,760051,EQ
NSE,GROWWCHEM,GROWWCHEM,760673,EQ
NSE,GROWWDEFNC,GROWWDEFNC,25758,EQ
NSE,GROWWEV,GROWWEV,24798,EQ
NSE,GROWWGOLD,GROWWGOLD,25872,EQ
NSE,GROWWHOSPI,GROWWHOSPI,760874,EQ
NSE,GROWWLIQID,GROWWLIQID,25447,EQ
NSE,GROWWLOVOL,GROWWLOVOL,758300,EQ
NSE,GROWWMC150,GROWWMC150,759719,EQ
NSE,GROWWMETAL,GROWWMETAL,760438,EQ
NSE,GROWWMOM50,GROWWMOM50,756086,EQ
NSE,GROWWN200,GROWWN200,29872,EQ
NSE,GROWWNET,GROWWNET,757814,EQ
NSE,GROWWNIFTY,GROWWNIFTY,758697,EQ
NSE,GROWWNXT50,GROWWNXT50,759458,EQ
NSE,GROWWPOWER,GROWWPOWER,758165,EQ
NSE,GROWWPSE,GROWWPSE,760976,EQ
NSE,GROWWPSUBK,GROWWPSUBK,761514,EQ
NSE,GROWWRAIL,GROWWRAIL,29527,EQ
NSE,GROWWRLTY,GROWWRLTY,759428,EQ
NSE,GROWWSC250,GROWWSC250,759522,EQ
NSE,GROWWSLVR,GROWWSLVR,756827,EQ
NSE,GRPLTD,GRPLTD,6543,EQ
NSE,GRSE,GRSE,5475,EQ
NSE,GRWRHITECH,GRWRHITECH,7982,EQ
NSE,GSEC10ABSL,GSEC10ABSL,24847,EQ
NSE,GSEC10IETF,GSEC10IETF,13143,EQ
NSE,GSEC10YEAR,GSEC10YEAR,14938,EQ
NSE,GSEC5IETF,GSEC5IETF,8342,EQ
NSE,GSFC,GSFC,1247,EQ
NSE,GSLSU,GSLSU,14599,EQ
NSE,GSMFOILS,GSMFOILS,23888,SM
NSE,GSPCROP,GSPCROP,762239,EQ
NSE,GSS,GSS,15351,BE
NSE,GSTL,GSTL,9768,ST
NSE,GTECJAINX,GTECJAINX,1135,BE
NSE,GTL,GTL,1162,EQ
NSE,GTLINFRA,GTLINFRA,13745,EQ
NSE,GTPL,GTPL,21195,EQ
NSE,GUFICBIO,GUFICBIO,11606,EQ
NSE,GUJALKALI,GUJALKALI,1267,EQ
NSE,GUJAPOLLO,GUJAPOLLO,14677,EQ
NSE,GUJENERGY,GUJENERGY,10599,EQ
NSE,GUJRAFFIA,GUJRAFFIA,4548,EQ
NSE,GUJTHEM,GUJTHEM,29731,EQ
NSE,GULFOILLUB,GULFOILLUB,4391,EQ
NSE,GULFPETRO,GULFPETRO,11584,BE
NSE,GULPOLY,GULPOLY,6286,EQ
NSE,GURUNANAK,GURUNANAK,759264,ST
NSE,GVKPIL,GVKPIL,13229,BE
NSE,GVPIL,GVPIL,7862,EQ
NSE,GVPTECH,GVPTECH,10865,EQ
NSE,GVT&D,GVT&D,16783,EQ
NSE,GYFTR,GYFTR,764050,EQ
NSE,HAL,HAL,2303,EQ
NSE,HALDER,HALDER,760715,EQ
NSE,HALDYNGL,HALDYNGL,762708,BE
NSE,HALEOSLABS,HALEOSLABS,21551,EQ
NSE,HAPPSTMNDS,HAPPSTMNDS,48,EQ
NSE,HAPPY,HAPPY,764134,ST
NSE,HAPPYFORGE,HAPPYFORGE,20854,EQ
NSE,HARDWYN,HARDWYN,8962,EQ
NSE,HARIOMPIPE,HARIOMPIPE,8968,EQ
NSE,HARRMALAYA,HARRMALAYA,1313,EQ
NSE,HARSHA,HARSHA,11162,EQ
NSE,HATHWAY,HATHWAY,18154,EQ
NSE,HATSUN,HATSUN,3892,EQ
NSE,HAVELLS,HAVELLS,9819,EQ
NSE,HAVISHA,HAVISHA,7457,EQ
NSE,HAWKINCOOK,HAWKINCOOK,4444,EQ
NSE,HBESD,HBESD,762712,EQ
NSE,HBLENGINE,HBLENGINE,13966,EQ
NSE,HBSL,HBSL,4118,BE
NSE,HCC,HCC,1375,EQ
NSE,HCG,HCG,15555,EQ
NSE,HCL,HCL-INSYS,1327,EQ
NSE,HCLTECH,HCLTECH,7229,EQ
NSE,HDBFS,HDBFS,757772,EQ
NSE,HDFCAMC,HDFCAMC,4244,EQ
NSE,HDFCBANK,HDFCBANK,1333,EQ
NSE,HDFCBSE500,HDFCBSE500,14230,EQ
NSE,HDFCGOLD,HDFCGOLD,19543,EQ
NSE,HDFCGROWTH,HDFCGROWTH,11241,EQ
NSE,HDFCLIFE,HDFCLIFE,467,EQ
NSE,HDFCLIQUID,HDFCLIQUID,18279,EQ
NSE,HDFCLOWVOL,HDFCLOWVOL,11547,EQ
NSE,HDFCMID150,HDFCMID150,14236,EQ
NSE,HDFCMOMENT,HDFCMOMENT,11538,EQ
NSE,HDFCNEXT50,HDFCNEXT50,10619,EQ
NSE,HDFCNIF100,HDFCNIF100,10633,EQ
NSE,HDFCNIFBAN,HDFCNIFBAN,22433,EQ
NSE,HDFCNIFIT,HDFCNIFIT,12101,EQ
NSE,HDFCNIFTY,HDFCNIFTY,11591,EQ
NSE,HDFCPSUBK,HDFCPSUBK,22595,EQ
NSE,HDFCPVTBAN,HDFCPVTBAN,12108,EQ
NSE,HDFCQUAL,HDFCQUAL,11255,EQ
NSE,HDFCSENSEX,HDFCSENSEX,11593,EQ
NSE,HDFCSILVER,HDFCSILVER,10876,EQ
NSE,HDFCSML250,HDFCSML250,14233,EQ
NSE,HDFCVALUE,HDFCVALUE,11260,EQ
NSE,HDIL,HDIL,17920,BZ
NSE,HEADSUP,HEADSUP,19205,EQ
NSE,HEALTHADD,HEALTHADD,22592,EQ
NSE,HEALTHAXIS,HEALTHAXIS,3608,EQ
NSE,HEALTHCARE,HEALTHCARE,760986,EQ
NSE,HEALTHIETF,HEALTHIETF,3626,EQ
NSE,HEALTHX,HEALTHX,20063,EQ
NSE,HEALTHY,HEALTHY,6297,EQ
NSE,HECPROJECT,HECPROJECT,7425,EQ
NSE,HEG,HEG,1336,EQ
NSE,HEIDELBERG,HEIDELBERG,2316,EQ
NSE,HEMIPROP,HEMIPROP,701,EQ
NSE,HERANBA,HERANBA,2614,EQ
NSE,HERITGFOOD,HERITGFOOD,4598,EQ
NSE,HEROMOTOCO,HEROMOTOCO,1348,EQ
NSE,HESTERBIO,HESTERBIO,7048,EQ
NSE,HEXAGON,HEXAGON,750116,BE
NSE,HEXATRADEX,HEXATRADEX,27008,EQ
NSE,HEXT,HEXT,29666,EQ
NSE,HFCL,HFCL,21951,EQ
NSE,HGINFRA,HGINFRA,1672,EQ
NSE,HGM,HGM,13592,EQ
NSE,HGS,HGS,14712,EQ
NSE,HIGREEN,HIGREEN,18794,SM
NSE,HIKAL,HIKAL,9668,EQ
NSE,HILINFRA,HILINFRA,759104,BE
NSE,HILTON,HILTON,14631,BE
NSE,HIMATSEIDE,HIMATSEIDE,1360,EQ
NSE,HINDALCO,HINDALCO,1363,EQ
NSE,HINDCOMPOS,HINDCOMPOS,1372,EQ
NSE,HINDCON,HINDCON,4924,BE
NSE,HINDCOPPER,HINDCOPPER,17939,EQ
NSE,HINDOILEXP,HINDOILEXP,1403,EQ
NSE,HINDPETRO,HINDPETRO,1406,EQ
NSE,HINDUNILVR,HINDUNILVR,1394,EQ
NSE,HINDWAREAP,HINDWAREAP,15883,EQ
NSE,HINDZINC,HINDZINC,1424,EQ
NSE,HIRECT,HIRECT,13890,EQ
NSE,HISARMETAL,HISARMETAL,19322,EQ
NSE,HITECH,HITECH,2868,EQ
NSE,HITECHCORP,HITECHCORP,15165,BE
NSE,HITECHGEAR,HITECHGEAR,8568,BE
NSE,HLEGLAS,HLEGLAS,2289,EQ
NSE,HLVLTD,HLVLTD,1448,EQ
NSE,HMAAGRO,HMAAGRO,17053,EQ
NSE,HMT,HMT,19698,BZ
NSE,HMVL,HMVL,19211,EQ
NSE,HNDFDS,HNDFDS,12173,EQ
NSE,HNGSNGBEES,HNGSNGBEES,18284,EQ
NSE,HOACFOODS,HOACFOODS,23826,ST
NSE,HOLMARC,HOLMARC,18649,SM
NSE,HOMEFIRST,HOMEFIRST,2056,EQ
NSE,HOMESFY,HOMESFY,13526,SM
NSE,HONASA,HONASA,19813,EQ
NSE,HONAUT,HONAUT,3417,EQ
NSE,HONDAPOWER,HONDAPOWER,3138,EQ
NSE,HPAL,HPAL,7376,EQ
NSE,HPIL,HPIL,11796,EQ
NSE,HPL,HPL,18679,EQ
NSE,HPTL,HPTL,29875,SM
NSE,HRHNEXT,HRHNEXT,21107,SM
NSE,HSBCGOLD,HSBCGOLD,761506,EQ
NSE,HSCL,HSCL,14334,EQ
NSE,HTMEDIA,HTMEDIA,11979,EQ
NSE,HUBTOWN,HUBTOWN,14203,EQ
NSE,HUDCO,HUDCO,20825,EQ
NSE,HUHTAMAKI,HUHTAMAKI,2562,EQ
NSE,HVAX,HVAX,25708,SM
NSE,HYBRIDFIN,HYBRIDFIN,12814,BE
NSE,HYUNDAI,HYUNDAI,25844,EQ
NSE,IBLFL,IBLFL,21348,SM
NSE,IBULLSLTD,IBULLSLTD,25003,BE
NSE,ICDSLTD,ICDSLTD,6977,EQ
NSE,ICELCO,ICELCO,764067,ST
NSE,ICEMAKE,ICEMAKE,489,EQ
NSE,ICICIAMC,ICICIAMC,760407,EQ
NSE,ICICIB22,ICICIB22,522,EQ
NSE,ICICIBANK,ICICIBANK,4963,EQ
NSE,ICICIGI,ICICIGI,21770,EQ
NSE,ICICIPRULI,ICICIPRULI,18652,EQ
NSE,ICIL,ICIL,11987,EQ
NSE,ICRA,ICRA,14523,EQ
NSE,IDBI,IDBI,1476,EQ
NSE,IDEA,IDEA,14366,EQ
NSE,IDEAFORGE,IDEAFORGE,17142,BE
NSE,IDEALTECHO,IDEALTECHO,24950,SM
NSE,IDENTICAL,IDENTICAL,28574,SM
NSE,IDFCFIRSTB,IDFCFIRSTB,11184,EQ
NSE,IDFNIFTYET,IDFNIFTYET,18783,EQ
NSE,IEML,IEML,23789,SM
NSE,IEX,IEX,220,EQ
NSE,IFBAGRO,IFBAGRO,9300,BE
NSE,IFBIND,IFBIND,1485,EQ
NSE,IFCI,IFCI,1491,EQ
NSE,IFGLEXPOR,IFGLEXPOR,436,EQ
NSE,IGARASHI,IGARASHI,634,EQ
NSE,IGCL,IGCL,757801,EQ
NSE,IGIL,IGIL,28378,EQ
NSE,IGL,IGL,11262,EQ
NSE,IGPL,IGPL,14086,EQ
NSE,IIFL,IIFL,11809,EQ
NSE,IIFLCAPS,IIFLCAPS,13072,EQ
NSE,IITL,IITL,19525,EQ
NSE,IKIO,IKIO,16822,EQ
NSE,IKS,IKS,28125,EQ
NSE,IL&FSENGG,IL&FSENGG,9380,BZ
NSE,IL&FSTRANS,IL&FSTRANS,9381,BZ
NSE,IMAGICAA,IMAGICAA,7672,EQ
NSE,IMFA,IMFA,19235,EQ
NSE,IMPAL,IMPAL,12009,EQ
NSE,INA,INA,761099,EQ
NSE,INCREDIBLE,INCREDIBLE,17507,EQ
NSE,INDBANK,INDBANK,16933,EQ
NSE,INDGN,INDGN,23693,EQ
NSE,INDHOTEL,INDHOTEL,1512,EQ
NSE,INDIACEM,INDIACEM,1515,EQ
NSE,INDIAGLYCO,INDIAGLYCO,1521,EQ
NSE,INDIAMART,INDIAMART,10726,EQ
NSE,INDIANB,INDIANB,14309,EQ
NSE,INDIANCARD,INDIANCARD,4422,EQ
NSE,INDIANHUME,INDIANHUME,1530,EQ
NSE,INDIASHLTR,INDIASHLTR,20556,EQ
NSE,INDIFRA,INDIFRA,21058,SM
NSE,INDIGO,INDIGO,11195,EQ
NSE,INDIGOPNTS,INDIGOPNTS,2048,EQ
NSE,INDIQUBE,INDIQUBE,757845,EQ
NSE,INDNIPPON,INDNIPPON,4747,EQ
NSE,INDOAMIN,INDOAMIN,9120,BE
NSE,INDOBORAX,INDOBORAX,8614,EQ
NSE,INDOCO,INDOCO,11677,EQ
NSE,INDOFARM,INDOFARM,29025,EQ
NSE,INDORAMA,INDORAMA,10993,EQ
NSE,INDOSTAR,INDOSTAR,3088,EQ
NSE,INDOTECH,INDOTECH,13278,BE
NSE,INDOTHAI,INDOTHAI,25608,EQ
NSE,INDOUS,INDOUS,25503,EQ
NSE,INDOWIND,INDOWIND,14956,BE
NSE,INDPRUD,INDPRUD,762717,EQ
NSE,INDRAMEDCO,INDRAMEDCO,4751,EQ
NSE,INDSWFTLAB,INDSWFTLAB,4870,EQ
NSE,INDTERRAIN,INDTERRAIN,21957,EQ
NSE,INDUSINDBK,INDUSINDBK,5258,EQ
NSE,INDUSTOWER,INDUSTOWER,29135,EQ
NSE,INFINIUM,INFINIUM,15036,SM
NSE,INFLUX,INFLUX,757602,SM
NSE,INFOBEAN,INFOBEAN,11027,EQ
NSE,INFOLLION,INFOLLION,16588,SM
NSE,INFOMEDIA,INFOMEDIA,13693,EQ
NSE,INFRA,INFRA,761030,EQ
NSE,INFRABEES,INFRABEES,20072,EQ
NSE,INFRAIETF,INFRAIETF,10723,EQ
NSE,INFY,INFY,1594,EQ
NSE,INGERRAND,INGERRAND,1597,EQ
NSE,INM,INM,22770,SM
NSE,INNOMET,INNOMET,25323,ST
NSE,INNOVACAP,INNOVACAP,21062,EQ
NSE,INNOVANA,INNOVANA,27754,EQ
NSE,INNOVISION,INNOVISION,761528,EQ
NSE,INOXGREEN,INOXGREEN,12188,EQ
NSE,INOXINDIA,INOXINDIA,20607,EQ
NSE,INOXWIND,INOXWIND,7852,EQ
NSE,INSECTICID,INSECTICID,14657,EQ
NSE,INSPIRE,INSPIRE,19157,ST
NSE,INSPIRISYS,INSPIRISYS,13734,BE
NSE,INTEGRITY,INTEGRITY,757905,ST
NSE,INTELLECT,INTELLECT,5926,EQ
NSE,INTENTECH,INTENTECH,20071,EQ
NSE,INTERARCH,INTERARCH,24909,EQ
NSE,INTERNET,INTERNET,758595,EQ
NSE,INTLCONV,INTLCONV,5606,EQ
NSE,INVENTURE,INVENTURE,24870,EQ
NSE,INVICTA,INVICTA,760142,ST
NSE,INVPRECQ,INVPRECQ,762722,EQ
NSE,IOB,IOB,9348,EQ
NSE,IOC,IOC,1624,EQ
NSE,IOLCP,IOLCP,20413,EQ
NSE,IONEXCHANG,IONEXCHANG,1630,EQ
NSE,IPCALAB,IPCALAB,1633,EQ
NSE,IPHL,IPHL,25033,SM
NSE,IPL,IPL,4934,EQ
NSE,IPSL,IPSL,11903,SM
NSE,IRB,IRB,15313,EQ
NSE,IRCON,IRCON,4986,EQ
NSE,IRCTC,IRCTC,13611,EQ
NSE,IREDA,IREDA,20261,EQ
NSE,IRFC,IRFC,2029,EQ
NSE,IRIS,IRIS,6489,EQ
NSE,IRISDOREME,IRISDOREME,2275,EQ
NSE,IRMENERGY,IRMENERGY,19597,EQ
NSE,ISFT,ISFT,18479,EQ
NSE,ISGEC,ISGEC,3329,EQ
NSE,ISHAN,ISHAN,10995,SM
NSE,ISHANCH,ISHANCH,30249,EQ
NSE,IT,IT,2627,EQ
NSE,ITADD,ITADD,17207,EQ
NSE,ITALIANE,ITALIANE,22645,SM
NSE,ITAXIS,ITAXIS,3010,EQ
NSE,ITBEES,ITBEES,19084,EQ
NSE,ITBETA,ITBETA,22488,EQ
NSE,ITC,ITC,1660,EQ
NSE,ITCHOTELS,ITCHOTELS,29251,EQ
NSE,ITDC,ITDC,19299,EQ
NSE,ITETF,ITETF,19633,EQ
NSE,ITI,ITI,1675,EQ
NSE,ITIETF,ITIETF,22365,EQ
NSE,ITTL,ITTL,27266,ST
NSE,IVALUE,IVALUE,759041,EQ
NSE,IVC,IVC,6711,EQ
NSE,IVP,IVP,8857,BE
NSE,IVZINGOLD,IVZINGOLD,18292,EQ
NSE,IVZINNIFTY,IVZINNIFTY,24217,EQ
NSE,IWARE,IWARE,757644,ST
NSE,IWP,IWP,762727,EQ
NSE,IXIGO,IXIGO,24067,EQ
NSE,IZMO,IZMO,14174,EQ
NSE,J&KBANK,J&KBANK,5633,EQ
NSE,JAGRAN,JAGRAN,13211,EQ
NSE,JAGSNPHARM,JAGSNPHARM,4410,EQ
NSE,JAIBALAJI,JAIBALAJI,14076,BE
NSE,JAICORPLTD,JAICORPLTD,5143,EQ
NSE,JAINAM,JAINAM,6012,SM
NSE,JAINIK,JAINIK,758303,SM
NSE,JAINREC,JAINREC,759244,EQ
NSE,JAIPURKURT,JAIPURKURT,5516,EQ
NSE,JAKHARIA,JAKHARIA,3950,ST
NSE,JALAN,JALAN,20930,ST
NSE,JAMNAAUTO,JAMNAAUTO,20778,EQ
NSE,JARO,JARO,759951,EQ
NSE,JASH,JASH,13982,EQ
NSE,JAYAGROGN,JAYAGROGN,4041,EQ
NSE,JAYBARMARU,JAYBARMARU,1708,EQ
NSE,JAYBEE,JAYBEE,25037,SM
NSE,JAYESH,JAYESH,759159,SM
NSE,JAYKAY,JAYKAY,760073,EQ
NSE,JAYNECOIND,JAYNECOIND,2331,EQ
NSE,JAYSREETEA,JAYSREETEA,1720,EQ
NSE,JBMA,JBMA,11655,EQ
NSE,JETFREIGHT,JETFREIGHT,7211,EQ
NSE,JETKNIT,JETKNIT,18700,ST
NSE,JEYYAM,JEYYAM,25150,ST
NSE,JFLLIFE,JFLLIFE,10885,SM
NSE,JGCHEM,JGCHEM,23056,EQ
NSE,JHS,JHS,13720,EQ
NSE,JINDALPHOT,JINDALPHOT,11743,EQ
NSE,JINDALPOLY,JINDALPOLY,1756,EQ
NSE,JINDALSAW,JINDALSAW,3024,EQ
NSE,JINDALSTEL,JINDALSTEL,6733,EQ
NSE,JINDRILL,JINDRILL,13875,EQ
NSE,JINDWORLD,JINDWORLD,20642,EQ
NSE,JIOFIN,JIOFIN,18143,EQ
NSE,JISLDVREQS,JISLDVREQS,25684,EQ
NSE,JISLJALEQS,JISLJALEQS,10397,EQ
NSE,JITFINFRA,JITFINFRA,19691,EQ
NSE,JIWANRAM,JIWANRAM,18558,SM
NSE,JKCEMENT,JKCEMENT,13270,EQ
NSE,JKIL,JKIL,15266,EQ
NSE,JKIPL,JKIPL,759206,BE
NSE,JKLAKSHMI,JKLAKSHMI,13491,EQ
NSE,JKPAPER,JKPAPER,11860,EQ
NSE,JKTYRE,JKTYRE,14435,EQ
NSE,JLHL,JLHL,18553,EQ
NSE,JMA,JMA,7109,EQ
NSE,JMFINANCIL,JMFINANCIL,13637,EQ
NSE,JNKINDIA,JNKINDIA,23621,EQ
NSE,JOCIL,JOCIL,16931,BE
NSE,JPOLYINVST,JPOLYINVST,31507,EQ
NSE,JPPOWER,JPPOWER,11763,EQ
NSE,JSFB,JSFB,22663,EQ
NSE,JSL,JSL,11236,EQ
NSE,JSLL,JSLL,758115,EQ
NSE,JSWCEMENT,JSWCEMENT,758460,EQ
NSE,JSWDULUX,JSWDULUX,1467,EQ
NSE,JSWENERGY,JSWENERGY,17869,EQ
NSE,JSWHL,JSWHL,11880,EQ
NSE,JSWINFRA,JSWINFRA,19020,EQ
NSE,JSWSTEEL,JSWSTEEL,11723,EQ
NSE,JTEKTINDIA,JTEKTINDIA,3237,EQ
NSE,JTLIND,JTLIND,7287,EQ
NSE,JUBLCPL,JUBLCPL,29590,EQ
NSE,JUBLFOOD,JUBLFOOD,18096,EQ
NSE,JUBLINGREA,JUBLINGREA,2783,EQ
NSE,JUBLPHARMA,JUBLPHARMA,3637,EQ
NSE,JUNIORBEES,JUNIORBEES,10939,EQ
NSE,JUNIPER,JUNIPER,22824,EQ
NSE,JUSTDIAL,JUSTDIAL,29962,EQ
NSE,JWL,JWL,20224,EQ
NSE,JYOTHYLAB,JYOTHYLAB,15146,EQ
NSE,JYOTICNC,JYOTICNC,21334,EQ
NSE,JYOTIGLOBL,JYOTIGLOBL,758221,SM
NSE,JYOTISTRUC,JYOTISTRUC,1802,EQ
NSE,K2INFRA,K2INFRA,23462,ST
NSE,KABRAEXTRU,KABRAEXTRU,1805,EQ
NSE,KAJARIACER,KAJARIACER,1808,EQ
NSE,KAKATCEM,KAKATCEM,8945,BE
NSE,KALAMANDIR,KALAMANDIR,18755,EQ
NSE,KALANA,KALANA,25443,SM
NSE,KALPATARU,KALPATARU,758558,EQ
NSE,KALYANI,KALYANI,19653,BE
NSE,KALYANIFRG,KALYANIFRG,15156,EQ
NSE,KALYANKJIL,KALYANKJIL,2955,EQ
NSE,KAMAHOLD,KAMAHOLD,762732,EQ
NSE,KAMATHOTEL,KAMATHOTEL,1826,EQ
NSE,KAMDHENU,KAMDHENU,13461,BE
NSE,KAMOPAINTS,KAMOPAINTS,13814,EQ
NSE,KANANIIND,KANANIIND,25786,EQ
NSE,KANCHI,KANCHI,762740,BE
NSE,KANDARP,KANDARP,11208,SM
NSE,KANORICHEM,KANORICHEM,9805,BE
NSE,KANPRPLA,KANPRPLA,1782,EQ
NSE,KANSAINER,KANSAINER,1196,EQ
NSE,KAPSTON,KAPSTON,18967,EQ
NSE,KARMAENG,KARMAENG,24385,EQ
NSE,KARNIKA,KARNIKA,19465,SM
NSE,KARURVYSYA,KARURVYSYA,1838,EQ
NSE,KATARIA,KATARIA,24528,SM
NSE,KAUSHALYA,KAUSHALYA,15140,BE
NSE,KAVDEFENCE,KAVDEFENCE,15244,EQ
NSE,KAYA,KAYA,10276,EQ
NSE,KAYNES,KAYNES,12092,EQ
NSE,KAYTEX,KAYTEX,758868,SM
NSE,KCEIL,KCEIL,21185,ST
NSE,KCK,KCK,10293,SM
NSE,KCP,KCP,1841,EQ
NSE,KCPSUGIND,KCPSUGIND,4809,EQ
NSE,KDDL,KDDL,14908,EQ
NSE,KDL,KDL,16758,SM
NSE,KEC,KEC,13260,EQ
NSE,KECL,KECL,18224,BE
NSE,KEEPLEARN,KEEPLEARN,778,EQ
NSE,KEI,KEI,13310,EQ
NSE,KEL,KEL,18708,SM
NSE,KELLTONTEC,KELLTONTEC,13430,EQ
NSE,KEN,KEN,29547,SM
NSE,KENNAMET,KENNAMET,11841,EQ
NSE,KERNEX,KERNEX,13121,EQ
NSE,KESORAMIND,KESORAMIND,4981,BE
NSE,KEYFINSERV,KEYFINSERV,4157,EQ
NSE,KFINTECH,KFINTECH,13359,EQ
NSE,KHADIM,KHADIM,433,BE
NSE,KHAICHEM,KHAICHEM,902,BE
NSE,KHAITANLTD,KHAITANLTD,9582,BE
NSE,KHANDSE,KHANDSE,9641,EQ
NSE,KHFM,KHFM,9570,SM
NSE,KICL,KICL,21119,EQ
NSE,KILITCH,KILITCH,19941,BE
NSE,KIMS,KIMS,4847,EQ
NSE,KINGFA,KINGFA,18944,EQ
NSE,KIOCL,KIOCL,19126,EQ
NSE,KIRANVYPAR,KIRANVYPAR,762742,EQ
NSE,KIRIINDUS,KIRIINDUS,16639,EQ
NSE,KIRLFER,KIRLFER,14466,EQ
NSE,KIRLOSBROS,KIRLOSBROS,18581,EQ
NSE,KIRLOSENG,KIRLOSENG,20936,EQ
NSE,KIRLOSIND,KIRLOSIND,19025,EQ
NSE,KIRLPNU,KIRLPNU,15180,EQ
NSE,KISSHT,KISSHT,763294,EQ
NSE,KITEX,KITEX,28899,EQ
NSE,KKCL,KKCL,13381,EQ
NSE,KKJEWELS,KKJEWELS,29192,SM
NSE,KKVAPOW,KKVAPOW,17781,SM
NSE,KLBRENG,KLBRENG-B,762747,EQ
NSE,KLL,KLL,21186,SM
NSE,KMEW,KMEW,27084,EQ
NSE,KMSUGAR,KMSUGAR,14667,EQ
NSE,KNACK,KNACK,763839,EQ
NSE,KNAGRI,KNAGRI,760923,EQ
NSE,KNRCON,KNRCON,15283,EQ
NSE,KODYTECH,KODYTECH,18751,SM
NSE,KOHINOOR,KOHINOOR,3009,EQ
NSE,KOKUYOCMLN,KOKUYOCMLN,16827,EQ
NSE,KOLTEPATIL,KOLTEPATIL,15124,EQ
NSE,KONSTELEC,KONSTELEC,22475,ST
NSE,KONTOR,KONTOR,19287,SM
NSE,KOPRAN,KOPRAN,4951,BE
NSE,KORE,KORE,10889,SM
NSE,KOTAKBANK,KOTAKBANK,1922,EQ
NSE,KOTARISUG,KOTARISUG,11647,EQ
NSE,KOTHARIPET,KOTHARIPET,4594,EQ
NSE,KOTHARIPRO,KOTHARIPRO,5528,EQ
NSE,KOTIC,KOTIC,762752,EQ
NSE,KOTYARK,KOTYARK,761337,BE
NSE,KOVAI,KOVAI,5192,EQ
NSE,KPEL,KPEL,27079,EQ
NSE,KPIGREEN,KPIGREEN,5108,EQ
NSE,KPIL,KPIL,1814,EQ
NSE,KPITTECH,KPITTECH,9683,EQ
NSE,KPL,KPL,762757,EQ
NSE,KPRMILL,KPRMILL,14912,EQ
NSE,KRBL,KRBL,10577,EQ
NSE,KREBSBIO,KREBSBIO,1937,EQ
NSE,KRIDHANINF,KRIDHANINF,11488,BE
NSE,KRISHANA,KRISHANA,12847,EQ
NSE,KRISHCA,KRISHCA,16133,SM
NSE,KRISHIVAL,KRISHIVAL,756782,EQ
NSE,KRISHNADEF,KRISHNADEF,761192,EQ
NSE,KRITI,KRITI,6420,BE
NSE,KRITIKA,KRITIKA,9288,EQ
NSE,KRITINUT,KRITINUT,11440,BE
NSE,KRMAYURVED,KRMAYURVED,760627,ST
NSE,KRN,KRN,25645,BE
NSE,KRONOX,KRONOX,24025,EQ
NSE,KROSS,KROSS,25252,EQ
NSE,KRSNAA,KRSNAA,5359,EQ
NSE,KRYSTAL,KRYSTAL,23175,EQ
NSE,KSB,KSB,1949,EQ
NSE,KSCL,KSCL,14972,EQ
NSE,KSHINTL,KSHINTL,760433,EQ
NSE,KSHITIJPOL,KSHITIJPOL,10412,BE
NSE,KSL,KSL,18889,EQ
NSE,KSOLVES,KSOLVES,11060,EQ
NSE,KSR,KSR,759987,EQ
NSE,KTKBANK,KTKBANK,8054,EQ
NSE,KUANTUM,KUANTUM,13870,EQ
NSE,KUSUMGAR,KUSUMGAR,764116,EQ
NSE,KWIL,KWIL,760946,EQ
NSE,LAGNAM,LAGNAM,5865,EQ
NSE,LAHOTIOV,LAHOTIOV,762762,EQ
NSE,LAKPRE,LAKPRE,4774,BZ
NSE,LAKSHYA,LAKSHYA,25863,ST
NSE,LAL,LAL,14924,EQ
NSE,LALPATHLAB,LALPATHLAB,11654,EQ
NSE,LAMBODHARA,LAMBODHARA,6407,EQ
NSE,LAMOSAIC,LAMOSAIC,27225,ST
NSE,LANCORHOL,LANCORHOL,23027,EQ
NSE,LANDMARK,LANDMARK,13276,EQ
NSE,LANDSMILL,LANDSMILL,17376,EQ
NSE,LAOPALA,LAOPALA,14423,EQ
NSE,LASA,LASA,21713,EQ
NSE,LASERPOWER,LASERPOWER,764126,EQ
NSE,LATENTVIEW,LATENTVIEW,6818,EQ
NSE,LATTEYS,LATTEYS,15848,BE
NSE,LAURUSLABS,LAURUSLABS,19234,EQ
NSE,LAXMICOT,LAXMICOT,6568,EQ
NSE,LAXMIDENTL,LAXMIDENTL,29171,EQ
NSE,LAXMIINDIA,LAXMIINDIA,758865,BE
NSE,LCCINFOTEC,LCCINFOTEC,7529,EQ
NSE,LEMERITE,LEMERITE,760300,EQ
NSE,LEMONTREE,LEMONTREE,2606,EQ
NSE,LENSKART,LENSKART,759605,EQ
NSE,LEXUS,LEXUS,14459,EQ
NSE,LFIC,LFIC,7902,EQ
NSE,LGBBROSLTD,LGBBROSLTD,18321,EQ
NSE,LGEINDIA,LGEINDIA,760213,EQ
NSE,LGHL,LGHL,19876,EQ
NSE,LIBAS,LIBAS,11082,EQ
NSE,LIBERTSHOE,LIBERTSHOE,1994,EQ
NSE,LICHSGFIN,LICHSGFIN,1997,EQ
NSE,LICI,LICI,9480,EQ
NSE,LICMFGOLD,LICMFGOLD,25640,EQ
NSE,LICNETFGSC,LICNETFGSC,6062,EQ
NSE,LICNETFN50,LICNETFN50,11319,EQ
NSE,LICNETFSEN,LICNETFSEN,11441,EQ
NSE,LICNFNHGP,LICNFNHGP,15229,EQ
NSE,LICNMID100,LICNMID100,22722,EQ
NSE,LIKHITHA,LIKHITHA,578,EQ
NSE,LINC,LINC,6951,EQ
NSE,LINCOLN,LINCOLN,11596,EQ
NSE,LINDEINDIA,LINDEINDIA,1627,EQ
NSE,LIQGRWBEES,LIQGRWBEES,757725,EQ
NSE,LIQUID,LIQUID,17572,EQ
NSE,LIQUID1,LIQUID1,13950,EQ
NSE,LIQUIDADD,LIQUIDADD,23407,EQ
NSE,LIQUIDBEES,LIQUIDBEES,11006,EQ
NSE,LIQUIDBETF,LIQUIDBETF,23915,EQ
NSE,LIQUIDCASE,LIQUIDCASE,21750,EQ
NSE,LIQUIDETF,LIQUIDETF,1927,EQ
NSE,LIQUIDIETF,LIQUIDIETF,4838,EQ
NSE,LIQUIDPLUS,LIQUIDPLUS,27075,EQ
NSE,LIQUIDSBI,LIQUIDSBI,19705,EQ
NSE,LIQUIDSHRI,LIQUIDSHRI,24374,EQ
NSE,LLOYDS,LLOYDS,11476,ST
NSE,LLOYDSENGG,LLOYDSENGG,17801,EQ
NSE,LLOYDSENT,LLOYDSENT,25807,EQ
NSE,LLOYDSME,LLOYDSME,17313,EQ
NSE,LMW,LMW,1979,EQ
NSE,LODHA,LODHA,3220,EQ
NSE,LOKESHMACH,LOKESHMACH,13439,BE
NSE,LORDSCHLO,LORDSCHLO,18232,EQ
NSE,LOTUSDEV,LOTUSDEV,758145,EQ
NSE,LOTUSEYE,LOTUSEYE,16807,EQ
NSE,LOVABLE,LOVABLE,22415,EQ
NSE,LOWVOL,LOWVOL,14786,EQ
NSE,LOWVOL1,LOWVOL1,8632,EQ
NSE,LOWVOLIETF,LOWVOLIETF,21254,EQ
NSE,LOYALTEX,LOYALTEX,10590,EQ
NSE,LPDC,LPDC,16863,EQ
NSE,LRRPL,LRRPL,14204,SM
NSE,LT,LT,11483,EQ
NSE,LTF,LTF,24948,EQ
NSE,LTFOODS,LTFOODS,13816,EQ
NSE,LTGILTBEES,LTGILTBEES,17700,EQ
NSE,LTGILTCASE,LTGILTCASE,758705,EQ
NSE,LTM,LTM,17818,EQ
NSE,LTTS,LTTS,18564,EQ
NSE,LUMAXIND,LUMAXIND,2018,EQ
NSE,LUMAXTECH,LUMAXTECH,14014,EQ
NSE,LUPIN,LUPIN,10440,EQ
NSE,LUXIND,LUXIND,11301,EQ
NSE,LXCHEM,LXCHEM,2841,EQ
NSE,LYKALABS,LYKALABS,7248,BE
NSE,M&M,M&M,2031,EQ
NSE,M&MFIN,M&MFIN,13285,EQ
NSE,MAANALU,MAANALU,15017,EQ
NSE,MACOBSTECH,MACOBSTECH,24545,SM
NSE,MACPOWER,MACPOWER,22347,EQ
NSE,MADHAV,MADHAV,15151,EQ
NSE,MADHAVBAUG,MADHAVBAUG,8262,ST
NSE,MADHAVIPL,MADHAVIPL,762767,EQ
NSE,MADHUCON,MADHUCON,13668,BE
NSE,MADHUSUDAN,MADHUSUDAN,18738,ST
NSE,MADRASFERT,MADRASFERT,4911,EQ
NSE,MAFANG,MAFANG,3507,EQ
NSE,MAFATIND,MAFATIND,762772,EQ
NSE,MAGADSUGAR,MAGADSUGAR,21392,EQ
NSE,MAGNUM,MAGNUM,14957,EQ
NSE,MAGSON,MAGSON,17091,ST
NSE,MAHABANK,MAHABANK,11377,EQ
NSE,MAHAPEXLTD,MAHAPEXLTD,5239,EQ
NSE,MAHASTEEL,MAHASTEEL,17527,EQ
NSE,MAHEPC,MAHEPC,17603,EQ
NSE,MAHESHWARI,MAHESHWARI,9577,BE
NSE,MAHICKRA,MAHICKRA,2839,SM
NSE,MAHKTECH,MAHKTECH,7074,EQ
NSE,MAHLIFE,MAHLIFE,8050,EQ
NSE,MAHLOG,MAHLOG,385,EQ
NSE,MAHSCOOTER,MAHSCOOTER,2085,EQ
NSE,MAHSEAMLES,MAHSEAMLES,2088,EQ
NSE,MAITHANALL,MAITHANALL,24538,EQ
NSE,MAITREYA,MAITREYA,19809,SM
NSE,MAJESAUT,MAJESAUT,762777,EQ
NSE,MAKEINDIA,MAKEINDIA,7979,EQ
NSE,MAKS,MAKS,11218,SM
NSE,MAL,MAL,19134,SM
NSE,MALLCOM,MALLCOM,7965,EQ
NSE,MALUPAPER,MALUPAPER,13352,EQ
NSE,MAMATA,MAMATA,28687,EQ
NSE,MANAKALUCO,MANAKALUCO,7420,EQ
NSE,MANAKCOAT,MANAKCOAT,7413,EQ
NSE,MANAKSIA,MANAKSIA,15199,EQ
NSE,MANAKSTEEL,MANAKSTEEL,7482,BE
NSE,MANALIPETC,MANALIPETC,13796,EQ
NSE,MANAPPURAM,MANAPPURAM,19061,EQ
NSE,MANAV,MANAV,21697,SM
NSE,MANBA,MANBA,25597,EQ
NSE,MANCREDIT,MANCREDIT,24823,EQ
NSE,MANDEEP,MANDEEP,23779,SM
NSE,MANGALAM,MANGALAM,11817,EQ
NSE,MANGLMCEM,MANGLMCEM,2106,EQ
NSE,MANILAM,MANILAM,760174,SM
NSE,MANINDS,MANINDS,11884,EQ
NSE,MANINFRA,MANINFRA,18226,EQ
NSE,MANKIND,MANKIND,15380,EQ
NSE,MANOMAY,MANOMAY,13753,EQ
NSE,MANORAMA,MANORAMA,10227,EQ
NSE,MANORG,MANORG,6428,BE
NSE,MANUFGBEES,MANUFGBEES,758667,EQ
NSE,MANUGRAPH,MANUGRAPH,13575,BE
NSE,MANYAVAR,MANYAVAR,8167,EQ
NSE,MAPMYINDIA,MAPMYINDIA,7227,EQ
NSE,MARALOVER,MARALOVER,7040,BE
NSE,MARATHON,MARATHON,18659,EQ
NSE,MARC,MARC,760456,ST
NSE,MARCO,MARCO,18773,SM
NSE,MARICO,MARICO,4067,EQ
NSE,MARINE,MARINE,1328,EQ
NSE,MARINETRAN,MARINETRAN,20410,SM
NSE,MARKOLINES,MARKOLINES,760204,EQ
NSE,MARKSANS,MARKSANS,10579,EQ
NSE,MARSONS,MARSONS,761386,EQ
NSE,MARUSHIKA,MARUSHIKA,761042,SM
NSE,MARUTI,MARUTI,10999,EQ
NSE,MASFIN,MASFIN,199,EQ
NSE,MASKINVEST,MASKINVEST,18731,BE
NSE,MASON,MASON,24278,SM
NSE,MASPTOP50,MASPTOP50,5782,EQ
NSE,MASTEK,MASTEK,2124,EQ
NSE,MASTER,MASTER,19011,SM
NSE,MASTERTR,MASTERTR,27047,EQ
NSE,MATRIMONY,MATRIMONY,21726,EQ
NSE,MAWANASUG,MAWANASUG,17026,BE
NSE,MAXESTATES,MAXESTATES,19646,EQ
NSE,MAXHEALTH,MAXHEALTH,22377,EQ
NSE,MAXIND,MAXIND,22428,EQ
NSE,MAXPOSURE,MAXPOSURE,21691,SM
NSE,MAXVOLT,MAXVOLT,29657,ST
NSE,MAYASHEEL,MAYASHEEL,757587,SM
NSE,MAYURUNIQ,MAYURUNIQ,28906,EQ
NSE,MAZDA,MAZDA,18870,BE
NSE,MAZDOCK,MAZDOCK,509,EQ
NSE,MBAPL,MBAPL,12686,EQ
NSE,MBEL,MBEL,758150,EQ
NSE,MBLINFRA,MBLINFRA,18033,BE
NSE,MCCHRLS,MCCHRLS-B,762782,EQ
NSE,MCL,MCL,22360,EQ
NSE,MCLEODRUSS,MCLEODRUSS,11944,BE
NSE,MCLOUD,MCLOUD,29482,EQ
NSE,MCON,MCON,14574,SM
NSE,MCX,MCX,31181,EQ
NSE,MDL,MDL,2133,ST
NSE,MEDANTA,MEDANTA,11956,EQ
NSE,MEDIASSIST,MEDIASSIST,21705,EQ
NSE,MEDICAMEQ,MEDICAMEQ,6278,EQ
NSE,MEDICO,MEDICO,9667,EQ
NSE,MEDIORG,MEDIORG,24239,SM
NSE,MEDISTEP,MEDISTEP,758423,SM
NSE,MEDPLUS,MEDPLUS,7254,EQ
NSE,MEESHO,MEESHO,760229,EQ
NSE,MEGAFLEX,MEGAFLEX,10971,SM
NSE,MEGASTAR,MEGASTAR,8153,EQ
NSE,MEGATHERM,MEGATHERM,22560,SM
NSE,MEIL,MEIL,758750,BE
NSE,MENNPIS,MENNPIS,762787,EQ
NSE,MENONBE,MENONBE,6971,BE
NSE,MEP,MEP,25882,BZ
NSE,MERCANTILE,MERCANTILE,762792,EQ
NSE,MERCURYEV,MERCURYEV,763665,BE
NSE,METAL,METAL,25744,EQ
NSE,METALIETF,METALIETF,24861,EQ
NSE,METROBRAND,METROBRAND,7242,EQ
NSE,METROGLOBL,METROGLOBL,762797,EQ
NSE,METROPOLIS,METROPOLIS,9581,EQ
NSE,MFML,MFML,24937,EQ
NSE,MFSL,MFSL,2142,EQ
NSE,MGEL,MGEL,1598,BE
NSE,MGL,MGL,17534,EQ
NSE,MGSL,MGSL,759945,SM
NSE,MHHL,MHHL,1426,SM
NSE,MHLXMIRU,MHLXMIRU,7886,EQ
NSE,MHRIL,MHRIL,17333,EQ
NSE,MICEL,MICEL,7165,BE
NSE,MICROPRO,MICROPRO,19887,SM
NSE,MID150,MID150,30469,EQ
NSE,MID150BEES,MID150BEES,8506,EQ
NSE,MID150CASE,MID150CASE,24077,EQ
NSE,MIDCAP,MIDCAP,8077,EQ
NSE,MIDCAPADD,MIDCAPADD,760356,EQ
NSE,MIDCAPBETA,MIDCAPBETA,18347,EQ
NSE,MIDCAPETF,MIDCAPETF,8413,EQ
NSE,MIDCAPIETF,MIDCAPIETF,17152,EQ
NSE,MIDCPNIFTY,MIDCPNIFTY,26074,EQ
NSE,MIDHANI,MIDHANI,2463,EQ
NSE,MIDQ50ADD,MIDQ50ADD,7456,EQ
NSE,MIDSELIETF,MIDSELIETF,17702,EQ
NSE,MIDSMALL,MIDSMALL,23855,EQ
NSE,MIDWESTLTD,MIDWESTLTD,759517,EQ
NSE,MIEL,MIEL,24629,SM
NSE,MILTON,MILTON,159,SM
NSE,MINDACORP,MINDACORP,25897,EQ
NSE,MINDPOOL,MINDPOOL,8900,SM
NSE,MINDTECK,MINDTECK,18049,EQ
NSE,MIRZAINT,MIRZAINT,4394,EQ
NSE,MITCON,MITCON,8475,BE
NSE,MITTAL,MITTAL,18562,EQ
NSE,MKPL,MKPL,16736,EQ
NSE,MMEL,MMEL,757813,ST
NSE,MMFL,MMFL,13844,EQ
NSE,MMP,MMP,16395,EQ
NSE,MMTC,MMTC,17957,EQ
NSE,MMWL,MMWL,762805,BE
NSE,MNC,MNC,10676,EQ
NSE,MOALPHA50,MOALPHA50,757669,EQ
NSE,MOBANK10,MOBANK10,761693,EQ
NSE,MOBIKWIK,MOBIKWIK,28046,EQ
NSE,MOBILISE,MOBILISE,760199,ST
NSE,MOCAPITAL,MOCAPITAL,30065,EQ
NSE,MODEFENCE,MODEFENCE,24944,EQ
NSE,MODINATUR,MODINATUR,760280,BE
NSE,MODIRUBBER,MODIRUBBER,2229,EQ
NSE,MODIS,MODIS,759752,EQ
NSE,MODISONLTD,MODISONLTD,3325,BE
NSE,MODTHREAD,MODTHREAD,2241,EQ
NSE,MOENERGY,MOENERGY,759374,EQ
NSE,MOGOLD,MOGOLD,757791,EQ
NSE,MOGSEC,MOGSEC,1507,EQ
NSE,MOHEALTH,MOHEALTH,10508,EQ
NSE,MOHITIND,MOHITIND,29423,EQ
NSE,MOIL,MOIL,20830,EQ
NSE,MOINFRA,MOINFRA,757031,EQ
NSE,MOIPO,MOIPO,759891,EQ
NSE,MOKSH,MOKSH,3586,EQ
NSE,MOL,MOL,5394,EQ
NSE,MOLDTECH,MOLDTECH,17625,EQ
NSE,MOLDTKPAC,MOLDTKPAC,6713,EQ
NSE,MOLOWVOL,MOLOWVOL,8654,EQ
NSE,MOM100,MOM100,21423,EQ
NSE,MOM30IETF,MOM30IETF,10585,EQ
NSE,MOM50,MOM50,19289,EQ
NSE,MOMENTUM,MOMENTUM,10693,EQ
NSE,MOMENTUM30,MOMENTUM30,759488,EQ
NSE,MOMENTUM50,MOMENTUM50,25606,EQ
NSE,MOMGF,MOMGF,757099,EQ
NSE,MOMIDMTM,MOMIDMTM,757817,EQ
NSE,MOMNC,MOMNC,760054,EQ
NSE,MOMOMENTUM,MOMOMENTUM,8182,EQ
NSE,MON100,MON100,22739,EQ
NSE,MON50EQUAL,MON50EQUAL,756900,EQ
NSE,MONARCH,MONARCH,7679,EQ
NSE,MONEXT50,MONEXT50,757167,EQ
NSE,MONEYBOXX,MONEYBOXX,759381,EQ
NSE,MONIFTY100,MONIFTY100,759371,EQ
NSE,MONIFTY500,MONIFTY500,19237,EQ
NSE,MONOLITH,MONOLITH,756958,SM
NSE,MONOPHARMA,MONOPHARMA,18392,SM
NSE,MONQ50,MONQ50,7422,EQ
NSE,MONTECARLO,MONTECARLO,5938,EQ
NSE,MOPSE,MOPSE,757431,EQ
NSE,MOQUALITY,MOQUALITY,10822,EQ
NSE,MOREALTY,MOREALTY,23184,EQ
NSE,MOREPENLAB,MOREPENLAB,2259,EQ
NSE,MOS,MOS,15057,ST
NSE,MOSCHIP,MOSCHIP,29459,EQ
NSE,MOSERVICE,MOSERVICE,760001,EQ
NSE,MOSILVER,MOSILVER,758457,EQ
NSE,MOSMALL250,MOSMALL250,23181,EQ
NSE,MOTHERSON,MOTHERSON,4204,EQ
NSE,MOTILALOFS,MOTILALOFS,14947,EQ
NSE,MOTISONS,MOTISONS,20788,EQ
NSE,MOTOGENFIN,MOTOGENFIN,8793,BE
NSE,MOTOUR,MOTOUR,757443,EQ
NSE,MOVALUE,MOVALUE,10825,EQ
NSE,MOXSH,MOXSH,13507,ST
NSE,MPEL,MPEL,759354,ST
NSE,MPHASIS,MPHASIS,4503,EQ
NSE,MPSLTD,MPSLTD,10578,EQ
NSE,MPTODAY,MPTODAY,21792,SM
NSE,MRF,MRF,2277,EQ
NSE,MRIL,MRIL,758688,ST
NSE,MRPL,MRPL,2283,EQ
NSE,MSCI360,MSCI360,763602,EQ
NSE,MSCIADD,MSCIADD,759978,EQ
NSE,MSCIINDIA,MSCIINDIA,29758,EQ
NSE,MSPL,MSPL,11919,EQ
NSE,MSTCLTD,MSTCLTD,9356,EQ
NSE,MSUMI,MSUMI,8596,EQ
NSE,MTARTECH,MTARTECH,2715,BE
NSE,MTEDUCARE,MTEDUCARE,31413,BE
NSE,MTNL,MTNL,2294,EQ
NSE,MUFIN,MUFIN,19783,EQ
NSE,MUFTI,MUFTI,20878,EQ
NSE,MUKANDLTD,MUKANDLTD,11325,EQ
NSE,MUKKA,MUKKA,22980,EQ
NSE,MUKTAARTS,MUKTAARTS,8691,BE
NSE,MULTICAP,MULTICAP,25080,EQ
NSE,MUNISH,MUNISH,759419,ST
NSE,MUNJALAU,MUNJALAU,13511,EQ
NSE,MUNJALSHOW,MUNJALSHOW,2307,EQ
NSE,MURUDCERA,MURUDCERA,2313,EQ
NSE,MUTHOOTCAP,MUTHOOTCAP,10415,EQ
NSE,MUTHOOTFIN,MUTHOOTFIN,23650,EQ
NSE,MUTHOOTMF,MUTHOOTMF,20831,EQ
NSE,MVGJL,MVGJL,19015,EQ
NSE,MVKAGRO,MVKAGRO,22976,SM
NSE,MWL,MWL,759169,EQ
NSE,MYMUDRA,MYMUDRA,25208,SM
NSE,N1NSETEST,N1NSETEST,12848,EQ
NSE,NACLIND,NACLIND,20425,EQ
NSE,NAGREEKCAP,NAGREEKCAP,14943,BE
NSE,NAGREEKEXP,NAGREEKEXP,14702,EQ
NSE,NAHARCAP,NAHARCAP,15360,EQ
NSE,NAHARINDUS,NAHARINDUS,13106,EQ
NSE,NAHARPOLY,NAHARPOLY,14445,EQ
NSE,NAHARSPING,NAHARSPING,14443,BE
NSE,NAM,NAM-INDIA,357,EQ
NSE,NAMAN,NAMAN,23379,SM
NSE,NAMOEWASTE,NAMOEWASTE,25170,ST
NSE,NARMADA,NARMADA,11627,EQ
NSE,NATCAPSUQ,NATCAPSUQ,29583,EQ
NSE,NATCOPHARM,NATCOPHARM,3918,EQ
NSE,NATHBIOGEN,NATHBIOGEN,11065,EQ
NSE,NATIONALUM,NATIONALUM,6364,EQ
NSE,NATIONSTD,NATIONSTD,762807,EQ
NSE,NAUKRI,NAUKRI,13751,EQ
NSE,NAVA,NAVA,4014,EQ
NSE,NAVINFLUOR,NAVINFLUOR,14672,EQ
NSE,NAVKARCORP,NAVKARCORP,10557,EQ
NSE,NAVKARURB,NAVKARURB,29149,BE
NSE,NAVNETEDUL,NAVNETEDUL,2385,EQ
NSE,NAZARA,NAZARA,2987,EQ
NSE,NBCC,NBCC,31415,EQ
NSE,NBIFIN,NBIFIN,19111,EQ
NSE,NCC,NCC,2319,EQ
NSE,NCLIND,NCLIND,14490,EQ
NSE,NDGL,NDGL,18371,EQ
NSE,NDL,NDL,31258,EQ
NSE,NDLVENTURE,NDLVENTURE,14547,EQ
NSE,NDRAUTO,NDRAUTO,22255,EQ
NSE,NDTV,NDTV,11427,EQ
NSE,NEAGI,NEAGI,762812,EQ
NSE,NECCLTD,NECCLTD,13533,BE
NSE,NECLIFE,NECLIFE,11930,BE
NSE,NEELAM,NEELAM,27123,SM
NSE,NELCAST,NELCAST,14761,EQ
NSE,NELCO,NELCO,2388,EQ
NSE,NEOCHEM,NEOCHEM,760931,ST
NSE,NEOGEN,NEOGEN,9917,EQ
NSE,NEPHROCARE,NEPHROCARE,24353,ST
NSE,NEPHROPLUS,NEPHROPLUS,760346,EQ
NSE,NEPTUNE,NEPTUNE,757493,SM
NSE,NESCO,NESCO,15409,EQ
NSE,NESTLEIND,NESTLEIND,17963,EQ
NSE,NETF,NETF,7838,EQ
NSE,NETWEB,NETWEB,17433,EQ
NSE,NETWORK18,NETWORK18,14111,EQ
NSE,NEUEON,NEUEON,30554,BE
NSE,NEULANDLAB,NEULANDLAB,2406,EQ
NSE,NEWGEN,NEWGEN,1164,EQ
NSE,NEWJAISA,NEWJAISA,19161,ST
NSE,NEXT30ADD,NEXT30ADD,29464,EQ
NSE,NEXT50,NEXT50,17181,EQ
NSE,NEXT50ADD,NEXT50ADD,760599,EQ
NSE,NEXT50BETA,NEXT50BETA,21478,EQ
NSE,NEXT50ETF,NEXT50ETF,760709,EQ
NSE,NEXT50IETF,NEXT50IETF,4529,EQ
NSE,NEXTMEDIA,NEXTMEDIA,9867,EQ
NSE,NFL,NFL,13925,EQ
NSE,NFPSAMPOOR,NFPSAMPOOR,763536,SM
NSE,NGIL,NGIL,5404,BE
NSE,NGLFINE,NGLFINE,10277,EQ
NSE,NH,NH,11840,EQ
NSE,NHPC,NHPC,17400,EQ
NSE,NIACL,NIACL,399,EQ
NSE,NIBE,NIBE,29487,EQ
NSE,NIBL,NIBL,29733,EQ
NSE,NIDAN,NIDAN,6592,SM
NSE,NIF100BEES,NIF100BEES,29577,EQ
NSE,NIF100IETF,NIF100IETF,30392,EQ
NSE,NIFTY,NIFTY,26000,EQ
NSE,NIFTY1,NIFTY1,18102,EQ
NSE,NIFTY100EW,NIFTY100EW,29944,EQ
NSE,NIFTYADD,NIFTYADD,7451,EQ
NSE,NIFTYAXIS,NIFTYAXIS,21252,EQ
NSE,NIFTYBEES,NIFTYBEES,10576,EQ
NSE,NIFTYBETA,NIFTYBETA,10511,EQ
NSE,NIFTYBETF,NIFTYBETF,21959,EQ
NSE,NIFTYCASE,NIFTYCASE,759302,EQ
NSE,NIFTYETF,NIFTYETF,6353,EQ
NSE,NIFTYIETF,NIFTYIETF,29553,EQ
NSE,NIFTYNXT50,NIFTYNXT50,26013,EQ
NSE,NIFTYQLITY,NIFTYQLITY,10690,EQ
NSE,NIITLTD,NIITLTD,11522,EQ
NSE,NIITMTS,NIITMTS,17747,EQ
NSE,NIKITA,NIKITA,758178,SM
NSE,NILAINFRA,NILAINFRA,9253,EQ
NSE,NILASPACES,NILASPACES,7411,EQ
NSE,NILE,NILE,762817,EQ
NSE,NILKAMAL,NILKAMAL,2421,EQ
NSE,NIMBSPROJ,NIMBSPROJ,761723,BE
NSE,NINSYS,NINSYS,14197,BE
NSE,NIPPOBATRY,NIPPOBATRY,6782,EQ
NSE,NIRAJ,NIRAJ,261,BE
NSE,NIRAJISPAT,NIRAJISPAT,18840,EQ
NSE,NIRLON,NIRLON,2433,EQ
NSE,NIRMAN,NIRMAN,14722,SM
NSE,NITCO,NITCO,13300,EQ
NSE,NITINSPIN,NITINSPIN,13175,EQ
NSE,NITIRAJ,NITIRAJ,3247,EQ
NSE,NITTAGELA,NITTAGELA,762824,EQ
NSE,NIVABUPA,NIVABUPA,27097,EQ
NSE,NKIND,NKIND,2439,EQ
NSE,NLCINDIA,NLCINDIA,8585,EQ
NSE,NMDC,NMDC,15332,EQ
NSE,NMSTEEL,NMSTEEL,28801,SM
NSE,NOCIL,NOCIL,2442,EQ
NSE,NOIDATOLL,NOIDATOLL,11214,BE
NSE,NORBTEAEXP,NORBTEAEXP,4160,EQ
NSE,NORTHARC,NORTHARC,25426,EQ
NSE,NOVAAGRI,NOVAAGRI,22478,BE
NSE,NOVARTIND,NOVARTIND,9007,EQ
NSE,NPBET,NPBET,12978,EQ
NSE,NPST,NPST,756324,EQ
NSE,NRAIL,NRAIL,20314,EQ
NSE,NRBBEARING,NRBBEARING,7553,EQ
NSE,NRL,NRL,13680,BE
NSE,NRVANDANA,NRVANDANA,757492,ST
NSE,NSIL,NSIL,11239,EQ
NSE,NSLNISP,NSLNISP,14180,EQ
NSE,NTPC,NTPC,11630,EQ
NSE,NTPCGREEN,NTPCGREEN,27176,EQ
NSE,NUCLEUS,NUCLEUS,10791,EQ
NSE,NURECA,NURECA,2350,EQ
NSE,NUVAMA,NUVAMA,18721,EQ
NSE,NUVOCO,NUVOCO,5426,EQ
NSE,NV20,NV20,11457,EQ
NSE,NV20BEES,NV20BEES,9847,EQ
NSE,NV20IETF,NV20IETF,17475,EQ
NSE,NYKAA,NYKAA,6545,EQ
NSE,OAL,OAL,10768,EQ
NSE,OBCL,OBCL,8797,EQ
NSE,OBEROIRLTY,OBEROIRLTY,20242,EQ
NSE,OBSCP,OBSCP,25923,SM
NSE,OCCLLTD,OCCLLTD,25920,BE
NSE,ODIGMA,ODIGMA,27575,BE
NSE,OFSS,OFSS,10738,EQ
NSE,OIL,OIL,17438,EQ
NSE,OILCOUNTUB,OILCOUNTUB,8109,BE
NSE,OILIETF,OILIETF,24533,EQ
NSE,OLAELEC,OLAELEC,24777,EQ
NSE,OLECTRA,OLECTRA,10637,EQ
NSE,OLIL,OLIL,19433,ST
NSE,OMAXAUTO,OMAXAUTO,14125,BE
NSE,OMAXE,OMAXE,14853,EQ
NSE,OMFREIGHT,OMFREIGHT,759412,BE
NSE,OMFURN,OMFURN,120,ST
NSE,OMINFRAL,OMINFRAL,24231,EQ
NSE,OMNI,OMNI,760865,EQ
NSE,OMPOWER,OMPOWER,762432,EQ
NSE,ONDOOR,ONDOOR,19703,ST
NSE,ONELIFECAP,ONELIFECAP,25496,BE
NSE,ONEPOINT,ONEPOINT,9939,EQ
NSE,ONESOURCE,ONESOURCE,29224,EQ
NSE,ONGC,ONGC,2475,EQ
NSE,ONIDA,ONIDA,6853,BE
NSE,ONMOBILE,ONMOBILE,15282,BE
NSE,ONWARDTEC,ONWARDTEC,2481,EQ
NSE,ONYX,ONYX,27143,ST
NSE,OPTIEMUS,OPTIEMUS,21469,EQ
NSE,OPTIVALUE,OPTIVALUE,758900,SM
NSE,ORBTEXP,ORBTEXP,31479,BE
NSE,ORCHASP,ORCHASP,29492,EQ
NSE,ORCHPHARMA,ORCHPHARMA,926,EQ
NSE,ORIANA,ORIANA,17882,SM
NSE,ORICONENT,ORICONENT,10159,EQ
NSE,ORIENTALTL,ORIENTALTL,14346,EQ
NSE,ORIENTBELL,ORIENTBELL,14278,EQ
NSE,ORIENTCEM,ORIENTCEM,30089,EQ
NSE,ORIENTCER,ORIENTCER,13111,EQ
NSE,ORIENTELEC,ORIENTELEC,2972,EQ
NSE,ORIENTHOT,ORIENTHOT,2493,EQ
NSE,ORIENTLTD,ORIENTLTD,18208,EQ
NSE,ORIENTPPR,ORIENTPPR,2496,EQ
NSE,ORIENTTECH,ORIENTTECH,24961,EQ
NSE,ORISSAMINE,ORISSAMINE,19931,EQ
NSE,ORKLAINDIA,ORKLAINDIA,759569,EQ
NSE,ORTEL,ORTEL,13321,BZ
NSE,ORTINGLOBE,ORTINGLOBE,2980,BE
NSE,OSELDEVICE,OSELDEVICE,25386,SM
NSE,OSIAHYPER,OSIAHYPER,12643,BE
NSE,OSWALAGRO,OSWALAGRO,5362,BE
NSE,OSWALGREEN,OSWALGREEN,471,EQ
NSE,OSWALPUMPS,OSWALPUMPS,756802,EQ
NSE,OSWALSEEDS,OSWALSEEDS,14305,EQ
NSE,OWAIS,OWAIS,22914,ST
NSE,PACEDIGITK,PACEDIGITK,759342,EQ
NSE,PAGEIND,PAGEIND,14413,EQ
NSE,PAISALO,PAISALO,25468,EQ
NSE,PAKKA,PAKKA,17197,EQ
NSE,PALASHSECU,PALASHSECU,21383,EQ
NSE,PALREDTEC,PALREDTEC,17059,BE
NSE,PANACEABIO,PANACEABIO,4055,EQ
NSE,PANACHE,PANACHE,16355,BE
NSE,PANAMAPET,PANAMAPET,25392,EQ
NSE,PANSARI,PANSARI,6141,EQ
NSE,PAR,PAR,5631,EQ
NSE,PARACABLES,PARACABLES,13951,EQ
NSE,PARADEEP,PARADEEP,9741,EQ
NSE,PARAGMILK,PARAGMILK,17130,EQ
NSE,PARAGON,PARAGON,19779,SM
NSE,PARAMATRIX,PARAMATRIX,25069,SM
NSE,PARAMOUNT,PARAMOUNT,25720,ST
NSE,PARAMPARA,PARAMPARA,1353,SM
NSE,PARAS,PARAS,5911,EQ
NSE,PARASPETRO,PARASPETRO,3972,EQ
NSE,PARIN,PARIN,5460,SM
NSE,PARKHOSPS,PARKHOSPS,760351,EQ
NSE,PARKHOTELS,PARKHOTELS,22649,EQ
NSE,PARSVNATH,PARSVNATH,13795,BE
NSE,PARTH,PARTH,758220,ST
NSE,PARTYCRUS,PARTYCRUS,2599,SM
NSE,PASHUPATI,PASHUPATI,757955,EQ
NSE,PASUPTAC,PASUPTAC,6048,BE
NSE,PATANJALI,PATANJALI,17029,EQ
NSE,PATELENG,PATELENG,11699,EQ
NSE,PATELRMART,PATELRMART,759439,EQ
NSE,PATILAUTOM,PATILAUTOM,756966,ST
NSE,PATINTLOG,PATINTLOG,15223,BE
NSE,PATTECH,PATTECH,15143,ST
NSE,PAUSHAKLTD,PAUSHAKLTD,759969,EQ
NSE,PAVNAIND,PAVNAIND,16201,BE
NSE,PAYTM,PAYTM,6705,EQ
NSE,PCBL,PCBL,2649,EQ
NSE,PCCL,PCCL,24290,SM
NSE,PCJEWELLER,PCJEWELLER,29124,EQ
NSE,PDMJEPAPER,PDMJEPAPER,15377,EQ
NSE,PDSL,PDSL,5264,EQ
NSE,PEARLPOLY,PEARLPOLY,8188,BE
NSE,PELATRO,PELATRO,25408,SM
NSE,PENIND,PENIND,20621,EQ
NSE,PENINLAND,PENINLAND,5358,BE
NSE,PENTAGON,PENTAGON,17132,SM
NSE,PERSISTENT,PERSISTENT,18365,EQ
NSE,PETRONET,PETRONET,11351,EQ
NSE,PFC,PFC,14299,EQ
NSE,PFIZER,PFIZER,2643,EQ
NSE,PFOCUS,PFOCUS,13496,EQ
NSE,PFS,PFS,22602,EQ
NSE,PGEL,PGEL,25358,EQ
NSE,PGHH,PGHH,2535,EQ
NSE,PGHL,PGHL,940,EQ
NSE,PGIL,PGIL,14260,EQ
NSE,PHANTOMFX,PHANTOMFX,11612,SM
NSE,PHARMABEES,PHARMABEES,4973,EQ
NSE,PHOENIXLTD,PHOENIXLTD,14552,EQ
NSE,PHOGLOBAL,PHOGLOBAL,25513,SM
NSE,PICCADIL,PICCADIL,757754,EQ
NSE,PIDILITIND,PIDILITIND,2664,EQ
NSE,PIGL,PIGL,15716,EQ
NSE,PIIND,PIIND,24184,EQ
NSE,PILANIINVS,PILANIINVS,11445,EQ
NSE,PILITA,PILITA,30838,BE
NSE,PINELABS,PINELABS,759820,EQ
NSE,PIONEEREMB,PIONEEREMB,13463,EQ
NSE,PIONRINV,PIONRINV,762829,EQ
NSE,PIRAMALFIN,PIRAMALFIN,759551,EQ
NSE,PITTIENG,PITTIENG,14134,EQ
NSE,PIXTRANS,PIXTRANS,9087,EQ
NSE,PKTEA,PKTEA,10321,EQ
NSE,PLADAINFO,PLADAINFO,19492,SM
NSE,PLASTIBLEN,PLASTIBLEN,13920,EQ
NSE,PLATIND,PLATIND,22930,EQ
NSE,PLAZACABLE,PLAZACABLE,19461,BE
NSE,PML,PML,762834,EQ
NSE,PNB,PNB,10666,EQ
NSE,PNBGILTS,PNBGILTS,8736,EQ
NSE,PNBHOUSING,PNBHOUSING,18908,EQ
NSE,PNC,PNC,9342,EQ
NSE,PNCINFRA,PNCINFRA,9385,EQ
NSE,PNGJL,PNGJL,25312,EQ
NSE,PNGSREVA,PNGSREVA,760242,EQ
NSE,POCL,POCL,14385,EQ
NSE,PODDARMENT,PODDARMENT,19036,EQ
NSE,POKARNA,POKARNA,17651,EQ
NSE,POLICYBZR,POLICYBZR,6656,EQ
NSE,POLYCAB,POLYCAB,9590,EQ
NSE,POLYMED,POLYMED,25718,EQ
NSE,POLYPLEX,POLYPLEX,2687,EQ
NSE,POLYSIL,POLYSIL,22711,SM
NSE,PONNIERODE,PONNIERODE,10661,EQ
NSE,POONAWALLA,POONAWALLA,11403,EQ
NSE,POSITRON,POSITRON,24867,ST
NSE,POWERGRID,POWERGRID,14977,EQ
NSE,POWERICA,POWERICA,761680,EQ
NSE,POWERINDIA,POWERINDIA,18457,EQ
NSE,POWERMECH,POWERMECH,10473,EQ
NSE,PPAP,PPAP,15213,BE
NSE,PPL,PPL,10299,BE
NSE,PPLPHARMA,PPLPHARMA,11571,EQ
NSE,PPSL,PPSL,24791,ST
NSE,PRABHA,PRABHA,30134,EQ
NSE,PRADPME,PRADPME,762842,BE
NSE,PRAENG,PRAENG,13941,EQ
NSE,PRAJIND,PRAJIND,2705,EQ
NSE,PRAKASH,PRAKASH,2708,EQ
NSE,PRAKASHSTL,PRAKASHSTL,19599,EQ
NSE,PRAMARA,PRAMARA,18514,SM
NSE,PRANIK,PRANIK,25818,SM
NSE,PRATHAM,PRATHAM,23113,SM
NSE,PRAVEG,PRAVEG,762844,EQ
NSE,PRAXIS,PRAXIS,1216,BE
NSE,PRECAM,PRECAM,12603,EQ
NSE,PRECISION,PRECISION,7950,SM
NSE,PRECOT,PRECOT,2711,EQ
NSE,PRECWIRE,PRECWIRE,2717,EQ
NSE,PREMCO,PREMCO,762849,EQ
NSE,PREMEXPLN,PREMEXPLN,17397,EQ
NSE,PREMIER,PREMIER,6248,BE
NSE,PREMIERENE,PREMIERENE,25049,EQ
NSE,PREMIERPOL,PREMIERPOL,3908,EQ
NSE,PREMIUM,PREMIUM,25898,SM
NSE,PRESSTONIC,PRESSTONIC,20498,SM
NSE,PRESTIGE,PRESTIGE,20302,EQ
NSE,PRICOLLTD,PRICOLLTD,19631,EQ
NSE,PRIMECAB,PRIMECAB,759075,ST
NSE,PRIMESECU,PRIMESECU,11864,EQ
NSE,PRIMO,PRIMO,756925,EQ
NSE,PRINCEPIPE,PRINCEPIPE,16045,EQ
NSE,PRITI,PRITI,8310,BE
NSE,PRITIKA,PRITIKA,12971,SM
NSE,PRITIKAUTO,PRITIKAUTO,5296,BE
NSE,PRIVISCL,PRIVISCL,8825,EQ
NSE,PRIZOR,PRIZOR,24511,ST
NSE,PRLIND,PRLIND,23764,SM
NSE,PROFX,PROFX,757806,SM
NSE,PROLIFE,PROLIFE,19352,SM
NSE,PROPEQUITY,PROPEQUITY,8735,SM
NSE,PROSTARM,PROSTARM,758173,EQ
NSE,PROTEAN,PROTEAN,29472,EQ
NSE,PROV,PROV,16483,SM
NSE,PROZONER,PROZONER,28859,EQ
NSE,PRSMJOHNSN,PRSMJOHNSN,2739,EQ
NSE,PRUDENT,PRUDENT,9553,EQ
NSE,PRUDMOULI,PRUDMOULI,20528,BE
NSE,PSB,PSB,21001,EQ
NSE,PSFL,PSFL,25431,SM
NSE,PSPPROJECT,PSPPROJECT,20877,EQ
NSE,PSRAJ,PSRAJ,29665,ST
NSE,PSUBANK,PSUBANK,15061,EQ
NSE,PSUBANKADD,PSUBANKADD,17616,EQ
NSE,PSUBNKBEES,PSUBNKBEES,15032,EQ
NSE,PSUBNKIETF,PSUBNKIETF,14584,EQ
NSE,PTC,PTC,11355,EQ
NSE,PTCIL,PTCIL,16682,EQ
NSE,PTL,PTL,14101,EQ
NSE,PULZ,PULZ,507,SM
NSE,PUNJABCHEM,PUNJABCHEM,4344,EQ
NSE,PURPLEUTED,PURPLEUTED,28044,ST
NSE,PURVA,PURVA,14922,EQ
NSE,PURVFLEXI,PURVFLEXI,22942,ST
NSE,PUSHPA,PUSHPA,757683,SM
NSE,PVP,PVP,4010,EQ
NSE,PVRINOX,PVRINOX,13147,EQ
NSE,PVSL,PVSL,23142,EQ
NSE,PVTBANIETF,PVTBANIETF,11386,EQ
NSE,PVTBANKADD,PVTBANKADD,17576,EQ
NSE,PVTBKGROWW,PVTBKGROWW,763572,EQ
NSE,PWL,PWL,759723,EQ
NSE,PYRAMID,PYRAMID,18250,EQ
NSE,QFIL,QFIL,14613,SM
NSE,QGOLDHALF,QGOLDHALF,15330,EQ
NSE,QLINE,QLINE,763594,SM
NSE,QMSMEDI,QMSMEDI,751607,EQ
NSE,QNIFTY,QNIFTY,16819,EQ
NSE,QPOWER,QPOWER,29713,BE
NSE,QUADFUTURE,QUADFUTURE,29087,EQ
NSE,QUADPRO,QUADPRO,5870,SM
NSE,QUAL30IETF,QUAL30IETF,17808,EQ
NSE,QUALITY30,QUALITY30,757946,EQ
NSE,QUESS,QUESS,17704,EQ
NSE,QUESTLAB,QUESTLAB,23793,SM
NSE,QUICKHEAL,QUICKHEAL,13131,BE
NSE,QUICKTOUCH,QUICKTOUCH,15285,SM
NSE,QUINT,QUINT,762854,EQ
NSE,QVCEL,QVCEL,24957,SM
NSE,RACE,RACE,15391,EQ
NSE,RACLGEAR,RACLGEAR,27171,EQ
NSE,RADAAN,RADAAN,10932,EQ
NSE,RADHIKAJWE,RADHIKAJWE,10343,EQ
NSE,RADIANTCMS,RADIANTCMS,13580,EQ
NSE,RADICO,RADICO,10990,EQ
NSE,RADIOCITY,RADIOCITY,19877,EQ
NSE,RADIOWALLA,RADIOWALLA,23445,ST
NSE,RAILTEL,RAILTEL,2431,EQ
NSE,RAIN,RAIN,15337,EQ
NSE,RAINBOW,RAINBOW,9408,EQ
NSE,RAJESHEXPO,RAJESHEXPO,760461,BZ
NSE,RAJINDLTD,RAJINDLTD,24707,SM
NSE,RAJMET,RAJMET,2168,EQ
NSE,RAJOOENG,RAJOOENG,757052,BE
NSE,RAJPALAYAM,RAJPALAYAM,762859,EQ
NSE,RAJPUTANA,RAJPUTANA,27269,SM
NSE,RAJRATAN,RAJRATAN,18962,EQ
NSE,RAJRILTD,RAJRILTD,8428,BE
NSE,RAJSREESUG,RAJSREESUG,2809,EQ
NSE,RAJTV,RAJTV,14403,EQ
NSE,RALLIS,RALLIS,2816,EQ
NSE,RAMANEWS,RAMANEWS,13565,EQ
NSE,RAMAPHO,RAMAPHO,10568,EQ
NSE,RAMASTEEL,RAMASTEEL,10304,BE
NSE,RAMBHAJO,RAMBHAJO,762227,EQ
NSE,RAMCOCEM,RAMCOCEM,2043,EQ
NSE,RAMCOIND,RAMCOIND,4587,EQ
NSE,RAMCOSYS,RAMCOSYS,7851,EQ
NSE,RAMKY,RAMKY,20134,EQ
NSE,RAMRAT,RAMRAT,10485,EQ
NSE,RANASUG,RANASUG,2837,EQ
NSE,RANEHOLDIN,RANEHOLDIN,2844,EQ
NSE,RAPIDFLEET,RAPIDFLEET,30460,SM
NSE,RAPPID,RAPPID,25610,SM
NSE,RATEGAIN,RATEGAIN,7177,EQ
NSE,RATNAMANI,RATNAMANI,13451,EQ
NSE,RATNAVEER,RATNAVEER,18423,EQ
NSE,RAYMOND,RAYMOND,2859,EQ
NSE,RAYMONDLSL,RAYMONDLSL,25073,EQ
NSE,RAYMONDREL,RAYMONDREL,758551,EQ
NSE,RBA,RBA,1494,EQ
NSE,RBLBANK,RBLBANK,18391,EQ
NSE,RBMINFRA,RBMINFRA,13570,SM
NSE,RBS,RBS,23568,ST
NSE,RBZJEWEL,RBZJEWEL,20874,EQ
NSE,RCDL,RCDL,19681,SM
NSE,RCF,RCF,2866,EQ
NSE,RCOM,RCOM,13188,BE
NSE,READYMIX,READYMIX,29561,SM
NSE,RECLTD,RECLTD,15355,EQ
NSE,REDINGTON,REDINGTON,14255,EQ
NSE,REDTAPE,REDTAPE,17859,EQ
NSE,REFEX,REFEX,17764,EQ
NSE,REFRACTORY,REFRACTORY,23718,SM
NSE,REGAAL,REGAAL,758682,BE
NSE,REGENCERAM,REGENCERAM,4130,EQ
NSE,RELAXO,RELAXO,24225,EQ
NSE,RELCHEMQ,RELCHEMQ,9652,EQ
NSE,RELIABLE,RELIABLE,24378,EQ
NSE,RELIANCE,RELIANCE,2885,EQ
NSE,RELIGARE,RELIGARE,15068,EQ
NSE,RELTD,RELTD,24596,EQ
NSE,REMSONSIND,REMSONSIND,3965,EQ
NSE,REMUS,REMUS,16154,SM
NSE,RENUKA,RENUKA,12026,EQ
NSE,REPCOHOME,REPCOHOME,29598,EQ
NSE,REPL,REPL,1486,BE
NSE,REPRO,REPRO,13126,EQ
NSE,RESPONIND,RESPONIND,20323,EQ
NSE,RETAIL,RETAIL,24145,EQ
NSE,REXPIPES,REXPIPES,5309,SM
NSE,REXPRO,REXPRO,29270,SM
NSE,RFBL,RFBL,763468,ST
NSE,RGL,RGL,15129,EQ
NSE,RHETAN,RHETAN,759062,EQ
NSE,RHFL,RHFL,759204,BZ
NSE,RHIM,RHIM,31163,EQ
NSE,RHL,RHL,15157,EQ
NSE,RICHA,RICHA,8212,ST
NSE,RICOAUTO,RICOAUTO,2909,EQ
NSE,RIIL,RIIL,2912,EQ
NSE,RILINFRA,RILINFRA,9854,SM
NSE,RIR,RIR,764121,EQ
NSE,RISHABH,RISHABH,18417,EQ
NSE,RITCO,RITCO,8944,EQ
NSE,RITES,RITES,3761,EQ
NSE,RITEZONE,RITEZONE,11917,ST
NSE,RKDL,RKDL,20950,EQ
NSE,RKEC,RKEC,1547,EQ
NSE,RKFORGE,RKFORGE,11411,EQ
NSE,RKSWAMY,RKSWAMY,23043,EQ
NSE,RMC,RMC,762346,EQ
NSE,RMDRIP,RMDRIP,757834,EQ
NSE,RML,RML,11975,EQ
NSE,RNBDENIMS,RNBDENIMS,758981,EQ
NSE,RNFI,RNFI,24589,SM
NSE,RNPL,RNPL,758157,SM
NSE,ROCKINGDCE,ROCKINGDCE,20289,SM
NSE,ROHLTD,ROHLTD,13182,EQ
NSE,ROLEXRINGS,ROLEXRINGS,5279,EQ
NSE,ROLLT,ROLLT,19108,BE
NSE,ROML,ROML,359,EQ
NSE,ROSSARI,ROSSARI,19410,EQ
NSE,ROSSELLIND,ROSSELLIND,28913,EQ
NSE,ROSSTECH,ROSSTECH,27353,EQ
NSE,ROTO,ROTO,9049,EQ
NSE,ROUTE,ROUTE,128,EQ
NSE,ROXHITECH,ROXHITECH,20170,ST
NSE,ROYALARC,ROYALARC,29727,SM
NSE,RPEL,RPEL,24735,EQ
NSE,RPGLIFE,RPGLIFE,16725,EQ
NSE,RPOWER,RPOWER,15259,EQ
NSE,RPPINFRA,RPPINFRA,20760,EQ
NSE,RPPL,RPPL,6913,EQ
NSE,RPSGVENT,RPSGVENT,8119,EQ
NSE,RPTECH,RPTECH,22670,EQ
NSE,RRIL,RRIL,762864,EQ
NSE,RRKABEL,RRKABEL,18566,EQ
NSE,RSDFIN,RSDFIN,762869,EQ
NSE,RSL,RSL,761439,EQ
NSE,RSSOFTWARE,RSSOFTWARE,8426,BE
NSE,RSWM,RSWM,7292,BE
NSE,RSYSTEMS,RSYSTEMS,13414,EQ
NSE,RTL,RTL,757777,SM
NSE,RTNINDIA,RTNINDIA,27297,EQ
NSE,RTNPOWER,RTNPOWER,17520,EQ
NSE,RUBFILA,RUBFILA,24730,EQ
NSE,RUBICON,RUBICON,759316,EQ
NSE,RUBYMILLS,RUBYMILLS,10123,BE
NSE,RUCHINFRA,RUCHINFRA,4566,EQ
NSE,RUCHIRA,RUCHIRA,13821,EQ
NSE,RUDRA,RUDRA,760401,BE
NSE,RULKA,RULKA,23830,SM
NSE,RUPA,RUPA,25724,EQ
NSE,RUSHIL,RUSHIL,24595,EQ
NSE,RUSTOMJEE,RUSTOMJEE,12219,EQ
NSE,RVHL,RVHL,1565,EQ
NSE,RVNL,RVNL,9552,EQ
NSE,RVTH,RVTH,25157,EQ
NSE,S&SPOWER,S&SPOWER,2951,EQ
NSE,SAAKSHI,SAAKSHI,19112,ST
NSE,SAATVIKGL,SAATVIKGL,759057,EQ
NSE,SABAR,SABAR,10982,SM
NSE,SABEVENTS,SABEVENTS,18497,EQ
NSE,SACHEEROME,SACHEEROME,757409,SM
NSE,SADBHAV,SADBHAV,13236,EQ
NSE,SADBHIN,SADBHIN,10622,BE
NSE,SADHAV,SADHAV,22897,SM
NSE,SADHNANIQ,SADHNANIQ,15349,BE
NSE,SAFARI,SAFARI,13035,EQ
NSE,SAFEENTP,SAFEENTP,757583,SM
NSE,SAGARDEEP,SAGARDEEP,8175,EQ
NSE,SAGCEM,SAGCEM,14068,EQ
NSE,SAGILITY,SAGILITY,27052,EQ
NSE,SAHAJSOLAR,SAHAJSOLAR,24478,SM
NSE,SAHANA,SAHANA,16711,SM
NSE,SAHASRA,SAHASRA,25671,ST
NSE,SAHLIBHFI,SAHLIBHFI,761688,EQ
NSE,SAHYADRI,SAHYADRI,14900,EQ
NSE,SAIFL,SAIFL,21096,SM
NSE,SAIL,SAIL,2963,EQ
NSE,SAILIFE,SAILIFE,27839,EQ
NSE,SAIPARENT,SAIPARENT,761675,EQ
NSE,SAJHOTELS,SAJHOTELS,25712,SM
NSE,SAKAR,SAKAR,9539,EQ
NSE,SAKHTISUG,SAKHTISUG,2969,EQ
NSE,SAKSOFT,SAKSOFT,11794,EQ
NSE,SAKUMA,SAKUMA,13255,BE
NSE,SALASAR,SALASAR,21362,EQ
NSE,SALONA,SALONA,17351,EQ
NSE,SALSTEEL,SALSTEEL,11637,BE
NSE,SALZERELEC,SALZERELEC,11399,EQ
NSE,SAMAY,SAMAY,756851,ST
NSE,SAMBHAAV,SAMBHAAV,4127,EQ
NSE,SAMBHV,SAMBHV,757767,EQ
NSE,SAMHI,SAMHI,18614,EQ
NSE,SAMMAANCAP,SAMMAANCAP,30125,EQ
NSE,SAMPANN,SAMPANN,27303,EQ
NSE,SANATHAN,SANATHAN,28805,EQ
NSE,SANDESH,SANDESH,2988,EQ
NSE,SANDHAR,SANDHAR,2397,EQ
NSE,SANDUMA,SANDUMA,18359,EQ
NSE,SANGAMIND,SANGAMIND,4184,EQ
NSE,SANGANI,SANGANI,18035,SM
NSE,SANGHVIMOV,SANGHVIMOV,14058,EQ
NSE,SANGINITA,SANGINITA,11033,BE
NSE,SANOFI,SANOFI,1442,EQ
NSE,SANOFICONR,SANOFICONR,25222,EQ
NSE,SANSERA,SANSERA,5751,EQ
NSE,SANSTAR,SANSTAR,24582,EQ
NSE,SANWARIA,SANWARIA,46,BZ
NSE,SAPPHIRE,SAPPHIRE,6718,EQ
NSE,SAPPL,SAPPL,762874,EQ
NSE,SARDAEN,SARDAEN,17758,EQ
NSE,SAREGAMA,SAREGAMA,4892,EQ
NSE,SARLAPOLY,SARLAPOLY,14043,EQ
NSE,SAROJA,SAROJA,18506,SM
NSE,SARTELE,SARTELE,19863,SM
NSE,SARVESHWAR,SARVESHWAR,12950,BE
NSE,SASKEN,SASKEN,11983,EQ
NSE,SATECH,SATECH,24674,SM
NSE,SATIA,SATIA,11045,EQ
NSE,SATIN,SATIN,10453,EQ
NSE,SATIPOLY,SATIPOLY,24507,ST
NSE,SATKARTAR,SATKARTAR,29154,ST
NSE,SATTVAENGG,SATTVAENGG,758960,SM
NSE,SAURASHCEM,SAURASHCEM,3018,EQ
NSE,SAVY,SAVY,757704,SM
NSE,SAWALIYA,SAWALIYA,758444,SM
NSE,SAYAJIHOTL,SAYAJIHOTL,762879,EQ
NSE,SBC,SBC,6792,EQ
NSE,SBCL,SBCL,4656,EQ
NSE,SBFC,SBFC,18026,EQ
NSE,SBGLP,SBGLP,14139,EQ
NSE,SBIBPB,SBIBPB,30290,EQ
NSE,SBICARD,SBICARD,17971,EQ
NSE,SBIETFCON,SBIETFCON,5168,EQ
NSE,SBIETFIT,SBIETFIT,740,EQ
NSE,SBIETFPB,SBIETFPB,722,EQ
NSE,SBIETFQLTY,SBIETFQLTY,7218,EQ
NSE,SBILIFE,SBILIFE,21808,EQ
NSE,SBILIQETF,SBILIQETF,758496,EQ
NSE,SBIMIDMOM,SBIMIDMOM,761095,EQ
NSE,SBIN,SBIN,3045,EQ
NSE,SBINEQWETF,SBINEQWETF,24524,EQ
NSE,SBINMID150,SBINMID150,761741,EQ
NSE,SBISILVER,SBISILVER,24366,EQ
NSE,SBISMLETF,SBISMLETF,763543,EQ
NSE,SBIVALETF,SBIVALETF,763546,EQ
NSE,SCANSTL,SCANSTL,762884,EQ
NSE,SCHAEFFLER,SCHAEFFLER,1011,EQ
NSE,SCHAND,SCHAND,20698,EQ
NSE,SCHNEIDER,SCHNEIDER,31234,EQ
NSE,SCI,SCI,3048,EQ
NSE,SCILAL,SCILAL,23127,EQ
NSE,SCML,SCML,19469,SM
NSE,SCODATUBES,SCODATUBES,757478,EQ
NSE,SCPL,SCPL,12072,EQ
NSE,SDBL,SDBL,1338,EQ
NSE,SDREAMS,SDREAMS,25528,SM
NSE,SEAMECLTD,SEAMECLTD,2616,EQ
NSE,SECMARK,SECMARK,19496,EQ
NSE,SECURKLOUD,SECURKLOUD,11058,EQ
NSE,SEDEMAC,SEDEMAC,761153,EQ
NSE,SEIL,SEIL,762889,EQ
NSE,SEJALLTD,SEJALLTD,7094,BE
NSE,SEL,SEL,18267,ST
NSE,SELECTIPO,SELECTIPO,30109,EQ
NSE,SELLOWRAP,SELLOWRAP,757982,SM
NSE,SELMC,SELMC,6262,EQ
NSE,SEMAC,SEMAC,11964,BE
NSE,SENCO,SENCO,17271,EQ
NSE,SENORES,SENORES,28888,EQ
NSE,SENSEXADD,SENSEXADD,17613,EQ
NSE,SENSEXAXIS,SENSEXAXIS,14742,EQ
NSE,SENSEXBETA,SENSEXBETA,10515,EQ
NSE,SENSEXETF,SENSEXETF,19224,EQ
NSE,SENSEXIETF,SENSEXIETF,4378,EQ
NSE,SEPC,SEPC,15308,EQ
NSE,SERVICE,SERVICE,17399,SM
NSE,SERVOTECH,SERVOTECH,5507,EQ
NSE,SESHAPAPER,SESHAPAPER,3066,EQ
NSE,SETCO,SETCO,17518,BE
NSE,SETF10GILT,SETF10GILT,17395,EQ
NSE,SETFGOLD,SETFGOLD,17272,EQ
NSE,SETFNIF50,SETFNIF50,10176,EQ
NSE,SETFNIFBK,SETFNIFBK,7361,EQ
NSE,SETFNN50,SETFNN50,7353,EQ
NSE,SETL,SETL,29075,EQ
NSE,SETUINFRA,SETUINFRA,18024,BZ
NSE,SEYAIND,SEYAIND,10836,BE
NSE,SFL,SFL,19184,EQ
NSE,SFML,SFML,28069,SM
NSE,SGFIN,SGFIN,758853,EQ
NSE,SGIL,SGIL,5114,EQ
NSE,SGL,SGL,13367,EQ
NSE,SGMART,SGMART,758889,EQ
NSE,SHADOWFAX,SHADOWFAX,761469,EQ
NSE,SHAH,SHAH,20296,EQ
NSE,SHAHALLOYS,SHAHALLOYS,11856,EQ
NSE,SHAILY,SHAILY,8727,EQ
NSE,SHAIVAL,SHAIVAL,10684,ST
NSE,SHAKTIPUMP,SHAKTIPUMP,25574,EQ
NSE,SHALBY,SHALBY,714,EQ
NSE,SHALPAINTS,SHALPAINTS,15342,EQ
NSE,SHANKARA,SHANKARA,20321,EQ
NSE,SHANTHALA,SHANTHALA,19752,SM
NSE,SHANTI,SHANTI,5650,EQ
NSE,SHANTIGEAR,SHANTIGEAR,3078,EQ
NSE,SHANTIGOLD,SHANTIGOLD,758002,EQ
NSE,SHARDACROP,SHARDACROP,4992,EQ
NSE,SHARDAMOTR,SHARDAMOTR,10530,EQ
NSE,SHARDUL,SHARDUL,762897,BE
NSE,SHAREINDIA,SHAREINDIA,104,EQ
NSE,SHARIABEES,SHARIABEES,17044,EQ
NSE,SHBAJRG,SHBAJRG,762899,EQ
NSE,SHEEL,SHEEL,759410,ST
NSE,SHEETAL,SHEETAL,20415,SM
NSE,SHEKHAWATI,SHEKHAWATI,21099,BE
NSE,SHEMAROO,SHEMAROO,5072,BE
NSE,SHERA,SHERA,14176,ST
NSE,SHETHJI,SHETHJI,759805,ST
NSE,SHIGAN,SHIGAN,8394,SM
NSE,SHILCTECH,SHILCTECH,759847,EQ
NSE,SHILPAMED,SHILPAMED,17752,EQ
NSE,SHINDL,SHINDL,762904,EQ
NSE,SHIVALIK,SHIVALIK,7026,BE
NSE,SHIVAMAUTO,SHIVAMAUTO,13757,BE
NSE,SHIVAMILLS,SHIVAMILLS,1503,BE
NSE,SHIVASHRIT,SHIVASHRIT,758744,SM
NSE,SHIVATEX,SHIVATEX,804,EQ
NSE,SHIVAUM,SHIVAUM,759747,EQ
NSE,SHK,SHK,11212,EQ
NSE,SHKSIL,SHKSIL,758568,SM
NSE,SHOPERSTOP,SHOPERSTOP,11813,EQ
NSE,SHRADHA,SHRADHA,708,EQ
NSE,SHREDIGCEM,SHREDIGCEM,3099,EQ
NSE,SHREECEM,SHREECEM,3103,EQ
NSE,SHREEDHAR,SHREEDHAR,762112,SM
NSE,SHREEJISPG,SHREEJISPG,759448,EQ
NSE,SHREEKARNI,SHREEKARNI,23074,SM
NSE,SHREEOSFM,SHREEOSFM,20603,SM
NSE,SHREEPUSHK,SHREEPUSHK,10588,EQ
NSE,SHREERAMA,SHREERAMA,7627,EQ
NSE,SHRENIK,SHRENIK,760252,BZ
NSE,SHREYANIND,SHREYANIND,3126,EQ
NSE,SHRIAHIMSA,SHRIAHIMSA,756409,ST
NSE,SHRIKANHA,SHRIKANHA,760223,ST
NSE,SHRIKRISH,SHRIKRISH,762909,EQ
NSE,SHRINGARMS,SHRINGARMS,759093,EQ
NSE,SHRIPISTON,SHRIPISTON,17186,EQ
NSE,SHRIRAMFIN,SHRIRAMFIN,4306,EQ
NSE,SHRIRAMPPS,SHRIRAMPPS,7200,EQ
NSE,SHRITECH,SHRITECH,17684,SM
NSE,SHUBHLAXMI,SHUBHLAXMI,6451,SM
NSE,SHUBHSHREE,SHUBHSHREE,25240,SM
NSE,SHYAMCENT,SHYAMCENT,10192,BE
NSE,SHYAMDHANI,SHYAMDHANI,761213,ST
NSE,SHYAMMETL,SHYAMMETL,4693,EQ
NSE,SHYAMTEL,SHYAMTEL,13741,BE
NSE,SICAGEN,SICAGEN,16875,EQ
NSE,SICALLOG,SICALLOG,19434,EQ
NSE,SIDDHICOTS,SIDDHICOTS,759053,SM
NSE,SIDDHIKA,SIDDHIKA,3148,SM
NSE,SIEMENS,SIEMENS,3150,EQ
NSE,SIGACHI,SIGACHI,6664,BE
NSE,SIGIND,SIGIND,4522,EQ
NSE,SIGMA,SIGMA,16658,EQ
NSE,SIGMAADV,SIGMAADV,14797,BE
NSE,SIGNATURE,SIGNATURE,18743,EQ
NSE,SIGNORIA,SIGNORIA,23150,ST
NSE,SIGNPOST,SIGNPOST,22656,EQ
NSE,SIKA,SIKA,762914,EQ
NSE,SIKKO,SIKKO,6218,EQ
NSE,SIL,SIL,11297,EQ
NSE,SILGO,SILGO,2492,EQ
NSE,SILINV,SILINV,4105,EQ
NSE,SILKFLEX,SILKFLEX,23739,ST
NSE,SILKY,SILKY,757679,SM
NSE,SILLYMONKS,SILLYMONKS,19097,EQ
NSE,SILVER,SILVER,8003,EQ
NSE,SILVER1,SILVER1,13082,EQ
NSE,SILVER360,SILVER360,756150,EQ
NSE,SILVERADD,SILVERADD,10761,EQ
NSE,SILVERAG,SILVERAG,16777,EQ
NSE,SILVERAXIS,SILVERAXIS,11193,EQ
NSE,SILVERBEES,SILVERBEES,8080,EQ
NSE,SILVERBETA,SILVERBETA,15085,EQ
NSE,SILVERBND,SILVERBND,760328,EQ
NSE,SILVERCASE,SILVERCASE,30274,EQ
NSE,SILVERIETF,SILVERIETF,7942,EQ
NSE,SILVERTUC,SILVERTUC,9422,EQ
NSE,SIMBHALS,SIMBHALS,758836,BZ
NSE,SIMCA,SIMCA,763375,SM
NSE,SIMPLEXINF,SIMPLEXINF,3162,EQ
NSE,SINCLAIR,SINCLAIR,23480,EQ
NSE,SINDHUTRAD,SINDHUTRAD,16859,EQ
NSE,SINGERIND,SINGERIND,761420,EQ
NSE,SINTERCOM,SINTERCOM,381,EQ
NSE,SIRCA,SIRCA,11050,EQ
NSE,SIS,SIS,21501,EQ
NSE,SITINET,SITINET,29210,BZ
NSE,SIYSIL,SIYSIL,14096,EQ
NSE,SJLOGISTIC,SJLOGISTIC,20542,SM
NSE,SJS,SJS,6643,EQ
NSE,SJVN,SJVN,18883,EQ
NSE,SKFINDIA,SKFINDIA,3186,EQ
NSE,SKFINDUS,SKFINDUS,760101,EQ
NSE,SKIPPER,SKIPPER,9428,EQ
NSE,SKMEGGPROD,SKMEGGPROD,4732,EQ
NSE,SKP,SKP,10325,SM
NSE,SKYGOLD,SKYGOLD,13631,EQ
NSE,SLONE,SLONE,23692,ST
NSE,SMALL250,SMALL250,759814,EQ
NSE,SMALLADD,SMALLADD,760359,EQ
NSE,SMALLCAP,SMALLCAP,22832,EQ
NSE,SMALLGROWW,SMALLGROWW,751745,EQ
NSE,SMALLIETF,SMALLIETF,754612,EQ
NSE,SMARTEN,SMARTEN,757622,ST
NSE,SMARTLINK,SMARTLINK,9893,BE
NSE,SMARTWORKS,SMARTWORKS,757965,EQ
NSE,SMCGLOBAL,SMCGLOBAL,2320,EQ
NSE,SML100CASE,SML100CASE,758955,EQ
NSE,SMLMAH,SMLMAH,3387,EQ
NSE,SMLT,SMLT,6843,EQ
NSE,SMSPHARMA,SMSPHARMA,14329,EQ
NSE,SMVD,SMVD,847,SM
NSE,SNEHAA,SNEHAA,758949,ST
NSE,SNOWMAN,SNOWMAN,4843,EQ
NSE,SNXT30BEES,SNXT30BEES,757455,EQ
NSE,SNXT50BETA,SNXT50BETA,9168,EQ
NSE,SOBHA,SOBHA,13826,EQ
NSE,SOCL,SOCL,761205,ST
NSE,SOFTTECH,SOFTTECH,8268,BE
NSE,SOLARA,SOLARA,3672,EQ
NSE,SOLARINDS,SOLARINDS,13332,EQ
NSE,SOLARWORLD,SOLARWORLD,759929,EQ
NSE,SOLEX,SOLEX,759397,EQ
NSE,SOMANYCERA,SOMANYCERA,3880,EQ
NSE,SOMATEX,SOMATEX,4201,EQ
NSE,SOMICONVEY,SOMICONVEY,17794,EQ
NSE,SONACOMS,SONACOMS,4684,EQ
NSE,SONAL,SONAL,762919,EQ
NSE,SONAMAC,SONAMAC,23055,ST
NSE,SONAMLTD,SONAMLTD,8806,EQ
NSE,SONATSOFTW,SONATSOFTW,6596,EQ
NSE,SONUINFRA,SONUINFRA,9463,ST
NSE,SOTAC,SOTAC,14993,SM
NSE,SOTL,SOTL,3021,EQ
NSE,SOUTHBANK,SOUTHBANK,5948,EQ
NSE,SOUTHWEST,SOUTHWEST,9678,EQ
NSE,SPAL,SPAL,18252,EQ
NSE,SPANDANA,SPANDANA,11435,EQ
NSE,SPARC,SPARC,14788,EQ
NSE,SPCENET,SPCENET,19372,EQ
NSE,SPCL,SPCL,24249,SM
NSE,SPCON,SPCON,761393,SM
NSE,SPEB,SPEB,760138,ST
NSE,SPECIALITY,SPECIALITY,27107,EQ
NSE,SPECTRUM,SPECTRUM,30455,EQ
NSE,SPECTSTM,SPECTSTM,16883,ST
NSE,SPENCERS,SPENCERS,8163,EQ
NSE,SPIC,SPIC,3252,EQ
NSE,SPLIL,SPLIL,11935,EQ
NSE,SPLPETRO,SPLPETRO,9617,EQ
NSE,SPMLINFRA,SPMLINFRA,3321,EQ
NSE,SPORTKING,SPORTKING,10733,EQ
NSE,SPPPOLY,SPPPOLY,25306,SM
NSE,SPRL,SPRL,8521,SM
NSE,SPUNWEB,SPUNWEB,757865,SM
NSE,SRD,SRD,25737,EQ
NSE,SREEL,SREEL,31837,EQ
NSE,SRF,SRF,3273,EQ
NSE,SRGHFL,SRGHFL,18119,EQ
NSE,SRHHYPOLTD,SRHHYPOLTD,14582,EQ
NSE,SRIVASAVI,SRIVASAVI,14416,ST
NSE,SRM,SRM,23402,EQ
NSE,SRTL,SRTL,760188,EQ
NSE,SSDL,SSDL,24856,EQ
NSE,SSEGL,SSEGL,24697,SM
NSE,SSFL,SSFL,18059,ST
NSE,SSWL,SSWL,11829,EQ
NSE,STALLION,STALLION,29204,EQ
NSE,STANLEY,STANLEY,24226,EQ
NSE,STAR,STAR,7374,EQ
NSE,STARCEMENT,STARCEMENT,21091,EQ
NSE,STARHEALTH,STARHEALTH,7083,EQ
NSE,STARPAPER,STARPAPER,3291,EQ
NSE,STARTECK,STARTECK,9305,EQ
NSE,STCINDIA,STCINDIA,10948,EQ
NSE,STEELCAS,STEELCAS,6803,EQ
NSE,STEELCITY,STEELCITY,10406,EQ
NSE,STEELXIND,STEELXIND,21339,EQ
NSE,STEL,STEL,21484,EQ
NSE,STERTOOLS,STERTOOLS,6188,BE
NSE,STLNETWORK,STLNETWORK,758978,BE
NSE,STLTECH,STLTECH,9313,BE
NSE,STOVEKRAFT,STOVEKRAFT,2107,EQ
NSE,STRIDERS,STRIDERS,761091,SM
NSE,STUDDS,STUDDS,759587,EQ
NSE,STUDIOLSD,STUDIOLSD,758530,ST
NSE,STYL,STYL,759934,EQ
NSE,STYLAMIND,STYLAMIND,5186,EQ
NSE,STYLEBAAZA,STYLEBAAZA,25116,BE
NSE,STYRENIX,STYRENIX,19,EQ
NSE,SUBAHOTELS,SUBAHOTELS,760112,SM
NSE,SUBEXLTD,SUBEXLTD,959,BE
NSE,SUBROS,SUBROS,3324,EQ
NSE,SUDARCOLOR,SUDARCOLOR,715,EQ
NSE,SUDARSCHEM,SUDARSCHEM,3327,EQ
NSE,SUDEEPPHRM,SUDEEPPHRM,760039,EQ
NSE,SUKHJITS,SUKHJITS,11804,EQ
NSE,SULA,SULA,13218,EQ
NSE,SUMEETINDS,SUMEETINDS,20790,EQ
NSE,SUMICHEM,SUMICHEM,17105,EQ
NSE,SUMIT,SUMIT,11141,BE
NSE,SUMMITSEC,SUMMITSEC,21275,EQ
NSE,SUNCLAY,SUNCLAY,20956,EQ
NSE,SUNDARAM,SUNDARAM,18931,EQ
NSE,SUNDARMFIN,SUNDARMFIN,3339,EQ
NSE,SUNDRMBRAK,SUNDRMBRAK,9848,BE
NSE,SUNDRMFAST,SUNDRMFAST,3345,EQ
NSE,SUNDROP,SUNDROP,1663,EQ
NSE,SUNFLAG,SUNFLAG,3348,EQ
NSE,SUNLITE,SUNLITE,24872,ST
NSE,SUNPHARMA,SUNPHARMA,3351,EQ
NSE,SUNREST,SUNREST,20213,SM
NSE,SUNTECH,SUNTECH,757766,ST
NSE,SUNTECK,SUNTECK,17641,EQ
NSE,SUNTV,SUNTV,13404,EQ
NSE,SUPERHOUSE,SUPERHOUSE,20616,EQ
NSE,SUPERSPIN,SUPERSPIN,8931,BE
NSE,SUPRAJIT,SUPRAJIT,11689,EQ
NSE,SUPREME,SUPREME,29439,EQ
NSE,SUPREMEENG,SUPREMEENG,758997,BZ
NSE,SUPREMEIND,SUPREMEIND,3363,EQ
NSE,SUPREMEINF,SUPREMEINF,15002,EQ
NSE,SUPREMEPWR,SUPREMEPWR,21074,ST
NSE,SUPRIYA,SUPRIYA,7390,EQ
NSE,SURAJEST,SURAJEST,20822,EQ
NSE,SURAJLTD,SURAJLTD,24966,EQ
NSE,SURAKSHA,SURAKSHA,27334,EQ
NSE,SURANASOL,SURANASOL,21077,EQ
NSE,SURANAT&P,SURANAT&P,10700,EQ
NSE,SURANI,SURANI,8513,SM
NSE,SURYALA,SURYALA,762924,EQ
NSE,SURYALAXMI,SURYALAXMI,11852,EQ
NSE,SURYAROSNI,SURYAROSNI,3375,EQ
NSE,SURYODAY,SURYODAY,2970,EQ
NSE,SUTLEJTEX,SUTLEJTEX,13804,BE
NSE,SUVEN,SUVEN,11233,EQ
NSE,SUVIDHAA,SUVIDHAA,2998,EQ
NSE,SUYOG,SUYOG,24851,EQ
NSE,SUZLON,SUZLON,12018,EQ
NSE,SVLL,SVLL,15126,BE
NSE,SVPGLOB,SVPGLOB,5023,BE
NSE,SWANCORP,SWANCORP,27095,EQ
NSE,SWANDEF,SWANDEF,29164,BE
NSE,SWARAJ,SWARAJ,8608,SM
NSE,SWARAJENG,SWARAJENG,3384,EQ
NSE,SWASTIK,SWASTIK,11497,ST
NSE,SWELECTES,SWELECTES,11909,EQ
NSE,SWIGGY,SWIGGY,27066,EQ
NSE,SWSOLAR,SWSOLAR,12489,EQ
NSE,SYLVANPLY,SYLVANPLY,24267,SM
NSE,SYMPHONY,SYMPHONY,24190,EQ
NSE,SYNCOMF,SYNCOMF,11992,EQ
NSE,SYNGENE,SYNGENE,10243,EQ
NSE,SYNOPTICS,SYNOPTICS,17206,ST
NSE,SYRMA,SYRMA,10793,EQ
NSE,SYSTANGO,SYSTANGO,14506,SM
NSE,SYSTMTXC,SYSTMTXC,759358,BE
NSE,TAALTECH,TAALTECH,762929,EQ
NSE,TAC,TAC,23438,SM
NSE,TAINWALCHM,TAINWALCHM,3396,EQ
NSE,TAJGVK,TAJGVK,9354,EQ
NSE,TAKE,TAKE,14920,BE
NSE,TALBROAUTO,TALBROAUTO,13648,EQ
NSE,TAMBOLIIN,TAMBOLIIN,762937,BE
NSE,TANKUP,TANKUP,756338,ST
NSE,TANLA,TANLA,13976,EQ
NSE,TAPIFRUIT,TAPIFRUIT,10986,SM
NSE,TARACHAND,TARACHAND,23512,EQ
NSE,TARAPUR,TARAPUR,18827,EQ
NSE,TARC,TARC,1581,EQ
NSE,TARIL,TARIL,15174,EQ
NSE,TARMAT,TARMAT,14771,EQ
NSE,TARSONS,TARSONS,6943,EQ
NSE,TASTYBITE,TASTYBITE,20092,EQ
NSE,TATACAP,TATACAP,759265,EQ
NSE,TATACHEM,TATACHEM,3405,EQ
NSE,TATACOMM,TATACOMM,3721,EQ
NSE,TATACONSUM,TATACONSUM,3432,EQ
NSE,TATAELXSI,TATAELXSI,3411,EQ
NSE,TATAGOLD,TATAGOLD,21401,EQ
NSE,TATAINVEST,TATAINVEST,1621,EQ
NSE,TATAPOWER,TATAPOWER,3426,EQ
NSE,TATASTEEL,TATASTEEL,3499,EQ
NSE,TATATECH,TATATECH,20293,EQ
NSE,TATSILV,TATSILV,21428,EQ
NSE,TATVA,TATVA,5162,EQ
NSE,TAURIAN,TAURIAN,759756,SM
NSE,TBI,TBI,24019,SM
NSE,TBOTEK,TBOTEK,23740,EQ
NSE,TBZ,TBZ,27037,EQ
NSE,TCC,TCC,761814,EQ
NSE,TCI,TCI,10580,EQ
NSE,TCIEXP,TCIEXP,19223,EQ
NSE,TCIFINANCE,TCIFINANCE,8722,BE
NSE,TCL,TCL,22777,SM
NSE,TCPLPACK,TCPLPACK,184,EQ
NSE,TCS,TCS,11536,EQ
NSE,TDPOWERSYS,TDPOWERSYS,25178,EQ
NSE,TEAMGTY,TEAMGTY,10717,EQ
NSE,TEAMLEASE,TEAMLEASE,12716,EQ
NSE,TEAMTECH,TEAMTECH,763568,SM
NSE,TECH,TECH,6462,EQ
NSE,TECHD,TECHD,759141,ST
NSE,TECHERA,TECHERA,25652,SM
NSE,TECHLABS,TECHLABS,21093,ST
NSE,TECHM,TECHM,13538,EQ
NSE,TECHNOE,TECHNOE,6445,EQ
NSE,TECHNVISN,TECHNVISN,762939,EQ
NSE,TECILCHEM,TECILCHEM,3453,EQ
NSE,TEGA,TEGA,7105,EQ
NSE,TEJA,TEJA,763828,ST
NSE,TEJASCARGO,TEJASCARGO,29723,SM
NSE,TEJASNET,TEJASNET,21131,EQ
NSE,TEMBO,TEMBO,3275,EQ
NSE,TENNIND,TENNIND,759880,EQ
NSE,TERASOFT,TERASOFT,19292,EQ
NSE,TEXINFRA,TEXINFRA,11549,EQ
NSE,TEXMOPIPES,TEXMOPIPES,18214,EQ
NSE,TEXRAIL,TEXRAIL,21828,EQ
NSE,TFCILTD,TFCILTD,3466,EQ
NSE,TFL,TFL,14319,EQ
NSE,TGBHOTELS,TGBHOTELS,14607,EQ
NSE,TGL,TGL,23526,SM
NSE,THACKER,THACKER,762947,BE
NSE,THAKDEV,THAKDEV,762949,EQ
NSE,THANGAMAYL,THANGAMAYL,18118,EQ
NSE,THEINVEST,THEINVEST,21427,EQ
NSE,THEJO,THEJO,19279,EQ
NSE,THELEELA,THELEELA,757014,EQ
NSE,THEMISMED,THEMISMED,14485,EQ
NSE,THERMAX,THERMAX,3475,EQ
NSE,THESL,THESL,25651,ST
NSE,THOMASCOOK,THOMASCOOK,3481,EQ
NSE,THOMASCOTT,THOMASCOTT,31017,EQ
NSE,THYROCARE,THYROCARE,17032,EQ
NSE,TI,TI,19196,EQ
NSE,TICL,TICL,19501,EQ
NSE,TIGERLOGS,TIGERLOGS,759179,BE
NSE,TIIL,TIIL,14223,EQ
NSE,TIINDIA,TIINDIA,312,EQ
NSE,TIJARIA,TIJARIA,25482,EQ
NSE,TIL,TIL,3484,EQ
NSE,TIMESCAN,TIMESCAN,7800,SM
NSE,TIMETECHNO,TIMETECHNO,14707,EQ
NSE,TIMEX,TIMEX,762954,EQ
NSE,TIMKEN,TIMKEN,14198,EQ
NSE,TINNARUBR,TINNARUBR,756020,EQ
NSE,TIPSFILMS,TIPSFILMS,11374,EQ
NSE,TIPSMUSIC,TIPSMUSIC,9117,EQ
NSE,TIRUMALCHM,TIRUMALCHM,3496,EQ
NSE,TIRUPATI,TIRUPATI,21868,SM
NSE,TIRUPATIFL,TIRUPATIFL,22282,EQ
NSE,TITAGARH,TITAGARH,15414,EQ
NSE,TITAN,TITAN,3506,EQ
NSE,TMB,TMB,10945,EQ
NSE,TMCV,TMCV,759782,EQ
NSE,TMPV,TMPV,3456,EQ
NSE,TNIDETF,TNIDETF,8882,EQ
NSE,TNPETRO,TNPETRO,3509,EQ
NSE,TNPL,TNPL,3980,EQ
NSE,TNTELE,TNTELE,3512,EQ
NSE,TOKYOPLAST,TOKYOPLAST,9710,BE
NSE,TOLINS,TOLINS,25262,EQ
NSE,TOP100CASE,TOP100CASE,24081,EQ
NSE,TOP10ADD,TOP10ADD,25171,EQ
NSE,TOP15IETF,TOP15IETF,757781,EQ
NSE,TOP20,TOP20,760415,EQ
NSE,TORNTPHARM,TORNTPHARM,3518,EQ
NSE,TORNTPOWER,TORNTPOWER,13786,EQ
NSE,TOTAL,TOTAL,22423,EQ
NSE,TOUCHWOOD,TOUCHWOOD,16908,EQ
NSE,TPHQ,TPHQ,16996,EQ
NSE,TPLPLASTEH,TPLPLASTEH,9219,EQ
NSE,TRACXN,TRACXN,11582,EQ
NSE,TRANSPEK,TRANSPEK,3531,EQ
NSE,TRANSRAILL,TRANSRAILL,28714,EQ
NSE,TRANSTEEL,TRANSTEEL,19801,SM
NSE,TRANSWIND,TRANSWIND,21260,SM
NSE,TRANSWORLD,TRANSWORLD,8619,BE
NSE,TRAVELFOOD,TRAVELFOOD,757545,EQ
NSE,TREEHOUSE,TREEHOUSE,25082,EQ
NSE,TREJHARA,TREJHARA,7518,EQ
NSE,TREL,TREL,17795,EQ
NSE,TRENT,TRENT,1964,EQ
NSE,TRF,TRF,17987,EQ
NSE,TRIDENT,TRIDENT,9685,EQ
NSE,TRIDHYA,TRIDHYA,17215,ST
NSE,TRIGYN,TRIGYN,5428,EQ
NSE,TRITURBINE,TRITURBINE,25584,EQ
NSE,TRIVENI,TRIVENI,13081,EQ
NSE,TROM,TROM,24645,ST
NSE,TRU,TRU,9378,EQ
NSE,TRUALT,TRUALT,759210,EQ
NSE,TRUST,TRUST,23417,SM
NSE,TSC,TSC,757858,SM
NSE,TSFINV,TSFINV,2183,EQ
NSE,TTKHLTCARE,TTKHLTCARE,11369,EQ
NSE,TTKPRESTIG,TTKPRESTIG,3546,EQ
NSE,TTL,TTL,14314,EQ
NSE,TTML,TTML,8954,EQ
NSE,TUNWAL,TUNWAL,24520,SM
NSE,TURTLEMINT,TURTLEMINT,756090,EQ
NSE,TVSELECT,TVSELECT,11265,EQ
NSE,TVSHLTD,TVSHLTD,29008,EQ
NSE,TVSMOTOR,TVSMOTOR,8479,EQ
NSE,TVSSCS,TVSSCS,18151,EQ
NSE,TVSSRICHAK,TVSSRICHAK,14245,EQ
NSE,TVTODAY,TVTODAY,11275,EQ
NSE,TVVISION,TVVISION,18504,EQ
NSE,TWCGOLDETF,TWCGOLDETF,760482,EQ
NSE,UBL,UBL,16713,EQ
NSE,UCAL,UCAL,3570,EQ
NSE,UCL,UCL,4214,ST
NSE,UCOBANK,UCOBANK,11223,EQ
NSE,UDS,UDS,19113,EQ
NSE,UEL,UEL,23507,EQ
NSE,UFBL,UFBL,3127,EQ
NSE,UFLEX,UFLEX,1053,EQ
NSE,UFO,UFO,9039,EQ
NSE,UGARSUGAR,UGARSUGAR,19578,EQ
NSE,UGROCAP,UGROCAP,5313,EQ
NSE,UHTL,UHTL,25938,ST
NSE,UJJIVANSFB,UJJIVANSFB,15228,EQ
NSE,ULTRACEMCO,ULTRACEMCO,11532,EQ
NSE,ULTRAMAR,ULTRAMAR,762961,EQ
NSE,UMA,UMA,13349,SM
NSE,UMAEXPORTS,UMAEXPORTS,8845,BE
NSE,UMESLTD,UMESLTD,19142,EQ
NSE,UMIYA,UMIYA-MRO,8998,EQ
NSE,UNICHEMLAB,UNICHEMLAB,3579,EQ
NSE,UNIDT,UNIDT,204,BE
NSE,UNIECOM,UNIECOM,24809,EQ
NSE,UNIENTER,UNIENTER,11293,EQ
NSE,UNIHEALTH,UNIHEALTH,18582,SM
NSE,UNIINFO,UNIINFO,7797,BE
NSE,UNILEX,UNILEX,25633,SM
NSE,UNIMECH,UNIMECH,28960,EQ
NSE,UNIONBANK,UNIONBANK,10753,EQ
NSE,UNIONGOLD,UNIONGOLD,29687,EQ
NSE,UNIPARTS,UNIPARTS,13057,EQ
NSE,UNITDSPR,UNITDSPR,10447,EQ
NSE,UNITECH,UNITECH,3594,EQ
NSE,UNITEDPOLY,UNITEDPOLY,7564,BE
NSE,UNITEDTEA,UNITEDTEA,17999,EQ
NSE,UNIVASTU,UNIVASTU,18979,BE
NSE,UNIVCABLES,UNIVCABLES,3607,EQ
NSE,UNIVPHOTO,UNIVPHOTO,17661,BE
NSE,UNOMINDA,UNOMINDA,14154,EQ
NSE,UPL,UPL,11287,EQ
NSE,URAVIDEF,URAVIDEF,17081,BE
NSE,URBAN,URBAN,16888,SM
NSE,URBANCO,URBANCO,759084,EQ
NSE,URJA,URJA,20203,EQ
NSE,USASEEDS,USASEEDS,10610,SM
NSE,USHAFIN,USHAFIN,25952,SM
NSE,USHAMART,USHAMART,8840,EQ
NSE,USK,USK,14871,EQ
NSE,UTIAMC,UTIAMC,527,EQ
NSE,UTKAL,UTKAL,751580,SM
NSE,UTKARSHBNK,UTKARSHBNK,17358,EQ
NSE,UTLSOLAR,UTLSOLAR,759876,EQ
NSE,UTSSAV,UTSSAV,24729,ST
NSE,UTTAMSUGAR,UTTAMSUGAR,13376,EQ
NSE,UWCSL,UWCSL,5945,SM
NSE,UYFINCORP,UYFINCORP,25626,EQ
NSE,V1NSETEST,V1NSETEST,12863,EQ
NSE,V2RETAIL,V2RETAIL,14766,EQ
NSE,VADILALIND,VADILALIND,24196,EQ
NSE,VAIBHAVGBL,VAIBHAVGBL,11364,EQ
NSE,VAISHALI,VAISHALI,16621,BE
NSE,VAKRANGEE,VAKRANGEE,13342,EQ
NSE,VAL30IETF,VAL30IETF,25851,EQ
NSE,VALIANTLAB,VALIANTLAB,19220,BE
NSE,VALIANTORG,VALIANTORG,334,BE
NSE,VALUE,VALUE,761511,EQ
NSE,VALUE360,VALUE360,763304,SM
NSE,VALUEAXIS,VALUEAXIS,30155,EQ
NSE,VAML,VAML,750174,EQ
NSE,VARDHACRLC,VARDHACRLC,13403,BE
NSE,VARDMNPOLY,VARDMNPOLY,3646,EQ
NSE,VARROC,VARROC,3857,EQ
NSE,VASA,VASA,1274,SM
NSE,VASCONEQ,VASCONEQ,18114,BE
NSE,VASWANI,VASWANI,25340,EQ
NSE,VBL,VBL,18921,EQ
NSE,VCL,VCL,9020,EQ
NSE,VDEAL,VDEAL,25054,SM
NSE,VEDL,VEDL,3063,EQ
NSE,VEDPOWER,VEDPOWER,750518,EQ
NSE,VEEDOL,VEEDOL,14019,EQ
NSE,VEEKAYEM,VEEKAYEM,10713,ST
NSE,VELJAN,VELJAN,762969,BE
NSE,VELS,VELS,14595,ST
NSE,VENKEYS,VENKEYS,3757,EQ
NSE,VENTIVE,VENTIVE,28847,EQ
NSE,VENUSPIPES,VENUSPIPES,9592,EQ
NSE,VENUSREM,VENUSREM,13856,BE
NSE,VERA,VERA,2666,SM
NSE,VERANDA,VERANDA,8890,EQ
NSE,VERITAAS,VERITAAS,23775,SM
NSE,VERTEXPLUS,VERTEXPLUS,14491,SM
NSE,VERTOZ,VERTOZ,18865,BE
NSE,VESUVIUS,VESUVIUS,3676,EQ
NSE,VETO,VETO,8660,BE
NSE,VGINFOTECH,VGINFOTECH,757060,SM
NSE,VGL,VGL,13771,EQ
NSE,VGUARD,VGUARD,15362,EQ
NSE,VHL,VHL,11892,EQ
NSE,VHLTD,VHLTD,23386,BE
NSE,VIAZ,VIAZ,14316,SM
NSE,VICTORYEV,VICTORYEV,760694,ST
NSE,VIDHIING,VIDHIING,13536,EQ
NSE,VIDYAWIRES,VIDYAWIRES,760224,EQ
NSE,VIESL,VIESL,25231,SM
NSE,VIGOR,VIGOR,758908,ST
NSE,VIJAYA,VIJAYA,5585,EQ
NSE,VIJAYPD,VIJAYPD,760121,SM
NSE,VIJIFIN,VIJIFIN,17695,BE
NSE,VIKASECO,VIKASECO,25756,EQ
NSE,VIKASLIFE,VIKASLIFE,9931,EQ
NSE,VIKRAMSOLR,VIKRAMSOLR,759453,EQ
NSE,VIKRAN,VIKRAN,758973,EQ
NSE,VILAS,VILAS,23909,SM
NSE,VILINBIO,VILINBIO,16954,SM
NSE,VIMTALABS,VIMTALABS,13101,EQ
NSE,VINATIORGA,VINATIORGA,17364,EQ
NSE,VINCOFE,VINCOFE,25835,EQ
NSE,VINDHYATEL,VINDHYATEL,3694,EQ
NSE,VINEETLAB,VINEETLAB,3809,BE
NSE,VINNY,VINNY,12490,EQ
NSE,VINSYS,VINSYS,17905,ST
NSE,VINYAS,VINYAS,19206,SM
NSE,VINYLINDIA,VINYLINDIA,16821,EQ
NSE,VIPCLOTHNG,VIPCLOTHNG,14847,BE
NSE,VIPIND,VIPIND,3703,EQ
NSE,VIPULLTD,VIPULLTD,8437,BE
NSE,VIRINCHI,VIRINCHI,15295,EQ
NSE,VISACHROME,VISACHROME,13298,BE
NSE,VISAKAIND,VISAKAIND,4221,EQ
NSE,VISAMAN,VISAMAN,24274,SM
NSE,VISHNU,VISHNU,6908,EQ
NSE,VISHNUINFR,VISHNUINFR,19300,SM
NSE,VISHWARAJ,VISHWARAJ,13702,EQ
NSE,VISHWAS,VISHWAS,23373,ST
NSE,VISL,VISL,750290,EQ
NSE,VITAL,VITAL,761150,BE
NSE,VIVIANA,VIVIANA,763637,BE
NSE,VIVIDEL,VIVIDEL,761771,ST
NSE,VIVIDHA,VIVIDHA,29877,EQ
NSE,VIVIMEDLAB,VIVIMEDLAB,11968,BE
NSE,VIVO,VIVO,7610,SM
NSE,VIYASH,VIYASH,14296,EQ
NSE,VLEGOV,VLEGOV,18021,BE
NSE,VLINFRA,VLINFRA,24609,ST
NSE,VLSFINANCE,VLSFINANCE,3715,EQ
NSE,VMARCIND,VMARCIND,3188,SM
NSE,VMART,VMART,29284,EQ
NSE,VMM,VMM,27969,EQ
NSE,VMOBILE,VMOBILE,763824,ST
NSE,VMSTMT,VMSTMT,759153,BE
NSE,VOEPL,VOEPL,761916,EQ
NSE,VOGL,VOGL,750368,EQ
NSE,VOLERCAR,VOLERCAR,29658,SM
NSE,VOLTAMP,VOLTAMP,13577,EQ
NSE,VOLTAS,VOLTAS,3718,EQ
NSE,VPRPL,VPRPL,18343,BE
NSE,VR,VR,23018,SM
NSE,VRAJ,VRAJ,24321,EQ
NSE,VRLLOG,VRLLOG,8696,EQ
NSE,VSCL,VSCL,20974,ST
NSE,VSSL,VSSL,27067,EQ
NSE,VSTIND,VSTIND,3724,EQ
NSE,VSTL,VSTL,22730,EQ
NSE,VSTTILLERS,VSTTILLERS,24292,EQ
NSE,VTL,VTL,2073,EQ
NSE,WAAREEENER,WAAREEENER,25907,EQ
NSE,WAAREEINDO,WAAREEINDO,19955,EQ
NSE,WAAREERTL,WAAREERTL,756038,EQ
NSE,WABAG,WABAG,20188,EQ
NSE,WAKEFIT,WAKEFIT,760259,EQ
NSE,WALCHANNAG,WALCHANNAG,3736,EQ
NSE,WALPAR,WALPAR,5013,SM
NSE,WANBURY,WANBURY,14063,EQ
NSE,WCIL,WCIL,25403,EQ
NSE,WEALTH,WEALTH,1923,EQ
NSE,WEBELSOLAR,WEBELSOLAR,14602,EQ
NSE,WEIZMANIND,WEIZMANIND,3748,EQ
NSE,WEL,WEL,7835,EQ
NSE,WELCORP,WELCORP,11821,EQ
NSE,WELENT,WELENT,11626,EQ
NSE,WELINV,WELINV,19804,BE
NSE,WELSPLSOL,WELSPLSOL,762971,EQ
NSE,WELSPUNLIV,WELSPUNLIV,11253,EQ
NSE,WENDT,WENDT,4235,EQ
NSE,WESTLIFE,WESTLIFE,11580,EQ
NSE,WEWIN,WEWIN,9865,BE
NSE,WEWORK,WEWORK,759434,EQ
NSE,WHEELS,WHEELS,3766,EQ
NSE,WHIRLPOOL,WHIRLPOOL,18011,EQ
NSE,WHITEFORCE,WHITEFORCE,757668,ST
NSE,WILLAMAGOR,WILLAMAGOR,3772,EQ
NSE,WINDLAS,WINDLAS,5366,EQ
NSE,WINDMACHIN,WINDMACHIN,24969,EQ
NSE,WINNY,WINNY,24173,SM
NSE,WINSOL,WINSOL,23714,SM
NSE,WINSOME,WINSOME,14757,BZ
NSE,WIPL,WIPL,20481,EQ
NSE,WIPRO,WIPRO,3787,EQ
NSE,WOCKPHARMA,WOCKPHARMA,7506,EQ
NSE,WOL3D,WOL3D,25605,ST
NSE,WOMANCART,WOMANCART,19627,SM
NSE,WONDERLA,WONDERLA,3002,EQ
NSE,WORTHPERI,WORTHPERI,22277,EQ
NSE,WPIL,WPIL,762978,EQ
NSE,WSI,WSI,14828,EQ
NSE,WSTCSTPAPR,WSTCSTPAPR,3799,EQ
NSE,WTICAB,WTICAB,22725,SM
NSE,XCHANGING,XCHANGING,11705,EQ
NSE,XELPMOC,XELPMOC,8477,EQ
NSE,XPROINDIA,XPROINDIA,11407,EQ
NSE,XTGLOBAL,XTGLOBAL,25235,EQ
NSE,YAAP,YAAP,760873,ST
NSE,YASHO,YASHO,18131,EQ
NSE,YASHOPTICS,YASHOPTICS,23451,SM
NSE,YATHARTH,YATHARTH,17738,EQ
NSE,YATRA,YATRA,18760,EQ
NSE,YCCL,YCCL,17627,SM
NSE,YESBANK,YESBANK,11915,EQ
NSE,YUDIZ,YUDIZ,18040,SM
NSE,YUKEN,YUKEN,5501,EQ
NSE,ZAGGLE,ZAGGLE,18608,EQ
NSE,ZEAL,ZEAL,17766,SM
NSE,ZEEL,ZEEL,3812,EQ
NSE,ZEELEARN,ZEELEARN,20856,BE
NSE,ZEEMEDIA,ZEEMEDIA,14003,EQ
NSE,ZENITHDRUG,ZENITHDRUG,22803,SM
NSE,ZENITHEXPO,ZENITHEXPO,4176,EQ
NSE,ZENITHSTL,ZENITHSTL,14562,EQ
NSE,ZENSARTECH,ZENSARTECH,1076,EQ
NSE,ZENTEC,ZENTEC,7508,EQ
NSE,ZFCVINDIA,ZFCVINDIA,16915,EQ
NSE,ZFSTEERING,ZFSTEERING,4229,EQ
NSE,ZIMLAB,ZIMLAB,12412,BE
NSE,ZODIAC,ZODIAC,7138,BE
NSE,ZODIACLOTH,ZODIACLOTH,3821,EQ
NSE,ZOTA,ZOTA,11394,EQ
NSE,ZSARACOM,ZSARACOM,762985,EQ
NSE,ZTECH,ZTECH,23976,SM
NSE,ZUARI,ZUARI,29050,EQ
NSE,ZUARIIND,ZUARIIND,3827,EQ
NSE,ZYDUSLIFE,ZYDUSLIFE,7929,EQ
NSE,ZYDUSWELL,ZYDUSWELL,17635,EQ
